[10.922s] DEBUG:colcon:Command line arguments: ['/usr/bin/colcon', 'build']
[10.922s] DEBUG:colcon:Parsed command line arguments: Namespace(allow_overriding=[], ament_cmake_args=None, base_paths=['.'], build_base='build', catkin_cmake_args=None, catkin_skip_building_tests=False, cmake_args=None, cmake_clean_cache=False, cmake_clean_first=False, cmake_force_configure=False, cmake_target=None, cmake_target_skip_unavailable=False, continue_on_error=False, event_handlers=None, executor='parallel', ignore_user_meta=False, install_base='install', log_base=None, log_level=None, main=<bound method BuildVerb.main of <colcon_core.verb.build.BuildVerb object at 0xffff7e78d970>>, merge_install=False, metas=['./colcon.meta'], packages_above=None, packages_above_and_dependencies=None, packages_above_depth=None, packages_end=None, packages_ignore=None, packages_ignore_regex=None, packages_select=None, packages_select_build_failed=False, packages_select_by_dep=None, packages_select_regex=None, packages_select_test_failures=False, packages_skip=None, packages_skip_build_finished=False, packages_skip_by_dep=None, packages_skip_regex=None, packages_skip_test_passed=False, packages_skip_up_to=None, packages_start=None, packages_up_to=None, packages_up_to_regex=None, parallel_workers=4, paths=None, symlink_install=False, test_result_base=None, verb_extension=<colcon_core.verb.build.BuildVerb object at 0xffff7e78d970>, verb_name='build', verb_parser=<colcon_defaults.argument_parser.defaults.DefaultArgumentsDecorator object at 0xffff7e777be0>)
[11.444s] Level 1:colcon.colcon_core.package_discovery:discover_packages(colcon_meta) check parameters
[11.444s] Level 1:colcon.colcon_core.package_discovery:discover_packages(recursive) check parameters
[11.445s] Level 1:colcon.colcon_core.package_discovery:discover_packages(ignore) check parameters
[11.445s] Level 1:colcon.colcon_core.package_discovery:discover_packages(path) check parameters
[11.445s] Level 1:colcon.colcon_core.package_discovery:discover_packages(colcon_meta) discover
[11.445s] Level 1:colcon.colcon_core.package_discovery:discover_packages(recursive) discover
[11.445s] INFO:colcon.colcon_core.package_discovery:Crawling recursively for packages in '/home/adam/Sensor-Fusion-And-Autonomous-Racing-Cars/ros_ws'
[11.446s] Level 1:colcon.colcon_core.package_identification:_identify(.) by extensions ['ignore', 'ignore_ament_install']
[11.446s] Level 1:colcon.colcon_core.package_identification:_identify(.) by extension 'ignore'
[11.446s] Level 1:colcon.colcon_core.package_identification:_identify(.) by extension 'ignore_ament_install'
[11.447s] Level 1:colcon.colcon_core.package_identification:_identify(.) by extensions ['colcon_pkg']
[11.447s] Level 1:colcon.colcon_core.package_identification:_identify(.) by extension 'colcon_pkg'
[11.447s] Level 1:colcon.colcon_core.package_identification:_identify(.) by extensions ['colcon_meta']
[11.447s] Level 1:colcon.colcon_core.package_identification:_identify(.) by extension 'colcon_meta'
[11.447s] Level 1:colcon.colcon_core.package_identification:_identify(.) by extensions ['ros']
[11.447s] Level 1:colcon.colcon_core.package_identification:_identify(.) by extension 'ros'
[11.510s] Level 1:colcon.colcon_core.package_identification:_identify(.) by extensions ['cmake', 'python']
[11.510s] Level 1:colcon.colcon_core.package_identification:_identify(.) by extension 'cmake'
[11.510s] Level 1:colcon.colcon_core.package_identification:_identify(.) by extension 'python'
[11.511s] Level 1:colcon.colcon_core.package_identification:_identify(.) by extensions ['python_setup_py']
[11.511s] Level 1:colcon.colcon_core.package_identification:_identify(.) by extension 'python_setup_py'
[11.511s] Level 1:colcon.colcon_core.package_identification:_identify(build) by extensions ['ignore', 'ignore_ament_install']
[11.512s] Level 1:colcon.colcon_core.package_identification:_identify(build) by extension 'ignore'
[11.512s] Level 1:colcon.colcon_core.package_identification:_identify(build) ignored
[11.513s] Level 1:colcon.colcon_core.package_identification:_identify(images) by extensions ['ignore', 'ignore_ament_install']
[11.513s] Level 1:colcon.colcon_core.package_identification:_identify(images) by extension 'ignore'
[11.513s] Level 1:colcon.colcon_core.package_identification:_identify(images) by extension 'ignore_ament_install'
[11.513s] Level 1:colcon.colcon_core.package_identification:_identify(images) by extensions ['colcon_pkg']
[11.514s] Level 1:colcon.colcon_core.package_identification:_identify(images) by extension 'colcon_pkg'
[11.514s] Level 1:colcon.colcon_core.package_identification:_identify(images) by extensions ['colcon_meta']
[11.514s] Level 1:colcon.colcon_core.package_identification:_identify(images) by extension 'colcon_meta'
[11.514s] Level 1:colcon.colcon_core.package_identification:_identify(images) by extensions ['ros']
[11.514s] Level 1:colcon.colcon_core.package_identification:_identify(images) by extension 'ros'
[11.515s] Level 1:colcon.colcon_core.package_identification:_identify(images) by extensions ['cmake', 'python']
[11.515s] Level 1:colcon.colcon_core.package_identification:_identify(images) by extension 'cmake'
[11.515s] Level 1:colcon.colcon_core.package_identification:_identify(images) by extension 'python'
[11.515s] Level 1:colcon.colcon_core.package_identification:_identify(images) by extensions ['python_setup_py']
[11.515s] Level 1:colcon.colcon_core.package_identification:_identify(images) by extension 'python_setup_py'
[11.516s] Level 1:colcon.colcon_core.package_identification:_identify(install) by extensions ['ignore', 'ignore_ament_install']
[11.516s] Level 1:colcon.colcon_core.package_identification:_identify(install) by extension 'ignore'
[11.516s] Level 1:colcon.colcon_core.package_identification:_identify(install) ignored
[11.529s] Level 1:colcon.colcon_core.package_identification:_identify(log) by extensions ['ignore', 'ignore_ament_install']
[11.529s] Level 1:colcon.colcon_core.package_identification:_identify(log) by extension 'ignore'
[11.530s] Level 1:colcon.colcon_core.package_identification:_identify(log) ignored
[11.530s] Level 1:colcon.colcon_core.package_identification:_identify(src) by extensions ['ignore', 'ignore_ament_install']
[11.531s] Level 1:colcon.colcon_core.package_identification:_identify(src) by extension 'ignore'
[11.531s] Level 1:colcon.colcon_core.package_identification:_identify(src) by extension 'ignore_ament_install'
[11.531s] Level 1:colcon.colcon_core.package_identification:_identify(src) by extensions ['colcon_pkg']
[11.531s] Level 1:colcon.colcon_core.package_identification:_identify(src) by extension 'colcon_pkg'
[11.532s] Level 1:colcon.colcon_core.package_identification:_identify(src) by extensions ['colcon_meta']
[11.532s] Level 1:colcon.colcon_core.package_identification:_identify(src) by extension 'colcon_meta'
[11.532s] Level 1:colcon.colcon_core.package_identification:_identify(src) by extensions ['ros']
[11.532s] Level 1:colcon.colcon_core.package_identification:_identify(src) by extension 'ros'
[11.532s] Level 1:colcon.colcon_core.package_identification:_identify(src) by extensions ['cmake', 'python']
[11.532s] Level 1:colcon.colcon_core.package_identification:_identify(src) by extension 'cmake'
[11.533s] Level 1:colcon.colcon_core.package_identification:_identify(src) by extension 'python'
[11.533s] Level 1:colcon.colcon_core.package_identification:_identify(src) by extensions ['python_setup_py']
[11.533s] Level 1:colcon.colcon_core.package_identification:_identify(src) by extension 'python_setup_py'
[11.533s] Level 1:colcon.colcon_core.package_identification:_identify(src/arc_autonomous_ctrl) by extensions ['ignore', 'ignore_ament_install']
[11.534s] Level 1:colcon.colcon_core.package_identification:_identify(src/arc_autonomous_ctrl) by extension 'ignore'
[11.534s] Level 1:colcon.colcon_core.package_identification:_identify(src/arc_autonomous_ctrl) by extension 'ignore_ament_install'
[11.534s] Level 1:colcon.colcon_core.package_identification:_identify(src/arc_autonomous_ctrl) by extensions ['colcon_pkg']
[11.534s] Level 1:colcon.colcon_core.package_identification:_identify(src/arc_autonomous_ctrl) by extension 'colcon_pkg'
[11.535s] Level 1:colcon.colcon_core.package_identification:_identify(src/arc_autonomous_ctrl) by extensions ['colcon_meta']
[11.535s] Level 1:colcon.colcon_core.package_identification:_identify(src/arc_autonomous_ctrl) by extension 'colcon_meta'
[11.535s] Level 1:colcon.colcon_core.package_identification:_identify(src/arc_autonomous_ctrl) by extensions ['ros']
[11.535s] Level 1:colcon.colcon_core.package_identification:_identify(src/arc_autonomous_ctrl) by extension 'ros'
[11.547s] DEBUG:colcon.colcon_core.package_identification:Package 'src/arc_autonomous_ctrl' with type 'ros.ament_python' and name 'arc_autonomous_ctrl'
[11.548s] Level 1:colcon.colcon_core.package_identification:_identify(src/arc_keyboard_control) by extensions ['ignore', 'ignore_ament_install']
[11.549s] Level 1:colcon.colcon_core.package_identification:_identify(src/arc_keyboard_control) by extension 'ignore'
[11.549s] Level 1:colcon.colcon_core.package_identification:_identify(src/arc_keyboard_control) by extension 'ignore_ament_install'
[11.549s] Level 1:colcon.colcon_core.package_identification:_identify(src/arc_keyboard_control) by extensions ['colcon_pkg']
[11.549s] Level 1:colcon.colcon_core.package_identification:_identify(src/arc_keyboard_control) by extension 'colcon_pkg'
[11.550s] Level 1:colcon.colcon_core.package_identification:_identify(src/arc_keyboard_control) by extensions ['colcon_meta']
[11.550s] Level 1:colcon.colcon_core.package_identification:_identify(src/arc_keyboard_control) by extension 'colcon_meta'
[11.550s] Level 1:colcon.colcon_core.package_identification:_identify(src/arc_keyboard_control) by extensions ['ros']
[11.550s] Level 1:colcon.colcon_core.package_identification:_identify(src/arc_keyboard_control) by extension 'ros'
[11.554s] DEBUG:colcon.colcon_core.package_identification:Package 'src/arc_keyboard_control' with type 'ros.ament_python' and name 'arc_keyboard_control'
[11.555s] Level 1:colcon.colcon_core.package_identification:_identify(src/arc_startup) by extensions ['ignore', 'ignore_ament_install']
[11.555s] Level 1:colcon.colcon_core.package_identification:_identify(src/arc_startup) by extension 'ignore'
[11.556s] Level 1:colcon.colcon_core.package_identification:_identify(src/arc_startup) by extension 'ignore_ament_install'
[11.556s] Level 1:colcon.colcon_core.package_identification:_identify(src/arc_startup) by extensions ['colcon_pkg']
[11.556s] Level 1:colcon.colcon_core.package_identification:_identify(src/arc_startup) by extension 'colcon_pkg'
[11.556s] Level 1:colcon.colcon_core.package_identification:_identify(src/arc_startup) by extensions ['colcon_meta']
[11.557s] Level 1:colcon.colcon_core.package_identification:_identify(src/arc_startup) by extension 'colcon_meta'
[11.557s] Level 1:colcon.colcon_core.package_identification:_identify(src/arc_startup) by extensions ['ros']
[11.557s] Level 1:colcon.colcon_core.package_identification:_identify(src/arc_startup) by extension 'ros'
[11.559s] DEBUG:colcon.colcon_core.package_identification:Package 'src/arc_startup' with type 'ros.ament_python' and name 'arc_startup'
[11.560s] Level 1:colcon.colcon_core.package_identification:_identify(src/camera_sensor) by extensions ['ignore', 'ignore_ament_install']
[11.560s] Level 1:colcon.colcon_core.package_identification:_identify(src/camera_sensor) by extension 'ignore'
[11.561s] Level 1:colcon.colcon_core.package_identification:_identify(src/camera_sensor) by extension 'ignore_ament_install'
[11.561s] Level 1:colcon.colcon_core.package_identification:_identify(src/camera_sensor) by extensions ['colcon_pkg']
[11.561s] Level 1:colcon.colcon_core.package_identification:_identify(src/camera_sensor) by extension 'colcon_pkg'
[11.561s] Level 1:colcon.colcon_core.package_identification:_identify(src/camera_sensor) by extensions ['colcon_meta']
[11.561s] Level 1:colcon.colcon_core.package_identification:_identify(src/camera_sensor) by extension 'colcon_meta'
[11.562s] Level 1:colcon.colcon_core.package_identification:_identify(src/camera_sensor) by extensions ['ros']
[11.562s] Level 1:colcon.colcon_core.package_identification:_identify(src/camera_sensor) by extension 'ros'
[11.564s] DEBUG:colcon.colcon_core.package_identification:Package 'src/camera_sensor' with type 'ros.ament_python' and name 'camera_sensor'
[11.565s] Level 1:colcon.colcon_core.package_identification:_identify(src/image_common) by extensions ['ignore', 'ignore_ament_install']
[11.565s] Level 1:colcon.colcon_core.package_identification:_identify(src/image_common) by extension 'ignore'
[11.566s] Level 1:colcon.colcon_core.package_identification:_identify(src/image_common) by extension 'ignore_ament_install'
[11.566s] Level 1:colcon.colcon_core.package_identification:_identify(src/image_common) by extensions ['colcon_pkg']
[11.566s] Level 1:colcon.colcon_core.package_identification:_identify(src/image_common) by extension 'colcon_pkg'
[11.566s] Level 1:colcon.colcon_core.package_identification:_identify(src/image_common) by extensions ['colcon_meta']
[11.566s] Level 1:colcon.colcon_core.package_identification:_identify(src/image_common) by extension 'colcon_meta'
[11.567s] Level 1:colcon.colcon_core.package_identification:_identify(src/image_common) by extensions ['ros']
[11.567s] Level 1:colcon.colcon_core.package_identification:_identify(src/image_common) by extension 'ros'
[11.567s] Level 1:colcon.colcon_core.package_identification:_identify(src/image_common) by extensions ['cmake', 'python']
[11.567s] Level 1:colcon.colcon_core.package_identification:_identify(src/image_common) by extension 'cmake'
[11.567s] Level 1:colcon.colcon_core.package_identification:_identify(src/image_common) by extension 'python'
[11.568s] Level 1:colcon.colcon_core.package_identification:_identify(src/image_common) by extensions ['python_setup_py']
[11.568s] Level 1:colcon.colcon_core.package_identification:_identify(src/image_common) by extension 'python_setup_py'
[11.568s] Level 1:colcon.colcon_core.package_identification:_identify(src/image_common/camera_calibration_parsers) by extensions ['ignore', 'ignore_ament_install']
[11.569s] Level 1:colcon.colcon_core.package_identification:_identify(src/image_common/camera_calibration_parsers) by extension 'ignore'
[11.569s] Level 1:colcon.colcon_core.package_identification:_identify(src/image_common/camera_calibration_parsers) by extension 'ignore_ament_install'
[11.569s] Level 1:colcon.colcon_core.package_identification:_identify(src/image_common/camera_calibration_parsers) by extensions ['colcon_pkg']
[11.569s] Level 1:colcon.colcon_core.package_identification:_identify(src/image_common/camera_calibration_parsers) by extension 'colcon_pkg'
[11.569s] Level 1:colcon.colcon_core.package_identification:_identify(src/image_common/camera_calibration_parsers) by extensions ['colcon_meta']
[11.570s] Level 1:colcon.colcon_core.package_identification:_identify(src/image_common/camera_calibration_parsers) by extension 'colcon_meta'
[11.570s] Level 1:colcon.colcon_core.package_identification:_identify(src/image_common/camera_calibration_parsers) by extensions ['ros']
[11.570s] Level 1:colcon.colcon_core.package_identification:_identify(src/image_common/camera_calibration_parsers) by extension 'ros'
[11.574s] DEBUG:colcon.colcon_core.package_identification:Package 'src/image_common/camera_calibration_parsers' with type 'ros.ament_cmake' and name 'camera_calibration_parsers'
[11.575s] Level 1:colcon.colcon_core.package_identification:_identify(src/image_common/camera_info_manager) by extensions ['ignore', 'ignore_ament_install']
[11.575s] Level 1:colcon.colcon_core.package_identification:_identify(src/image_common/camera_info_manager) by extension 'ignore'
[11.575s] Level 1:colcon.colcon_core.package_identification:_identify(src/image_common/camera_info_manager) by extension 'ignore_ament_install'
[11.576s] Level 1:colcon.colcon_core.package_identification:_identify(src/image_common/camera_info_manager) by extensions ['colcon_pkg']
[11.576s] Level 1:colcon.colcon_core.package_identification:_identify(src/image_common/camera_info_manager) by extension 'colcon_pkg'
[11.576s] Level 1:colcon.colcon_core.package_identification:_identify(src/image_common/camera_info_manager) by extensions ['colcon_meta']
[11.577s] Level 1:colcon.colcon_core.package_identification:_identify(src/image_common/camera_info_manager) by extension 'colcon_meta'
[11.577s] Level 1:colcon.colcon_core.package_identification:_identify(src/image_common/camera_info_manager) by extensions ['ros']
[11.577s] Level 1:colcon.colcon_core.package_identification:_identify(src/image_common/camera_info_manager) by extension 'ros'
[11.581s] DEBUG:colcon.colcon_core.package_identification:Package 'src/image_common/camera_info_manager' with type 'ros.ament_cmake' and name 'camera_info_manager'
[11.582s] Level 1:colcon.colcon_core.package_identification:_identify(src/image_common/image_common) by extensions ['ignore', 'ignore_ament_install']
[11.582s] Level 1:colcon.colcon_core.package_identification:_identify(src/image_common/image_common) by extension 'ignore'
[11.582s] Level 1:colcon.colcon_core.package_identification:_identify(src/image_common/image_common) by extension 'ignore_ament_install'
[11.583s] Level 1:colcon.colcon_core.package_identification:_identify(src/image_common/image_common) by extensions ['colcon_pkg']
[11.583s] Level 1:colcon.colcon_core.package_identification:_identify(src/image_common/image_common) by extension 'colcon_pkg'
[11.583s] Level 1:colcon.colcon_core.package_identification:_identify(src/image_common/image_common) by extensions ['colcon_meta']
[11.583s] Level 1:colcon.colcon_core.package_identification:_identify(src/image_common/image_common) by extension 'colcon_meta'
[11.583s] Level 1:colcon.colcon_core.package_identification:_identify(src/image_common/image_common) by extensions ['ros']
[11.583s] Level 1:colcon.colcon_core.package_identification:_identify(src/image_common/image_common) by extension 'ros'
[11.587s] DEBUG:colcon.colcon_core.package_identification:Package 'src/image_common/image_common' with type 'ros.ament_cmake' and name 'image_common'
[11.587s] Level 1:colcon.colcon_core.package_identification:_identify(src/image_common/image_transport) by extensions ['ignore', 'ignore_ament_install']
[11.588s] Level 1:colcon.colcon_core.package_identification:_identify(src/image_common/image_transport) by extension 'ignore'
[11.588s] Level 1:colcon.colcon_core.package_identification:_identify(src/image_common/image_transport) by extension 'ignore_ament_install'
[11.588s] Level 1:colcon.colcon_core.package_identification:_identify(src/image_common/image_transport) by extensions ['colcon_pkg']
[11.588s] Level 1:colcon.colcon_core.package_identification:_identify(src/image_common/image_transport) by extension 'colcon_pkg'
[11.589s] Level 1:colcon.colcon_core.package_identification:_identify(src/image_common/image_transport) by extensions ['colcon_meta']
[11.589s] Level 1:colcon.colcon_core.package_identification:_identify(src/image_common/image_transport) by extension 'colcon_meta'
[11.589s] Level 1:colcon.colcon_core.package_identification:_identify(src/image_common/image_transport) by extensions ['ros']
[11.589s] Level 1:colcon.colcon_core.package_identification:_identify(src/image_common/image_transport) by extension 'ros'
[11.593s] DEBUG:colcon.colcon_core.package_identification:Package 'src/image_common/image_transport' with type 'ros.ament_cmake' and name 'image_transport'
[11.594s] Level 1:colcon.colcon_core.package_identification:_identify(src/image_common/polled_camera) by extensions ['ignore', 'ignore_ament_install']
[11.594s] Level 1:colcon.colcon_core.package_identification:_identify(src/image_common/polled_camera) by extension 'ignore'
[11.594s] Level 1:colcon.colcon_core.package_identification:_identify(src/image_common/polled_camera) ignored
[11.595s] Level 1:colcon.colcon_core.package_identification:_identify(src/image_transport_plugins) by extensions ['ignore', 'ignore_ament_install']
[11.595s] Level 1:colcon.colcon_core.package_identification:_identify(src/image_transport_plugins) by extension 'ignore'
[11.595s] Level 1:colcon.colcon_core.package_identification:_identify(src/image_transport_plugins) by extension 'ignore_ament_install'
[11.596s] Level 1:colcon.colcon_core.package_identification:_identify(src/image_transport_plugins) by extensions ['colcon_pkg']
[11.596s] Level 1:colcon.colcon_core.package_identification:_identify(src/image_transport_plugins) by extension 'colcon_pkg'
[11.596s] Level 1:colcon.colcon_core.package_identification:_identify(src/image_transport_plugins) by extensions ['colcon_meta']
[11.597s] Level 1:colcon.colcon_core.package_identification:_identify(src/image_transport_plugins) by extension 'colcon_meta'
[11.597s] Level 1:colcon.colcon_core.package_identification:_identify(src/image_transport_plugins) by extensions ['ros']
[11.597s] Level 1:colcon.colcon_core.package_identification:_identify(src/image_transport_plugins) by extension 'ros'
[11.598s] Level 1:colcon.colcon_core.package_identification:_identify(src/image_transport_plugins) by extensions ['cmake', 'python']
[11.598s] Level 1:colcon.colcon_core.package_identification:_identify(src/image_transport_plugins) by extension 'cmake'
[11.598s] Level 1:colcon.colcon_core.package_identification:_identify(src/image_transport_plugins) by extension 'python'
[11.598s] Level 1:colcon.colcon_core.package_identification:_identify(src/image_transport_plugins) by extensions ['python_setup_py']
[11.599s] Level 1:colcon.colcon_core.package_identification:_identify(src/image_transport_plugins) by extension 'python_setup_py'
[11.599s] Level 1:colcon.colcon_core.package_identification:_identify(src/image_transport_plugins/compressed_depth_image_transport) by extensions ['ignore', 'ignore_ament_install']
[11.600s] Level 1:colcon.colcon_core.package_identification:_identify(src/image_transport_plugins/compressed_depth_image_transport) by extension 'ignore'
[11.600s] Level 1:colcon.colcon_core.package_identification:_identify(src/image_transport_plugins/compressed_depth_image_transport) by extension 'ignore_ament_install'
[11.600s] Level 1:colcon.colcon_core.package_identification:_identify(src/image_transport_plugins/compressed_depth_image_transport) by extensions ['colcon_pkg']
[11.600s] Level 1:colcon.colcon_core.package_identification:_identify(src/image_transport_plugins/compressed_depth_image_transport) by extension 'colcon_pkg'
[11.601s] Level 1:colcon.colcon_core.package_identification:_identify(src/image_transport_plugins/compressed_depth_image_transport) by extensions ['colcon_meta']
[11.601s] Level 1:colcon.colcon_core.package_identification:_identify(src/image_transport_plugins/compressed_depth_image_transport) by extension 'colcon_meta'
[11.601s] Level 1:colcon.colcon_core.package_identification:_identify(src/image_transport_plugins/compressed_depth_image_transport) by extensions ['ros']
[11.601s] Level 1:colcon.colcon_core.package_identification:_identify(src/image_transport_plugins/compressed_depth_image_transport) by extension 'ros'
[11.604s] DEBUG:colcon.colcon_core.package_identification:Package 'src/image_transport_plugins/compressed_depth_image_transport' with type 'ros.ament_cmake' and name 'compressed_depth_image_transport'
[11.605s] Level 1:colcon.colcon_core.package_identification:_identify(src/image_transport_plugins/compressed_image_transport) by extensions ['ignore', 'ignore_ament_install']
[11.605s] Level 1:colcon.colcon_core.package_identification:_identify(src/image_transport_plugins/compressed_image_transport) by extension 'ignore'
[11.606s] Level 1:colcon.colcon_core.package_identification:_identify(src/image_transport_plugins/compressed_image_transport) by extension 'ignore_ament_install'
[11.606s] Level 1:colcon.colcon_core.package_identification:_identify(src/image_transport_plugins/compressed_image_transport) by extensions ['colcon_pkg']
[11.606s] Level 1:colcon.colcon_core.package_identification:_identify(src/image_transport_plugins/compressed_image_transport) by extension 'colcon_pkg'
[11.606s] Level 1:colcon.colcon_core.package_identification:_identify(src/image_transport_plugins/compressed_image_transport) by extensions ['colcon_meta']
[11.606s] Level 1:colcon.colcon_core.package_identification:_identify(src/image_transport_plugins/compressed_image_transport) by extension 'colcon_meta'
[11.607s] Level 1:colcon.colcon_core.package_identification:_identify(src/image_transport_plugins/compressed_image_transport) by extensions ['ros']
[11.607s] Level 1:colcon.colcon_core.package_identification:_identify(src/image_transport_plugins/compressed_image_transport) by extension 'ros'
[11.609s] DEBUG:colcon.colcon_core.package_identification:Package 'src/image_transport_plugins/compressed_image_transport' with type 'ros.ament_cmake' and name 'compressed_image_transport'
[11.610s] Level 1:colcon.colcon_core.package_identification:_identify(src/image_transport_plugins/image_transport_plugins) by extensions ['ignore', 'ignore_ament_install']
[11.611s] Level 1:colcon.colcon_core.package_identification:_identify(src/image_transport_plugins/image_transport_plugins) by extension 'ignore'
[11.611s] Level 1:colcon.colcon_core.package_identification:_identify(src/image_transport_plugins/image_transport_plugins) by extension 'ignore_ament_install'
[11.611s] Level 1:colcon.colcon_core.package_identification:_identify(src/image_transport_plugins/image_transport_plugins) by extensions ['colcon_pkg']
[11.611s] Level 1:colcon.colcon_core.package_identification:_identify(src/image_transport_plugins/image_transport_plugins) by extension 'colcon_pkg'
[11.611s] Level 1:colcon.colcon_core.package_identification:_identify(src/image_transport_plugins/image_transport_plugins) by extensions ['colcon_meta']
[11.612s] Level 1:colcon.colcon_core.package_identification:_identify(src/image_transport_plugins/image_transport_plugins) by extension 'colcon_meta'
[11.612s] Level 1:colcon.colcon_core.package_identification:_identify(src/image_transport_plugins/image_transport_plugins) by extensions ['ros']
[11.612s] Level 1:colcon.colcon_core.package_identification:_identify(src/image_transport_plugins/image_transport_plugins) by extension 'ros'
[11.615s] DEBUG:colcon.colcon_core.package_identification:Package 'src/image_transport_plugins/image_transport_plugins' with type 'ros.ament_cmake' and name 'image_transport_plugins'
[11.615s] Level 1:colcon.colcon_core.package_identification:_identify(src/image_transport_plugins/theora_image_transport) by extensions ['ignore', 'ignore_ament_install']
[11.616s] Level 1:colcon.colcon_core.package_identification:_identify(src/image_transport_plugins/theora_image_transport) by extension 'ignore'
[11.616s] Level 1:colcon.colcon_core.package_identification:_identify(src/image_transport_plugins/theora_image_transport) by extension 'ignore_ament_install'
[11.616s] Level 1:colcon.colcon_core.package_identification:_identify(src/image_transport_plugins/theora_image_transport) by extensions ['colcon_pkg']
[11.616s] Level 1:colcon.colcon_core.package_identification:_identify(src/image_transport_plugins/theora_image_transport) by extension 'colcon_pkg'
[11.616s] Level 1:colcon.colcon_core.package_identification:_identify(src/image_transport_plugins/theora_image_transport) by extensions ['colcon_meta']
[11.617s] Level 1:colcon.colcon_core.package_identification:_identify(src/image_transport_plugins/theora_image_transport) by extension 'colcon_meta'
[11.617s] Level 1:colcon.colcon_core.package_identification:_identify(src/image_transport_plugins/theora_image_transport) by extensions ['ros']
[11.617s] Level 1:colcon.colcon_core.package_identification:_identify(src/image_transport_plugins/theora_image_transport) by extension 'ros'
[11.622s] DEBUG:colcon.colcon_core.package_identification:Package 'src/image_transport_plugins/theora_image_transport' with type 'ros.ament_cmake' and name 'theora_image_transport'
[11.623s] Level 1:colcon.colcon_core.package_identification:_identify(src/ldlidar_ros2) by extensions ['ignore', 'ignore_ament_install']
[11.623s] Level 1:colcon.colcon_core.package_identification:_identify(src/ldlidar_ros2) by extension 'ignore'
[11.623s] Level 1:colcon.colcon_core.package_identification:_identify(src/ldlidar_ros2) by extension 'ignore_ament_install'
[11.624s] Level 1:colcon.colcon_core.package_identification:_identify(src/ldlidar_ros2) by extensions ['colcon_pkg']
[11.624s] Level 1:colcon.colcon_core.package_identification:_identify(src/ldlidar_ros2) by extension 'colcon_pkg'
[11.624s] Level 1:colcon.colcon_core.package_identification:_identify(src/ldlidar_ros2) by extensions ['colcon_meta']
[11.624s] Level 1:colcon.colcon_core.package_identification:_identify(src/ldlidar_ros2) by extension 'colcon_meta'
[11.624s] Level 1:colcon.colcon_core.package_identification:_identify(src/ldlidar_ros2) by extensions ['ros']
[11.624s] Level 1:colcon.colcon_core.package_identification:_identify(src/ldlidar_ros2) by extension 'ros'
[11.627s] DEBUG:colcon.colcon_core.package_identification:Package 'src/ldlidar_ros2' with type 'ros.ament_cmake' and name 'ldlidar_ros2'
[11.628s] Level 1:colcon.colcon_core.package_identification:_identify(src/log) by extensions ['ignore', 'ignore_ament_install']
[11.628s] Level 1:colcon.colcon_core.package_identification:_identify(src/log) by extension 'ignore'
[11.629s] Level 1:colcon.colcon_core.package_identification:_identify(src/log) ignored
[11.629s] Level 1:colcon.colcon_core.package_identification:_identify(src/motor_controller) by extensions ['ignore', 'ignore_ament_install']
[11.629s] Level 1:colcon.colcon_core.package_identification:_identify(src/motor_controller) by extension 'ignore'
[11.630s] Level 1:colcon.colcon_core.package_identification:_identify(src/motor_controller) by extension 'ignore_ament_install'
[11.630s] Level 1:colcon.colcon_core.package_identification:_identify(src/motor_controller) by extensions ['colcon_pkg']
[11.630s] Level 1:colcon.colcon_core.package_identification:_identify(src/motor_controller) by extension 'colcon_pkg'
[11.630s] Level 1:colcon.colcon_core.package_identification:_identify(src/motor_controller) by extensions ['colcon_meta']
[11.631s] Level 1:colcon.colcon_core.package_identification:_identify(src/motor_controller) by extension 'colcon_meta'
[11.631s] Level 1:colcon.colcon_core.package_identification:_identify(src/motor_controller) by extensions ['ros']
[11.631s] Level 1:colcon.colcon_core.package_identification:_identify(src/motor_controller) by extension 'ros'
[11.634s] DEBUG:colcon.colcon_core.package_identification:Package 'src/motor_controller' with type 'ros.ament_python' and name 'motor_controller'
[11.634s] Level 1:colcon.colcon_core.package_identification:_identify(src/servo_controller) by extensions ['ignore', 'ignore_ament_install']
[11.635s] Level 1:colcon.colcon_core.package_identification:_identify(src/servo_controller) by extension 'ignore'
[11.635s] Level 1:colcon.colcon_core.package_identification:_identify(src/servo_controller) by extension 'ignore_ament_install'
[11.635s] Level 1:colcon.colcon_core.package_identification:_identify(src/servo_controller) by extensions ['colcon_pkg']
[11.635s] Level 1:colcon.colcon_core.package_identification:_identify(src/servo_controller) by extension 'colcon_pkg'
[11.636s] Level 1:colcon.colcon_core.package_identification:_identify(src/servo_controller) by extensions ['colcon_meta']
[11.636s] Level 1:colcon.colcon_core.package_identification:_identify(src/servo_controller) by extension 'colcon_meta'
[11.636s] Level 1:colcon.colcon_core.package_identification:_identify(src/servo_controller) by extensions ['ros']
[11.636s] Level 1:colcon.colcon_core.package_identification:_identify(src/servo_controller) by extension 'ros'
[11.639s] DEBUG:colcon.colcon_core.package_identification:Package 'src/servo_controller' with type 'ros.ament_python' and name 'servo_controller'
[11.640s] Level 1:colcon.colcon_core.package_identification:_identify(src/steering_test_pkg) by extensions ['ignore', 'ignore_ament_install']
[11.640s] Level 1:colcon.colcon_core.package_identification:_identify(src/steering_test_pkg) by extension 'ignore'
[11.640s] Level 1:colcon.colcon_core.package_identification:_identify(src/steering_test_pkg) by extension 'ignore_ament_install'
[11.640s] Level 1:colcon.colcon_core.package_identification:_identify(src/steering_test_pkg) by extensions ['colcon_pkg']
[11.641s] Level 1:colcon.colcon_core.package_identification:_identify(src/steering_test_pkg) by extension 'colcon_pkg'
[11.641s] Level 1:colcon.colcon_core.package_identification:_identify(src/steering_test_pkg) by extensions ['colcon_meta']
[11.641s] Level 1:colcon.colcon_core.package_identification:_identify(src/steering_test_pkg) by extension 'colcon_meta'
[11.641s] Level 1:colcon.colcon_core.package_identification:_identify(src/steering_test_pkg) by extensions ['ros']
[11.641s] Level 1:colcon.colcon_core.package_identification:_identify(src/steering_test_pkg) by extension 'ros'
[11.644s] DEBUG:colcon.colcon_core.package_identification:Package 'src/steering_test_pkg' with type 'ros.ament_python' and name 'steering_test_pkg'
[11.645s] Level 1:colcon.colcon_core.package_identification:_identify(src/transport_drivers) by extensions ['ignore', 'ignore_ament_install']
[11.645s] Level 1:colcon.colcon_core.package_identification:_identify(src/transport_drivers) by extension 'ignore'
[11.646s] Level 1:colcon.colcon_core.package_identification:_identify(src/transport_drivers) by extension 'ignore_ament_install'
[11.646s] Level 1:colcon.colcon_core.package_identification:_identify(src/transport_drivers) by extensions ['colcon_pkg']
[11.646s] Level 1:colcon.colcon_core.package_identification:_identify(src/transport_drivers) by extension 'colcon_pkg'
[11.646s] Level 1:colcon.colcon_core.package_identification:_identify(src/transport_drivers) by extensions ['colcon_meta']
[11.647s] Level 1:colcon.colcon_core.package_identification:_identify(src/transport_drivers) by extension 'colcon_meta'
[11.647s] Level 1:colcon.colcon_core.package_identification:_identify(src/transport_drivers) by extensions ['ros']
[11.647s] Level 1:colcon.colcon_core.package_identification:_identify(src/transport_drivers) by extension 'ros'
[11.647s] Level 1:colcon.colcon_core.package_identification:_identify(src/transport_drivers) by extensions ['cmake', 'python']
[11.647s] Level 1:colcon.colcon_core.package_identification:_identify(src/transport_drivers) by extension 'cmake'
[11.648s] Level 1:colcon.colcon_core.package_identification:_identify(src/transport_drivers) by extension 'python'
[11.648s] Level 1:colcon.colcon_core.package_identification:_identify(src/transport_drivers) by extensions ['python_setup_py']
[11.648s] Level 1:colcon.colcon_core.package_identification:_identify(src/transport_drivers) by extension 'python_setup_py'
[11.648s] Level 1:colcon.colcon_core.package_identification:_identify(src/transport_drivers/asio_cmake_module) by extensions ['ignore', 'ignore_ament_install']
[11.649s] Level 1:colcon.colcon_core.package_identification:_identify(src/transport_drivers/asio_cmake_module) by extension 'ignore'
[11.649s] Level 1:colcon.colcon_core.package_identification:_identify(src/transport_drivers/asio_cmake_module) by extension 'ignore_ament_install'
[11.649s] Level 1:colcon.colcon_core.package_identification:_identify(src/transport_drivers/asio_cmake_module) by extensions ['colcon_pkg']
[11.649s] Level 1:colcon.colcon_core.package_identification:_identify(src/transport_drivers/asio_cmake_module) by extension 'colcon_pkg'
[11.650s] Level 1:colcon.colcon_core.package_identification:_identify(src/transport_drivers/asio_cmake_module) by extensions ['colcon_meta']
[11.650s] Level 1:colcon.colcon_core.package_identification:_identify(src/transport_drivers/asio_cmake_module) by extension 'colcon_meta'
[11.650s] Level 1:colcon.colcon_core.package_identification:_identify(src/transport_drivers/asio_cmake_module) by extensions ['ros']
[11.650s] Level 1:colcon.colcon_core.package_identification:_identify(src/transport_drivers/asio_cmake_module) by extension 'ros'
[11.653s] DEBUG:colcon.colcon_core.package_identification:Package 'src/transport_drivers/asio_cmake_module' with type 'ros.ament_cmake' and name 'asio_cmake_module'
[11.653s] Level 1:colcon.colcon_core.package_identification:_identify(src/transport_drivers/io_context) by extensions ['ignore', 'ignore_ament_install']
[11.654s] Level 1:colcon.colcon_core.package_identification:_identify(src/transport_drivers/io_context) by extension 'ignore'
[11.654s] Level 1:colcon.colcon_core.package_identification:_identify(src/transport_drivers/io_context) by extension 'ignore_ament_install'
[11.654s] Level 1:colcon.colcon_core.package_identification:_identify(src/transport_drivers/io_context) by extensions ['colcon_pkg']
[11.654s] Level 1:colcon.colcon_core.package_identification:_identify(src/transport_drivers/io_context) by extension 'colcon_pkg'
[11.655s] Level 1:colcon.colcon_core.package_identification:_identify(src/transport_drivers/io_context) by extensions ['colcon_meta']
[11.655s] Level 1:colcon.colcon_core.package_identification:_identify(src/transport_drivers/io_context) by extension 'colcon_meta'
[11.655s] Level 1:colcon.colcon_core.package_identification:_identify(src/transport_drivers/io_context) by extensions ['ros']
[11.655s] Level 1:colcon.colcon_core.package_identification:_identify(src/transport_drivers/io_context) by extension 'ros'
[11.659s] DEBUG:colcon.colcon_core.package_identification:Package 'src/transport_drivers/io_context' with type 'ros.ament_cmake' and name 'io_context'
[11.660s] Level 1:colcon.colcon_core.package_identification:_identify(src/transport_drivers/serial_driver) by extensions ['ignore', 'ignore_ament_install']
[11.660s] Level 1:colcon.colcon_core.package_identification:_identify(src/transport_drivers/serial_driver) by extension 'ignore'
[11.661s] Level 1:colcon.colcon_core.package_identification:_identify(src/transport_drivers/serial_driver) by extension 'ignore_ament_install'
[11.661s] Level 1:colcon.colcon_core.package_identification:_identify(src/transport_drivers/serial_driver) by extensions ['colcon_pkg']
[11.661s] Level 1:colcon.colcon_core.package_identification:_identify(src/transport_drivers/serial_driver) by extension 'colcon_pkg'
[11.661s] Level 1:colcon.colcon_core.package_identification:_identify(src/transport_drivers/serial_driver) by extensions ['colcon_meta']
[11.661s] Level 1:colcon.colcon_core.package_identification:_identify(src/transport_drivers/serial_driver) by extension 'colcon_meta'
[11.662s] Level 1:colcon.colcon_core.package_identification:_identify(src/transport_drivers/serial_driver) by extensions ['ros']
[11.662s] Level 1:colcon.colcon_core.package_identification:_identify(src/transport_drivers/serial_driver) by extension 'ros'
[11.666s] DEBUG:colcon.colcon_core.package_identification:Package 'src/transport_drivers/serial_driver' with type 'ros.ament_cmake' and name 'serial_driver'
[11.667s] Level 1:colcon.colcon_core.package_identification:_identify(src/transport_drivers/udp_driver) by extensions ['ignore', 'ignore_ament_install']
[11.667s] Level 1:colcon.colcon_core.package_identification:_identify(src/transport_drivers/udp_driver) by extension 'ignore'
[11.667s] Level 1:colcon.colcon_core.package_identification:_identify(src/transport_drivers/udp_driver) by extension 'ignore_ament_install'
[11.668s] Level 1:colcon.colcon_core.package_identification:_identify(src/transport_drivers/udp_driver) by extensions ['colcon_pkg']
[11.668s] Level 1:colcon.colcon_core.package_identification:_identify(src/transport_drivers/udp_driver) by extension 'colcon_pkg'
[11.668s] Level 1:colcon.colcon_core.package_identification:_identify(src/transport_drivers/udp_driver) by extensions ['colcon_meta']
[11.668s] Level 1:colcon.colcon_core.package_identification:_identify(src/transport_drivers/udp_driver) by extension 'colcon_meta'
[11.668s] Level 1:colcon.colcon_core.package_identification:_identify(src/transport_drivers/udp_driver) by extensions ['ros']
[11.669s] Level 1:colcon.colcon_core.package_identification:_identify(src/transport_drivers/udp_driver) by extension 'ros'
[11.673s] DEBUG:colcon.colcon_core.package_identification:Package 'src/transport_drivers/udp_driver' with type 'ros.ament_cmake' and name 'udp_driver'
[11.674s] Level 1:colcon.colcon_core.package_identification:_identify(src/v4l2_camera) by extensions ['ignore', 'ignore_ament_install']
[11.674s] Level 1:colcon.colcon_core.package_identification:_identify(src/v4l2_camera) by extension 'ignore'
[11.675s] Level 1:colcon.colcon_core.package_identification:_identify(src/v4l2_camera) by extension 'ignore_ament_install'
[11.675s] Level 1:colcon.colcon_core.package_identification:_identify(src/v4l2_camera) by extensions ['colcon_pkg']
[11.675s] Level 1:colcon.colcon_core.package_identification:_identify(src/v4l2_camera) by extension 'colcon_pkg'
[11.675s] Level 1:colcon.colcon_core.package_identification:_identify(src/v4l2_camera) by extensions ['colcon_meta']
[11.676s] Level 1:colcon.colcon_core.package_identification:_identify(src/v4l2_camera) by extension 'colcon_meta'
[11.676s] Level 1:colcon.colcon_core.package_identification:_identify(src/v4l2_camera) by extensions ['ros']
[11.676s] Level 1:colcon.colcon_core.package_identification:_identify(src/v4l2_camera) by extension 'ros'
[11.679s] DEBUG:colcon.colcon_core.package_identification:Package 'src/v4l2_camera' with type 'ros.ament_cmake' and name 'v4l2_camera'
[11.680s] Level 1:colcon.colcon_core.package_identification:_identify(src/vesc_driver) by extensions ['ignore', 'ignore_ament_install']
[11.681s] Level 1:colcon.colcon_core.package_identification:_identify(src/vesc_driver) by extension 'ignore'
[11.681s] Level 1:colcon.colcon_core.package_identification:_identify(src/vesc_driver) by extension 'ignore_ament_install'
[11.681s] Level 1:colcon.colcon_core.package_identification:_identify(src/vesc_driver) by extensions ['colcon_pkg']
[11.681s] Level 1:colcon.colcon_core.package_identification:_identify(src/vesc_driver) by extension 'colcon_pkg'
[11.681s] Level 1:colcon.colcon_core.package_identification:_identify(src/vesc_driver) by extensions ['colcon_meta']
[11.682s] Level 1:colcon.colcon_core.package_identification:_identify(src/vesc_driver) by extension 'colcon_meta'
[11.682s] Level 1:colcon.colcon_core.package_identification:_identify(src/vesc_driver) by extensions ['ros']
[11.682s] Level 1:colcon.colcon_core.package_identification:_identify(src/vesc_driver) by extension 'ros'
[11.682s] Level 1:colcon.colcon_core.package_identification:_identify(src/vesc_driver) by extensions ['cmake', 'python']
[11.682s] Level 1:colcon.colcon_core.package_identification:_identify(src/vesc_driver) by extension 'cmake'
[11.683s] Level 1:colcon.colcon_core.package_identification:_identify(src/vesc_driver) by extension 'python'
[11.683s] Level 1:colcon.colcon_core.package_identification:_identify(src/vesc_driver) by extensions ['python_setup_py']
[11.683s] Level 1:colcon.colcon_core.package_identification:_identify(src/vesc_driver) by extension 'python_setup_py'
[11.683s] Level 1:colcon.colcon_core.package_identification:_identify(src/vesc_driver/vesc) by extensions ['ignore', 'ignore_ament_install']
[11.684s] Level 1:colcon.colcon_core.package_identification:_identify(src/vesc_driver/vesc) by extension 'ignore'
[11.684s] Level 1:colcon.colcon_core.package_identification:_identify(src/vesc_driver/vesc) by extension 'ignore_ament_install'
[11.684s] Level 1:colcon.colcon_core.package_identification:_identify(src/vesc_driver/vesc) by extensions ['colcon_pkg']
[11.684s] Level 1:colcon.colcon_core.package_identification:_identify(src/vesc_driver/vesc) by extension 'colcon_pkg'
[11.684s] Level 1:colcon.colcon_core.package_identification:_identify(src/vesc_driver/vesc) by extensions ['colcon_meta']
[11.685s] Level 1:colcon.colcon_core.package_identification:_identify(src/vesc_driver/vesc) by extension 'colcon_meta'
[11.685s] Level 1:colcon.colcon_core.package_identification:_identify(src/vesc_driver/vesc) by extensions ['ros']
[11.685s] Level 1:colcon.colcon_core.package_identification:_identify(src/vesc_driver/vesc) by extension 'ros'
[11.688s] DEBUG:colcon.colcon_core.package_identification:Package 'src/vesc_driver/vesc' with type 'ros.ament_cmake' and name 'vesc'
[11.689s] Level 1:colcon.colcon_core.package_identification:_identify(src/vesc_driver/vesc_ackermann) by extensions ['ignore', 'ignore_ament_install']
[11.689s] Level 1:colcon.colcon_core.package_identification:_identify(src/vesc_driver/vesc_ackermann) by extension 'ignore'
[11.689s] Level 1:colcon.colcon_core.package_identification:_identify(src/vesc_driver/vesc_ackermann) by extension 'ignore_ament_install'
[11.690s] Level 1:colcon.colcon_core.package_identification:_identify(src/vesc_driver/vesc_ackermann) by extensions ['colcon_pkg']
[11.690s] Level 1:colcon.colcon_core.package_identification:_identify(src/vesc_driver/vesc_ackermann) by extension 'colcon_pkg'
[11.690s] Level 1:colcon.colcon_core.package_identification:_identify(src/vesc_driver/vesc_ackermann) by extensions ['colcon_meta']
[11.690s] Level 1:colcon.colcon_core.package_identification:_identify(src/vesc_driver/vesc_ackermann) by extension 'colcon_meta'
[11.690s] Level 1:colcon.colcon_core.package_identification:_identify(src/vesc_driver/vesc_ackermann) by extensions ['ros']
[11.690s] Level 1:colcon.colcon_core.package_identification:_identify(src/vesc_driver/vesc_ackermann) by extension 'ros'
[11.695s] DEBUG:colcon.colcon_core.package_identification:Package 'src/vesc_driver/vesc_ackermann' with type 'ros.ament_cmake' and name 'vesc_ackermann'
[11.696s] Level 1:colcon.colcon_core.package_identification:_identify(src/vesc_driver/vesc_driver) by extensions ['ignore', 'ignore_ament_install']
[11.696s] Level 1:colcon.colcon_core.package_identification:_identify(src/vesc_driver/vesc_driver) by extension 'ignore'
[11.696s] Level 1:colcon.colcon_core.package_identification:_identify(src/vesc_driver/vesc_driver) by extension 'ignore_ament_install'
[11.697s] Level 1:colcon.colcon_core.package_identification:_identify(src/vesc_driver/vesc_driver) by extensions ['colcon_pkg']
[11.697s] Level 1:colcon.colcon_core.package_identification:_identify(src/vesc_driver/vesc_driver) by extension 'colcon_pkg'
[11.697s] Level 1:colcon.colcon_core.package_identification:_identify(src/vesc_driver/vesc_driver) by extensions ['colcon_meta']
[11.697s] Level 1:colcon.colcon_core.package_identification:_identify(src/vesc_driver/vesc_driver) by extension 'colcon_meta'
[11.697s] Level 1:colcon.colcon_core.package_identification:_identify(src/vesc_driver/vesc_driver) by extensions ['ros']
[11.697s] Level 1:colcon.colcon_core.package_identification:_identify(src/vesc_driver/vesc_driver) by extension 'ros'
[11.702s] DEBUG:colcon.colcon_core.package_identification:Package 'src/vesc_driver/vesc_driver' with type 'ros.ament_cmake' and name 'vesc_driver'
[11.702s] Level 1:colcon.colcon_core.package_identification:_identify(src/vesc_driver/vesc_msgs) by extensions ['ignore', 'ignore_ament_install']
[11.703s] Level 1:colcon.colcon_core.package_identification:_identify(src/vesc_driver/vesc_msgs) by extension 'ignore'
[11.703s] Level 1:colcon.colcon_core.package_identification:_identify(src/vesc_driver/vesc_msgs) by extension 'ignore_ament_install'
[11.703s] Level 1:colcon.colcon_core.package_identification:_identify(src/vesc_driver/vesc_msgs) by extensions ['colcon_pkg']
[11.704s] Level 1:colcon.colcon_core.package_identification:_identify(src/vesc_driver/vesc_msgs) by extension 'colcon_pkg'
[11.704s] Level 1:colcon.colcon_core.package_identification:_identify(src/vesc_driver/vesc_msgs) by extensions ['colcon_meta']
[11.704s] Level 1:colcon.colcon_core.package_identification:_identify(src/vesc_driver/vesc_msgs) by extension 'colcon_meta'
[11.704s] Level 1:colcon.colcon_core.package_identification:_identify(src/vesc_driver/vesc_msgs) by extensions ['ros']
[11.704s] Level 1:colcon.colcon_core.package_identification:_identify(src/vesc_driver/vesc_msgs) by extension 'ros'
[11.708s] DEBUG:colcon.colcon_core.package_identification:Package 'src/vesc_driver/vesc_msgs' with type 'ros.ament_cmake' and name 'vesc_msgs'
[11.709s] Level 1:colcon.colcon_core.package_identification:_identify(src/vision_opencv) by extensions ['ignore', 'ignore_ament_install']
[11.709s] Level 1:colcon.colcon_core.package_identification:_identify(src/vision_opencv) by extension 'ignore'
[11.710s] Level 1:colcon.colcon_core.package_identification:_identify(src/vision_opencv) by extension 'ignore_ament_install'
[11.710s] Level 1:colcon.colcon_core.package_identification:_identify(src/vision_opencv) by extensions ['colcon_pkg']
[11.710s] Level 1:colcon.colcon_core.package_identification:_identify(src/vision_opencv) by extension 'colcon_pkg'
[11.710s] Level 1:colcon.colcon_core.package_identification:_identify(src/vision_opencv) by extensions ['colcon_meta']
[11.710s] Level 1:colcon.colcon_core.package_identification:_identify(src/vision_opencv) by extension 'colcon_meta'
[11.711s] Level 1:colcon.colcon_core.package_identification:_identify(src/vision_opencv) by extensions ['ros']
[11.711s] Level 1:colcon.colcon_core.package_identification:_identify(src/vision_opencv) by extension 'ros'
[11.711s] Level 1:colcon.colcon_core.package_identification:_identify(src/vision_opencv) by extensions ['cmake', 'python']
[11.711s] Level 1:colcon.colcon_core.package_identification:_identify(src/vision_opencv) by extension 'cmake'
[11.712s] Level 1:colcon.colcon_core.package_identification:_identify(src/vision_opencv) by extension 'python'
[11.712s] Level 1:colcon.colcon_core.package_identification:_identify(src/vision_opencv) by extensions ['python_setup_py']
[11.712s] Level 1:colcon.colcon_core.package_identification:_identify(src/vision_opencv) by extension 'python_setup_py'
[11.712s] Level 1:colcon.colcon_core.package_discovery:discover_packages(recursive) using defaults
[11.712s] Level 1:colcon.colcon_core.package_discovery:discover_packages(ignore) discover
[11.712s] Level 1:colcon.colcon_core.package_discovery:discover_packages(ignore) using defaults
[11.712s] Level 1:colcon.colcon_core.package_discovery:discover_packages(path) discover
[11.713s] Level 1:colcon.colcon_core.package_discovery:discover_packages(path) using defaults
[12.699s] Level 1:colcon.colcon_core.package_discovery:discover_packages(prefix_path) check parameters
[12.700s] Level 1:colcon.colcon_core.package_discovery:discover_packages(prefix_path) discover
[12.880s] WARNING:colcon.colcon_ros.prefix_path.ament:The path '/home/adam/Sensor-Fusion-And-Autonomous-Racing-Cars/ros_ws/install/vesc' in the environment variable AMENT_PREFIX_PATH doesn't exist
[12.880s] WARNING:colcon.colcon_ros.prefix_path.ament:The path '/home/adam/Sensor-Fusion-And-Autonomous-Racing-Cars/ros_ws/install/vesc_driver' in the environment variable AMENT_PREFIX_PATH doesn't exist
[12.880s] WARNING:colcon.colcon_ros.prefix_path.ament:The path '/home/adam/Sensor-Fusion-And-Autonomous-Racing-Cars/ros_ws/install/vesc_ackermann' in the environment variable AMENT_PREFIX_PATH doesn't exist
[12.881s] WARNING:colcon.colcon_ros.prefix_path.ament:The path '/home/adam/Sensor-Fusion-And-Autonomous-Racing-Cars/ros_ws/install/vesc_msgs' in the environment variable AMENT_PREFIX_PATH doesn't exist
[12.881s] WARNING:colcon.colcon_ros.prefix_path.ament:The path '/home/adam/Sensor-Fusion-And-Autonomous-Racing-Cars/ros_ws/install/v4l2_camera' in the environment variable AMENT_PREFIX_PATH doesn't exist
[12.881s] WARNING:colcon.colcon_ros.prefix_path.ament:The path '/home/adam/Sensor-Fusion-And-Autonomous-Racing-Cars/ros_ws/install/udp_driver' in the environment variable AMENT_PREFIX_PATH doesn't exist
[12.881s] WARNING:colcon.colcon_ros.prefix_path.ament:The path '/home/adam/Sensor-Fusion-And-Autonomous-Racing-Cars/ros_ws/install/image_transport_plugins' in the environment variable AMENT_PREFIX_PATH doesn't exist
[12.882s] WARNING:colcon.colcon_ros.prefix_path.ament:The path '/home/adam/Sensor-Fusion-And-Autonomous-Racing-Cars/ros_ws/install/theora_image_transport' in the environment variable AMENT_PREFIX_PATH doesn't exist
[12.882s] WARNING:colcon.colcon_ros.prefix_path.ament:The path '/home/adam/Sensor-Fusion-And-Autonomous-Racing-Cars/ros_ws/install/steering_test_pkg' in the environment variable AMENT_PREFIX_PATH doesn't exist
[12.882s] WARNING:colcon.colcon_ros.prefix_path.ament:The path '/home/adam/Sensor-Fusion-And-Autonomous-Racing-Cars/ros_ws/install/servo_controller' in the environment variable AMENT_PREFIX_PATH doesn't exist
[12.883s] WARNING:colcon.colcon_ros.prefix_path.ament:The path '/home/adam/Sensor-Fusion-And-Autonomous-Racing-Cars/ros_ws/install/serial_driver' in the environment variable AMENT_PREFIX_PATH doesn't exist
[12.883s] WARNING:colcon.colcon_ros.prefix_path.ament:The path '/home/adam/Sensor-Fusion-And-Autonomous-Racing-Cars/ros_ws/install/motor_controller' in the environment variable AMENT_PREFIX_PATH doesn't exist
[12.883s] WARNING:colcon.colcon_ros.prefix_path.ament:The path '/home/adam/Sensor-Fusion-And-Autonomous-Racing-Cars/ros_ws/install/ldlidar_ros2' in the environment variable AMENT_PREFIX_PATH doesn't exist
[12.883s] WARNING:colcon.colcon_ros.prefix_path.ament:The path '/home/adam/Sensor-Fusion-And-Autonomous-Racing-Cars/ros_ws/install/io_context' in the environment variable AMENT_PREFIX_PATH doesn't exist
[12.884s] WARNING:colcon.colcon_ros.prefix_path.ament:The path '/home/adam/Sensor-Fusion-And-Autonomous-Racing-Cars/ros_ws/install/compressed_image_transport' in the environment variable AMENT_PREFIX_PATH doesn't exist
[12.884s] WARNING:colcon.colcon_ros.prefix_path.ament:The path '/home/adam/Sensor-Fusion-And-Autonomous-Racing-Cars/ros_ws/install/compressed_depth_image_transport' in the environment variable AMENT_PREFIX_PATH doesn't exist
[12.884s] WARNING:colcon.colcon_ros.prefix_path.ament:The path '/home/adam/Sensor-Fusion-And-Autonomous-Racing-Cars/ros_ws/install/camera_sensor' in the environment variable AMENT_PREFIX_PATH doesn't exist
[12.884s] WARNING:colcon.colcon_ros.prefix_path.ament:The path '/home/adam/Sensor-Fusion-And-Autonomous-Racing-Cars/ros_ws/install/asio_cmake_module' in the environment variable AMENT_PREFIX_PATH doesn't exist
[12.885s] WARNING:colcon.colcon_ros.prefix_path.ament:The path '/home/adam/Sensor-Fusion-And-Autonomous-Racing-Cars/ros_ws/install/arc_startup' in the environment variable AMENT_PREFIX_PATH doesn't exist
[12.885s] WARNING:colcon.colcon_ros.prefix_path.ament:The path '/home/adam/Sensor-Fusion-And-Autonomous-Racing-Cars/ros_ws/install/arc_keyboard_control' in the environment variable AMENT_PREFIX_PATH doesn't exist
[12.885s] WARNING:colcon.colcon_ros.prefix_path.ament:The path '/home/adam/Sensor-Fusion-And-Autonomous-Racing-Cars/ros_ws/install/arc_autonomous_ctrl' in the environment variable AMENT_PREFIX_PATH doesn't exist
[12.886s] WARNING:colcon.colcon_ros.prefix_path.catkin:The path '/home/adam/Sensor-Fusion-And-Autonomous-Racing-Cars/ros_ws/install/vesc' in the environment variable CMAKE_PREFIX_PATH doesn't exist
[12.887s] WARNING:colcon.colcon_ros.prefix_path.catkin:The path '/home/adam/Sensor-Fusion-And-Autonomous-Racing-Cars/ros_ws/install/vesc_driver' in the environment variable CMAKE_PREFIX_PATH doesn't exist
[12.887s] WARNING:colcon.colcon_ros.prefix_path.catkin:The path '/home/adam/Sensor-Fusion-And-Autonomous-Racing-Cars/ros_ws/install/vesc_ackermann' in the environment variable CMAKE_PREFIX_PATH doesn't exist
[12.888s] WARNING:colcon.colcon_ros.prefix_path.catkin:The path '/home/adam/Sensor-Fusion-And-Autonomous-Racing-Cars/ros_ws/install/vesc_msgs' in the environment variable CMAKE_PREFIX_PATH doesn't exist
[12.888s] WARNING:colcon.colcon_ros.prefix_path.catkin:The path '/home/adam/Sensor-Fusion-And-Autonomous-Racing-Cars/ros_ws/install/v4l2_camera' in the environment variable CMAKE_PREFIX_PATH doesn't exist
[12.888s] WARNING:colcon.colcon_ros.prefix_path.catkin:The path '/home/adam/Sensor-Fusion-And-Autonomous-Racing-Cars/ros_ws/install/udp_driver' in the environment variable CMAKE_PREFIX_PATH doesn't exist
[12.889s] WARNING:colcon.colcon_ros.prefix_path.catkin:The path '/home/adam/Sensor-Fusion-And-Autonomous-Racing-Cars/ros_ws/install/image_transport_plugins' in the environment variable CMAKE_PREFIX_PATH doesn't exist
[12.889s] WARNING:colcon.colcon_ros.prefix_path.catkin:The path '/home/adam/Sensor-Fusion-And-Autonomous-Racing-Cars/ros_ws/install/theora_image_transport' in the environment variable CMAKE_PREFIX_PATH doesn't exist
[12.889s] WARNING:colcon.colcon_ros.prefix_path.catkin:The path '/home/adam/Sensor-Fusion-And-Autonomous-Racing-Cars/ros_ws/install/serial_driver' in the environment variable CMAKE_PREFIX_PATH doesn't exist
[12.889s] WARNING:colcon.colcon_ros.prefix_path.catkin:The path '/home/adam/Sensor-Fusion-And-Autonomous-Racing-Cars/ros_ws/install/ldlidar_ros2' in the environment variable CMAKE_PREFIX_PATH doesn't exist
[12.890s] WARNING:colcon.colcon_ros.prefix_path.catkin:The path '/home/adam/Sensor-Fusion-And-Autonomous-Racing-Cars/ros_ws/install/io_context' in the environment variable CMAKE_PREFIX_PATH doesn't exist
[12.890s] WARNING:colcon.colcon_ros.prefix_path.catkin:The path '/home/adam/Sensor-Fusion-And-Autonomous-Racing-Cars/ros_ws/install/compressed_image_transport' in the environment variable CMAKE_PREFIX_PATH doesn't exist
[12.890s] WARNING:colcon.colcon_ros.prefix_path.catkin:The path '/home/adam/Sensor-Fusion-And-Autonomous-Racing-Cars/ros_ws/install/compressed_depth_image_transport' in the environment variable CMAKE_PREFIX_PATH doesn't exist
[12.890s] WARNING:colcon.colcon_ros.prefix_path.catkin:The path '/home/adam/Sensor-Fusion-And-Autonomous-Racing-Cars/ros_ws/install/asio_cmake_module' in the environment variable CMAKE_PREFIX_PATH doesn't exist
[13.069s] DEBUG:colcon.colcon_installed_package_information.package_discovery:Found 0 installed packages in /home/adam/Sensor-Fusion-And-Autonomous-Racing-Cars/ros_ws/install
[13.251s] DEBUG:colcon.colcon_installed_package_information.package_discovery:Found 263 installed packages in /opt/ros/foxy
[13.257s] Level 1:colcon.colcon_core.package_discovery:discover_packages(prefix_path) using defaults
[13.823s] WARNING:colcon.colcon_core.package_selection:Some selected packages are already built in one or more underlay workspaces:
	'image_transport' is in: /opt/ros/foxy
If a package in a merged underlay workspace is overridden and it installs headers, then all packages in the overlay must sort their include directories by workspace order. Failure to do so may result in build failures or undefined behavior at run time.
If the overridden package is used by another package in any underlay, then the overriding package in the overlay must be API and ABI compatible or undefined behavior at run time may occur.

If you understand the risks and want to override a package anyways, add the following to the command line:
	--allow-overriding image_transport

This may be promoted to an error in a future release of colcon-override-check.
[14.028s] Level 5:colcon.colcon_core.verb:set package 'arc_autonomous_ctrl' build argument 'cmake_args' from command line to 'None'
[14.028s] Level 5:colcon.colcon_core.verb:set package 'arc_autonomous_ctrl' build argument 'cmake_target' from command line to 'None'
[14.028s] Level 5:colcon.colcon_core.verb:set package 'arc_autonomous_ctrl' build argument 'cmake_target_skip_unavailable' from command line to 'False'
[14.028s] Level 5:colcon.colcon_core.verb:set package 'arc_autonomous_ctrl' build argument 'cmake_clean_cache' from command line to 'False'
[14.028s] Level 5:colcon.colcon_core.verb:set package 'arc_autonomous_ctrl' build argument 'cmake_clean_first' from command line to 'False'
[14.028s] Level 5:colcon.colcon_core.verb:set package 'arc_autonomous_ctrl' build argument 'cmake_force_configure' from command line to 'False'
[14.028s] Level 5:colcon.colcon_core.verb:set package 'arc_autonomous_ctrl' build argument 'ament_cmake_args' from command line to 'None'
[14.029s] Level 5:colcon.colcon_core.verb:set package 'arc_autonomous_ctrl' build argument 'catkin_cmake_args' from command line to 'None'
[14.029s] Level 5:colcon.colcon_core.verb:set package 'arc_autonomous_ctrl' build argument 'catkin_skip_building_tests' from command line to 'False'
[14.029s] DEBUG:colcon.colcon_core.verb:Building package 'arc_autonomous_ctrl' with the following arguments: {'ament_cmake_args': None, 'build_base': '/home/adam/Sensor-Fusion-And-Autonomous-Racing-Cars/ros_ws/build/arc_autonomous_ctrl', 'catkin_cmake_args': None, 'catkin_skip_building_tests': False, 'cmake_args': None, 'cmake_clean_cache': False, 'cmake_clean_first': False, 'cmake_force_configure': False, 'cmake_target': None, 'cmake_target_skip_unavailable': False, 'install_base': '/home/adam/Sensor-Fusion-And-Autonomous-Racing-Cars/ros_ws/install/arc_autonomous_ctrl', 'merge_install': False, 'path': '/home/adam/Sensor-Fusion-And-Autonomous-Racing-Cars/ros_ws/src/arc_autonomous_ctrl', 'symlink_install': False, 'test_result_base': None}
[14.205s] Level 5:colcon.colcon_core.verb:set package 'arc_keyboard_control' build argument 'cmake_args' from command line to 'None'
[14.205s] Level 5:colcon.colcon_core.verb:set package 'arc_keyboard_control' build argument 'cmake_target' from command line to 'None'
[14.205s] Level 5:colcon.colcon_core.verb:set package 'arc_keyboard_control' build argument 'cmake_target_skip_unavailable' from command line to 'False'
[14.206s] Level 5:colcon.colcon_core.verb:set package 'arc_keyboard_control' build argument 'cmake_clean_cache' from command line to 'False'
[14.206s] Level 5:colcon.colcon_core.verb:set package 'arc_keyboard_control' build argument 'cmake_clean_first' from command line to 'False'
[14.206s] Level 5:colcon.colcon_core.verb:set package 'arc_keyboard_control' build argument 'cmake_force_configure' from command line to 'False'
[14.206s] Level 5:colcon.colcon_core.verb:set package 'arc_keyboard_control' build argument 'ament_cmake_args' from command line to 'None'
[14.206s] Level 5:colcon.colcon_core.verb:set package 'arc_keyboard_control' build argument 'catkin_cmake_args' from command line to 'None'
[14.206s] Level 5:colcon.colcon_core.verb:set package 'arc_keyboard_control' build argument 'catkin_skip_building_tests' from command line to 'False'
[14.206s] DEBUG:colcon.colcon_core.verb:Building package 'arc_keyboard_control' with the following arguments: {'ament_cmake_args': None, 'build_base': '/home/adam/Sensor-Fusion-And-Autonomous-Racing-Cars/ros_ws/build/arc_keyboard_control', 'catkin_cmake_args': None, 'catkin_skip_building_tests': False, 'cmake_args': None, 'cmake_clean_cache': False, 'cmake_clean_first': False, 'cmake_force_configure': False, 'cmake_target': None, 'cmake_target_skip_unavailable': False, 'install_base': '/home/adam/Sensor-Fusion-And-Autonomous-Racing-Cars/ros_ws/install/arc_keyboard_control', 'merge_install': False, 'path': '/home/adam/Sensor-Fusion-And-Autonomous-Racing-Cars/ros_ws/src/arc_keyboard_control', 'symlink_install': False, 'test_result_base': None}
[14.409s] Level 5:colcon.colcon_core.verb:set package 'arc_startup' build argument 'cmake_args' from command line to 'None'
[14.411s] Level 5:colcon.colcon_core.verb:set package 'arc_startup' build argument 'cmake_target' from command line to 'None'
[14.412s] Level 5:colcon.colcon_core.verb:set package 'arc_startup' build argument 'cmake_target_skip_unavailable' from command line to 'False'
[14.412s] Level 5:colcon.colcon_core.verb:set package 'arc_startup' build argument 'cmake_clean_cache' from command line to 'False'
[14.412s] Level 5:colcon.colcon_core.verb:set package 'arc_startup' build argument 'cmake_clean_first' from command line to 'False'
[14.412s] Level 5:colcon.colcon_core.verb:set package 'arc_startup' build argument 'cmake_force_configure' from command line to 'False'
[14.412s] Level 5:colcon.colcon_core.verb:set package 'arc_startup' build argument 'ament_cmake_args' from command line to 'None'
[14.412s] Level 5:colcon.colcon_core.verb:set package 'arc_startup' build argument 'catkin_cmake_args' from command line to 'None'
[14.412s] Level 5:colcon.colcon_core.verb:set package 'arc_startup' build argument 'catkin_skip_building_tests' from command line to 'False'
[14.412s] DEBUG:colcon.colcon_core.verb:Building package 'arc_startup' with the following arguments: {'ament_cmake_args': None, 'build_base': '/home/adam/Sensor-Fusion-And-Autonomous-Racing-Cars/ros_ws/build/arc_startup', 'catkin_cmake_args': None, 'catkin_skip_building_tests': False, 'cmake_args': None, 'cmake_clean_cache': False, 'cmake_clean_first': False, 'cmake_force_configure': False, 'cmake_target': None, 'cmake_target_skip_unavailable': False, 'install_base': '/home/adam/Sensor-Fusion-And-Autonomous-Racing-Cars/ros_ws/install/arc_startup', 'merge_install': False, 'path': '/home/adam/Sensor-Fusion-And-Autonomous-Racing-Cars/ros_ws/src/arc_startup', 'symlink_install': False, 'test_result_base': None}
[14.589s] Level 5:colcon.colcon_core.verb:set package 'asio_cmake_module' build argument 'cmake_args' from command line to 'None'
[14.590s] Level 5:colcon.colcon_core.verb:set package 'asio_cmake_module' build argument 'cmake_target' from command line to 'None'
[14.590s] Level 5:colcon.colcon_core.verb:set package 'asio_cmake_module' build argument 'cmake_target_skip_unavailable' from command line to 'False'
[14.590s] Level 5:colcon.colcon_core.verb:set package 'asio_cmake_module' build argument 'cmake_clean_cache' from command line to 'False'
[14.590s] Level 5:colcon.colcon_core.verb:set package 'asio_cmake_module' build argument 'cmake_clean_first' from command line to 'False'
[14.590s] Level 5:colcon.colcon_core.verb:set package 'asio_cmake_module' build argument 'cmake_force_configure' from command line to 'False'
[14.590s] Level 5:colcon.colcon_core.verb:set package 'asio_cmake_module' build argument 'ament_cmake_args' from command line to 'None'
[14.590s] Level 5:colcon.colcon_core.verb:set package 'asio_cmake_module' build argument 'catkin_cmake_args' from command line to 'None'
[14.590s] Level 5:colcon.colcon_core.verb:set package 'asio_cmake_module' build argument 'catkin_skip_building_tests' from command line to 'False'
[14.590s] DEBUG:colcon.colcon_core.verb:Building package 'asio_cmake_module' with the following arguments: {'ament_cmake_args': None, 'build_base': '/home/adam/Sensor-Fusion-And-Autonomous-Racing-Cars/ros_ws/build/asio_cmake_module', 'catkin_cmake_args': None, 'catkin_skip_building_tests': False, 'cmake_args': None, 'cmake_clean_cache': False, 'cmake_clean_first': False, 'cmake_force_configure': False, 'cmake_target': None, 'cmake_target_skip_unavailable': False, 'install_base': '/home/adam/Sensor-Fusion-And-Autonomous-Racing-Cars/ros_ws/install/asio_cmake_module', 'merge_install': False, 'path': '/home/adam/Sensor-Fusion-And-Autonomous-Racing-Cars/ros_ws/src/transport_drivers/asio_cmake_module', 'symlink_install': False, 'test_result_base': None}
[14.766s] Level 5:colcon.colcon_core.verb:set package 'camera_calibration_parsers' build argument 'cmake_args' from command line to 'None'
[14.766s] Level 5:colcon.colcon_core.verb:set package 'camera_calibration_parsers' build argument 'cmake_target' from command line to 'None'
[14.766s] Level 5:colcon.colcon_core.verb:set package 'camera_calibration_parsers' build argument 'cmake_target_skip_unavailable' from command line to 'False'
[14.767s] Level 5:colcon.colcon_core.verb:set package 'camera_calibration_parsers' build argument 'cmake_clean_cache' from command line to 'False'
[14.767s] Level 5:colcon.colcon_core.verb:set package 'camera_calibration_parsers' build argument 'cmake_clean_first' from command line to 'False'
[14.767s] Level 5:colcon.colcon_core.verb:set package 'camera_calibration_parsers' build argument 'cmake_force_configure' from command line to 'False'
[14.767s] Level 5:colcon.colcon_core.verb:set package 'camera_calibration_parsers' build argument 'ament_cmake_args' from command line to 'None'
[14.767s] Level 5:colcon.colcon_core.verb:set package 'camera_calibration_parsers' build argument 'catkin_cmake_args' from command line to 'None'
[14.767s] Level 5:colcon.colcon_core.verb:set package 'camera_calibration_parsers' build argument 'catkin_skip_building_tests' from command line to 'False'
[14.767s] DEBUG:colcon.colcon_core.verb:Building package 'camera_calibration_parsers' with the following arguments: {'ament_cmake_args': None, 'build_base': '/home/adam/Sensor-Fusion-And-Autonomous-Racing-Cars/ros_ws/build/camera_calibration_parsers', 'catkin_cmake_args': None, 'catkin_skip_building_tests': False, 'cmake_args': None, 'cmake_clean_cache': False, 'cmake_clean_first': False, 'cmake_force_configure': False, 'cmake_target': None, 'cmake_target_skip_unavailable': False, 'install_base': '/home/adam/Sensor-Fusion-And-Autonomous-Racing-Cars/ros_ws/install/camera_calibration_parsers', 'merge_install': False, 'path': '/home/adam/Sensor-Fusion-And-Autonomous-Racing-Cars/ros_ws/src/image_common/camera_calibration_parsers', 'symlink_install': False, 'test_result_base': None}
[14.942s] Level 5:colcon.colcon_core.verb:set package 'camera_sensor' build argument 'cmake_args' from command line to 'None'
[14.943s] Level 5:colcon.colcon_core.verb:set package 'camera_sensor' build argument 'cmake_target' from command line to 'None'
[14.943s] Level 5:colcon.colcon_core.verb:set package 'camera_sensor' build argument 'cmake_target_skip_unavailable' from command line to 'False'
[14.943s] Level 5:colcon.colcon_core.verb:set package 'camera_sensor' build argument 'cmake_clean_cache' from command line to 'False'
[14.943s] Level 5:colcon.colcon_core.verb:set package 'camera_sensor' build argument 'cmake_clean_first' from command line to 'False'
[14.943s] Level 5:colcon.colcon_core.verb:set package 'camera_sensor' build argument 'cmake_force_configure' from command line to 'False'
[14.943s] Level 5:colcon.colcon_core.verb:set package 'camera_sensor' build argument 'ament_cmake_args' from command line to 'None'
[14.943s] Level 5:colcon.colcon_core.verb:set package 'camera_sensor' build argument 'catkin_cmake_args' from command line to 'None'
[14.943s] Level 5:colcon.colcon_core.verb:set package 'camera_sensor' build argument 'catkin_skip_building_tests' from command line to 'False'
[14.944s] DEBUG:colcon.colcon_core.verb:Building package 'camera_sensor' with the following arguments: {'ament_cmake_args': None, 'build_base': '/home/adam/Sensor-Fusion-And-Autonomous-Racing-Cars/ros_ws/build/camera_sensor', 'catkin_cmake_args': None, 'catkin_skip_building_tests': False, 'cmake_args': None, 'cmake_clean_cache': False, 'cmake_clean_first': False, 'cmake_force_configure': False, 'cmake_target': None, 'cmake_target_skip_unavailable': False, 'install_base': '/home/adam/Sensor-Fusion-And-Autonomous-Racing-Cars/ros_ws/install/camera_sensor', 'merge_install': False, 'path': '/home/adam/Sensor-Fusion-And-Autonomous-Racing-Cars/ros_ws/src/camera_sensor', 'symlink_install': False, 'test_result_base': None}
[15.125s] Level 5:colcon.colcon_core.verb:set package 'image_transport' build argument 'cmake_args' from command line to 'None'
[15.125s] Level 5:colcon.colcon_core.verb:set package 'image_transport' build argument 'cmake_target' from command line to 'None'
[15.125s] Level 5:colcon.colcon_core.verb:set package 'image_transport' build argument 'cmake_target_skip_unavailable' from command line to 'False'
[15.125s] Level 5:colcon.colcon_core.verb:set package 'image_transport' build argument 'cmake_clean_cache' from command line to 'False'
[15.125s] Level 5:colcon.colcon_core.verb:set package 'image_transport' build argument 'cmake_clean_first' from command line to 'False'
[15.125s] Level 5:colcon.colcon_core.verb:set package 'image_transport' build argument 'cmake_force_configure' from command line to 'False'
[15.125s] Level 5:colcon.colcon_core.verb:set package 'image_transport' build argument 'ament_cmake_args' from command line to 'None'
[15.125s] Level 5:colcon.colcon_core.verb:set package 'image_transport' build argument 'catkin_cmake_args' from command line to 'None'
[15.126s] Level 5:colcon.colcon_core.verb:set package 'image_transport' build argument 'catkin_skip_building_tests' from command line to 'False'
[15.126s] DEBUG:colcon.colcon_core.verb:Building package 'image_transport' with the following arguments: {'ament_cmake_args': None, 'build_base': '/home/adam/Sensor-Fusion-And-Autonomous-Racing-Cars/ros_ws/build/image_transport', 'catkin_cmake_args': None, 'catkin_skip_building_tests': False, 'cmake_args': None, 'cmake_clean_cache': False, 'cmake_clean_first': False, 'cmake_force_configure': False, 'cmake_target': None, 'cmake_target_skip_unavailable': False, 'install_base': '/home/adam/Sensor-Fusion-And-Autonomous-Racing-Cars/ros_ws/install/image_transport', 'merge_install': False, 'path': '/home/adam/Sensor-Fusion-And-Autonomous-Racing-Cars/ros_ws/src/image_common/image_transport', 'symlink_install': False, 'test_result_base': None}
[15.301s] Level 5:colcon.colcon_core.verb:set package 'ldlidar_ros2' build argument 'cmake_args' from command line to 'None'
[15.301s] Level 5:colcon.colcon_core.verb:set package 'ldlidar_ros2' build argument 'cmake_target' from command line to 'None'
[15.302s] Level 5:colcon.colcon_core.verb:set package 'ldlidar_ros2' build argument 'cmake_target_skip_unavailable' from command line to 'False'
[15.302s] Level 5:colcon.colcon_core.verb:set package 'ldlidar_ros2' build argument 'cmake_clean_cache' from command line to 'False'
[15.302s] Level 5:colcon.colcon_core.verb:set package 'ldlidar_ros2' build argument 'cmake_clean_first' from command line to 'False'
[15.302s] Level 5:colcon.colcon_core.verb:set package 'ldlidar_ros2' build argument 'cmake_force_configure' from command line to 'False'
[15.302s] Level 5:colcon.colcon_core.verb:set package 'ldlidar_ros2' build argument 'ament_cmake_args' from command line to 'None'
[15.302s] Level 5:colcon.colcon_core.verb:set package 'ldlidar_ros2' build argument 'catkin_cmake_args' from command line to 'None'
[15.302s] Level 5:colcon.colcon_core.verb:set package 'ldlidar_ros2' build argument 'catkin_skip_building_tests' from command line to 'False'
[15.302s] DEBUG:colcon.colcon_core.verb:Building package 'ldlidar_ros2' with the following arguments: {'ament_cmake_args': None, 'build_base': '/home/adam/Sensor-Fusion-And-Autonomous-Racing-Cars/ros_ws/build/ldlidar_ros2', 'catkin_cmake_args': None, 'catkin_skip_building_tests': False, 'cmake_args': None, 'cmake_clean_cache': False, 'cmake_clean_first': False, 'cmake_force_configure': False, 'cmake_target': None, 'cmake_target_skip_unavailable': False, 'install_base': '/home/adam/Sensor-Fusion-And-Autonomous-Racing-Cars/ros_ws/install/ldlidar_ros2', 'merge_install': False, 'path': '/home/adam/Sensor-Fusion-And-Autonomous-Racing-Cars/ros_ws/src/ldlidar_ros2', 'symlink_install': False, 'test_result_base': None}
[15.477s] Level 5:colcon.colcon_core.verb:set package 'motor_controller' build argument 'cmake_args' from command line to 'None'
[15.477s] Level 5:colcon.colcon_core.verb:set package 'motor_controller' build argument 'cmake_target' from command line to 'None'
[15.478s] Level 5:colcon.colcon_core.verb:set package 'motor_controller' build argument 'cmake_target_skip_unavailable' from command line to 'False'
[15.478s] Level 5:colcon.colcon_core.verb:set package 'motor_controller' build argument 'cmake_clean_cache' from command line to 'False'
[15.478s] Level 5:colcon.colcon_core.verb:set package 'motor_controller' build argument 'cmake_clean_first' from command line to 'False'
[15.478s] Level 5:colcon.colcon_core.verb:set package 'motor_controller' build argument 'cmake_force_configure' from command line to 'False'
[15.478s] Level 5:colcon.colcon_core.verb:set package 'motor_controller' build argument 'ament_cmake_args' from command line to 'None'
[15.478s] Level 5:colcon.colcon_core.verb:set package 'motor_controller' build argument 'catkin_cmake_args' from command line to 'None'
[15.478s] Level 5:colcon.colcon_core.verb:set package 'motor_controller' build argument 'catkin_skip_building_tests' from command line to 'False'
[15.478s] DEBUG:colcon.colcon_core.verb:Building package 'motor_controller' with the following arguments: {'ament_cmake_args': None, 'build_base': '/home/adam/Sensor-Fusion-And-Autonomous-Racing-Cars/ros_ws/build/motor_controller', 'catkin_cmake_args': None, 'catkin_skip_building_tests': False, 'cmake_args': None, 'cmake_clean_cache': False, 'cmake_clean_first': False, 'cmake_force_configure': False, 'cmake_target': None, 'cmake_target_skip_unavailable': False, 'install_base': '/home/adam/Sensor-Fusion-And-Autonomous-Racing-Cars/ros_ws/install/motor_controller', 'merge_install': False, 'path': '/home/adam/Sensor-Fusion-And-Autonomous-Racing-Cars/ros_ws/src/motor_controller', 'symlink_install': False, 'test_result_base': None}
[15.653s] Level 5:colcon.colcon_core.verb:set package 'servo_controller' build argument 'cmake_args' from command line to 'None'
[15.654s] Level 5:colcon.colcon_core.verb:set package 'servo_controller' build argument 'cmake_target' from command line to 'None'
[15.654s] Level 5:colcon.colcon_core.verb:set package 'servo_controller' build argument 'cmake_target_skip_unavailable' from command line to 'False'
[15.654s] Level 5:colcon.colcon_core.verb:set package 'servo_controller' build argument 'cmake_clean_cache' from command line to 'False'
[15.654s] Level 5:colcon.colcon_core.verb:set package 'servo_controller' build argument 'cmake_clean_first' from command line to 'False'
[15.654s] Level 5:colcon.colcon_core.verb:set package 'servo_controller' build argument 'cmake_force_configure' from command line to 'False'
[15.654s] Level 5:colcon.colcon_core.verb:set package 'servo_controller' build argument 'ament_cmake_args' from command line to 'None'
[15.654s] Level 5:colcon.colcon_core.verb:set package 'servo_controller' build argument 'catkin_cmake_args' from command line to 'None'
[15.654s] Level 5:colcon.colcon_core.verb:set package 'servo_controller' build argument 'catkin_skip_building_tests' from command line to 'False'
[15.655s] DEBUG:colcon.colcon_core.verb:Building package 'servo_controller' with the following arguments: {'ament_cmake_args': None, 'build_base': '/home/adam/Sensor-Fusion-And-Autonomous-Racing-Cars/ros_ws/build/servo_controller', 'catkin_cmake_args': None, 'catkin_skip_building_tests': False, 'cmake_args': None, 'cmake_clean_cache': False, 'cmake_clean_first': False, 'cmake_force_configure': False, 'cmake_target': None, 'cmake_target_skip_unavailable': False, 'install_base': '/home/adam/Sensor-Fusion-And-Autonomous-Racing-Cars/ros_ws/install/servo_controller', 'merge_install': False, 'path': '/home/adam/Sensor-Fusion-And-Autonomous-Racing-Cars/ros_ws/src/servo_controller', 'symlink_install': False, 'test_result_base': None}
[15.832s] Level 5:colcon.colcon_core.verb:set package 'steering_test_pkg' build argument 'cmake_args' from command line to 'None'
[15.832s] Level 5:colcon.colcon_core.verb:set package 'steering_test_pkg' build argument 'cmake_target' from command line to 'None'
[15.832s] Level 5:colcon.colcon_core.verb:set package 'steering_test_pkg' build argument 'cmake_target_skip_unavailable' from command line to 'False'
[15.832s] Level 5:colcon.colcon_core.verb:set package 'steering_test_pkg' build argument 'cmake_clean_cache' from command line to 'False'
[15.832s] Level 5:colcon.colcon_core.verb:set package 'steering_test_pkg' build argument 'cmake_clean_first' from command line to 'False'
[15.832s] Level 5:colcon.colcon_core.verb:set package 'steering_test_pkg' build argument 'cmake_force_configure' from command line to 'False'
[15.832s] Level 5:colcon.colcon_core.verb:set package 'steering_test_pkg' build argument 'ament_cmake_args' from command line to 'None'
[15.833s] Level 5:colcon.colcon_core.verb:set package 'steering_test_pkg' build argument 'catkin_cmake_args' from command line to 'None'
[15.833s] Level 5:colcon.colcon_core.verb:set package 'steering_test_pkg' build argument 'catkin_skip_building_tests' from command line to 'False'
[15.833s] DEBUG:colcon.colcon_core.verb:Building package 'steering_test_pkg' with the following arguments: {'ament_cmake_args': None, 'build_base': '/home/adam/Sensor-Fusion-And-Autonomous-Racing-Cars/ros_ws/build/steering_test_pkg', 'catkin_cmake_args': None, 'catkin_skip_building_tests': False, 'cmake_args': None, 'cmake_clean_cache': False, 'cmake_clean_first': False, 'cmake_force_configure': False, 'cmake_target': None, 'cmake_target_skip_unavailable': False, 'install_base': '/home/adam/Sensor-Fusion-And-Autonomous-Racing-Cars/ros_ws/install/steering_test_pkg', 'merge_install': False, 'path': '/home/adam/Sensor-Fusion-And-Autonomous-Racing-Cars/ros_ws/src/steering_test_pkg', 'symlink_install': False, 'test_result_base': None}
[16.008s] Level 5:colcon.colcon_core.verb:set package 'vesc_msgs' build argument 'cmake_args' from command line to 'None'
[16.008s] Level 5:colcon.colcon_core.verb:set package 'vesc_msgs' build argument 'cmake_target' from command line to 'None'
[16.008s] Level 5:colcon.colcon_core.verb:set package 'vesc_msgs' build argument 'cmake_target_skip_unavailable' from command line to 'False'
[16.008s] Level 5:colcon.colcon_core.verb:set package 'vesc_msgs' build argument 'cmake_clean_cache' from command line to 'False'
[16.008s] Level 5:colcon.colcon_core.verb:set package 'vesc_msgs' build argument 'cmake_clean_first' from command line to 'False'
[16.008s] Level 5:colcon.colcon_core.verb:set package 'vesc_msgs' build argument 'cmake_force_configure' from command line to 'False'
[16.008s] Level 5:colcon.colcon_core.verb:set package 'vesc_msgs' build argument 'ament_cmake_args' from command line to 'None'
[16.009s] Level 5:colcon.colcon_core.verb:set package 'vesc_msgs' build argument 'catkin_cmake_args' from command line to 'None'
[16.009s] Level 5:colcon.colcon_core.verb:set package 'vesc_msgs' build argument 'catkin_skip_building_tests' from command line to 'False'
[16.009s] DEBUG:colcon.colcon_core.verb:Building package 'vesc_msgs' with the following arguments: {'ament_cmake_args': None, 'build_base': '/home/adam/Sensor-Fusion-And-Autonomous-Racing-Cars/ros_ws/build/vesc_msgs', 'catkin_cmake_args': None, 'catkin_skip_building_tests': False, 'cmake_args': None, 'cmake_clean_cache': False, 'cmake_clean_first': False, 'cmake_force_configure': False, 'cmake_target': None, 'cmake_target_skip_unavailable': False, 'install_base': '/home/adam/Sensor-Fusion-And-Autonomous-Racing-Cars/ros_ws/install/vesc_msgs', 'merge_install': False, 'path': '/home/adam/Sensor-Fusion-And-Autonomous-Racing-Cars/ros_ws/src/vesc_driver/vesc_msgs', 'symlink_install': False, 'test_result_base': None}
[16.186s] Level 5:colcon.colcon_core.verb:set package 'camera_info_manager' build argument 'cmake_args' from command line to 'None'
[16.187s] Level 5:colcon.colcon_core.verb:set package 'camera_info_manager' build argument 'cmake_target' from command line to 'None'
[16.187s] Level 5:colcon.colcon_core.verb:set package 'camera_info_manager' build argument 'cmake_target_skip_unavailable' from command line to 'False'
[16.187s] Level 5:colcon.colcon_core.verb:set package 'camera_info_manager' build argument 'cmake_clean_cache' from command line to 'False'
[16.187s] Level 5:colcon.colcon_core.verb:set package 'camera_info_manager' build argument 'cmake_clean_first' from command line to 'False'
[16.187s] Level 5:colcon.colcon_core.verb:set package 'camera_info_manager' build argument 'cmake_force_configure' from command line to 'False'
[16.187s] Level 5:colcon.colcon_core.verb:set package 'camera_info_manager' build argument 'ament_cmake_args' from command line to 'None'
[16.187s] Level 5:colcon.colcon_core.verb:set package 'camera_info_manager' build argument 'catkin_cmake_args' from command line to 'None'
[16.187s] Level 5:colcon.colcon_core.verb:set package 'camera_info_manager' build argument 'catkin_skip_building_tests' from command line to 'False'
[16.188s] DEBUG:colcon.colcon_core.verb:Building package 'camera_info_manager' with the following arguments: {'ament_cmake_args': None, 'build_base': '/home/adam/Sensor-Fusion-And-Autonomous-Racing-Cars/ros_ws/build/camera_info_manager', 'catkin_cmake_args': None, 'catkin_skip_building_tests': False, 'cmake_args': None, 'cmake_clean_cache': False, 'cmake_clean_first': False, 'cmake_force_configure': False, 'cmake_target': None, 'cmake_target_skip_unavailable': False, 'install_base': '/home/adam/Sensor-Fusion-And-Autonomous-Racing-Cars/ros_ws/install/camera_info_manager', 'merge_install': False, 'path': '/home/adam/Sensor-Fusion-And-Autonomous-Racing-Cars/ros_ws/src/image_common/camera_info_manager', 'symlink_install': False, 'test_result_base': None}
[16.363s] Level 5:colcon.colcon_core.verb:set package 'compressed_depth_image_transport' build argument 'cmake_args' from command line to 'None'
[16.364s] Level 5:colcon.colcon_core.verb:set package 'compressed_depth_image_transport' build argument 'cmake_target' from command line to 'None'
[16.364s] Level 5:colcon.colcon_core.verb:set package 'compressed_depth_image_transport' build argument 'cmake_target_skip_unavailable' from command line to 'False'
[16.364s] Level 5:colcon.colcon_core.verb:set package 'compressed_depth_image_transport' build argument 'cmake_clean_cache' from command line to 'False'
[16.364s] Level 5:colcon.colcon_core.verb:set package 'compressed_depth_image_transport' build argument 'cmake_clean_first' from command line to 'False'
[16.364s] Level 5:colcon.colcon_core.verb:set package 'compressed_depth_image_transport' build argument 'cmake_force_configure' from command line to 'False'
[16.364s] Level 5:colcon.colcon_core.verb:set package 'compressed_depth_image_transport' build argument 'ament_cmake_args' from command line to 'None'
[16.364s] Level 5:colcon.colcon_core.verb:set package 'compressed_depth_image_transport' build argument 'catkin_cmake_args' from command line to 'None'
[16.365s] Level 5:colcon.colcon_core.verb:set package 'compressed_depth_image_transport' build argument 'catkin_skip_building_tests' from command line to 'False'
[16.365s] DEBUG:colcon.colcon_core.verb:Building package 'compressed_depth_image_transport' with the following arguments: {'ament_cmake_args': None, 'build_base': '/home/adam/Sensor-Fusion-And-Autonomous-Racing-Cars/ros_ws/build/compressed_depth_image_transport', 'catkin_cmake_args': None, 'catkin_skip_building_tests': False, 'cmake_args': None, 'cmake_clean_cache': False, 'cmake_clean_first': False, 'cmake_force_configure': False, 'cmake_target': None, 'cmake_target_skip_unavailable': False, 'install_base': '/home/adam/Sensor-Fusion-And-Autonomous-Racing-Cars/ros_ws/install/compressed_depth_image_transport', 'merge_install': False, 'path': '/home/adam/Sensor-Fusion-And-Autonomous-Racing-Cars/ros_ws/src/image_transport_plugins/compressed_depth_image_transport', 'symlink_install': False, 'test_result_base': None}
[16.580s] Level 5:colcon.colcon_core.verb:set package 'compressed_image_transport' build argument 'cmake_args' from command line to 'None'
[16.580s] Level 5:colcon.colcon_core.verb:set package 'compressed_image_transport' build argument 'cmake_target' from command line to 'None'
[16.580s] Level 5:colcon.colcon_core.verb:set package 'compressed_image_transport' build argument 'cmake_target_skip_unavailable' from command line to 'False'
[16.580s] Level 5:colcon.colcon_core.verb:set package 'compressed_image_transport' build argument 'cmake_clean_cache' from command line to 'False'
[16.580s] Level 5:colcon.colcon_core.verb:set package 'compressed_image_transport' build argument 'cmake_clean_first' from command line to 'False'
[16.580s] Level 5:colcon.colcon_core.verb:set package 'compressed_image_transport' build argument 'cmake_force_configure' from command line to 'False'
[16.580s] Level 5:colcon.colcon_core.verb:set package 'compressed_image_transport' build argument 'ament_cmake_args' from command line to 'None'
[16.581s] Level 5:colcon.colcon_core.verb:set package 'compressed_image_transport' build argument 'catkin_cmake_args' from command line to 'None'
[16.581s] Level 5:colcon.colcon_core.verb:set package 'compressed_image_transport' build argument 'catkin_skip_building_tests' from command line to 'False'
[16.581s] DEBUG:colcon.colcon_core.verb:Building package 'compressed_image_transport' with the following arguments: {'ament_cmake_args': None, 'build_base': '/home/adam/Sensor-Fusion-And-Autonomous-Racing-Cars/ros_ws/build/compressed_image_transport', 'catkin_cmake_args': None, 'catkin_skip_building_tests': False, 'cmake_args': None, 'cmake_clean_cache': False, 'cmake_clean_first': False, 'cmake_force_configure': False, 'cmake_target': None, 'cmake_target_skip_unavailable': False, 'install_base': '/home/adam/Sensor-Fusion-And-Autonomous-Racing-Cars/ros_ws/install/compressed_image_transport', 'merge_install': False, 'path': '/home/adam/Sensor-Fusion-And-Autonomous-Racing-Cars/ros_ws/src/image_transport_plugins/compressed_image_transport', 'symlink_install': False, 'test_result_base': None}
[16.754s] Level 5:colcon.colcon_core.verb:set package 'io_context' build argument 'cmake_args' from command line to 'None'
[16.754s] Level 5:colcon.colcon_core.verb:set package 'io_context' build argument 'cmake_target' from command line to 'None'
[16.754s] Level 5:colcon.colcon_core.verb:set package 'io_context' build argument 'cmake_target_skip_unavailable' from command line to 'False'
[16.755s] Level 5:colcon.colcon_core.verb:set package 'io_context' build argument 'cmake_clean_cache' from command line to 'False'
[16.755s] Level 5:colcon.colcon_core.verb:set package 'io_context' build argument 'cmake_clean_first' from command line to 'False'
[16.755s] Level 5:colcon.colcon_core.verb:set package 'io_context' build argument 'cmake_force_configure' from command line to 'False'
[16.755s] Level 5:colcon.colcon_core.verb:set package 'io_context' build argument 'ament_cmake_args' from command line to 'None'
[16.755s] Level 5:colcon.colcon_core.verb:set package 'io_context' build argument 'catkin_cmake_args' from command line to 'None'
[16.755s] Level 5:colcon.colcon_core.verb:set package 'io_context' build argument 'catkin_skip_building_tests' from command line to 'False'
[16.755s] DEBUG:colcon.colcon_core.verb:Building package 'io_context' with the following arguments: {'ament_cmake_args': None, 'build_base': '/home/adam/Sensor-Fusion-And-Autonomous-Racing-Cars/ros_ws/build/io_context', 'catkin_cmake_args': None, 'catkin_skip_building_tests': False, 'cmake_args': None, 'cmake_clean_cache': False, 'cmake_clean_first': False, 'cmake_force_configure': False, 'cmake_target': None, 'cmake_target_skip_unavailable': False, 'install_base': '/home/adam/Sensor-Fusion-And-Autonomous-Racing-Cars/ros_ws/install/io_context', 'merge_install': False, 'path': '/home/adam/Sensor-Fusion-And-Autonomous-Racing-Cars/ros_ws/src/transport_drivers/io_context', 'symlink_install': False, 'test_result_base': None}
[16.932s] Level 5:colcon.colcon_core.verb:set package 'theora_image_transport' build argument 'cmake_args' from command line to 'None'
[16.932s] Level 5:colcon.colcon_core.verb:set package 'theora_image_transport' build argument 'cmake_target' from command line to 'None'
[16.932s] Level 5:colcon.colcon_core.verb:set package 'theora_image_transport' build argument 'cmake_target_skip_unavailable' from command line to 'False'
[16.932s] Level 5:colcon.colcon_core.verb:set package 'theora_image_transport' build argument 'cmake_clean_cache' from command line to 'False'
[16.933s] Level 5:colcon.colcon_core.verb:set package 'theora_image_transport' build argument 'cmake_clean_first' from command line to 'False'
[16.933s] Level 5:colcon.colcon_core.verb:set package 'theora_image_transport' build argument 'cmake_force_configure' from command line to 'False'
[16.933s] Level 5:colcon.colcon_core.verb:set package 'theora_image_transport' build argument 'ament_cmake_args' from command line to 'None'
[16.933s] Level 5:colcon.colcon_core.verb:set package 'theora_image_transport' build argument 'catkin_cmake_args' from command line to 'None'
[16.933s] Level 5:colcon.colcon_core.verb:set package 'theora_image_transport' build argument 'catkin_skip_building_tests' from command line to 'False'
[16.933s] DEBUG:colcon.colcon_core.verb:Building package 'theora_image_transport' with the following arguments: {'ament_cmake_args': None, 'build_base': '/home/adam/Sensor-Fusion-And-Autonomous-Racing-Cars/ros_ws/build/theora_image_transport', 'catkin_cmake_args': None, 'catkin_skip_building_tests': False, 'cmake_args': None, 'cmake_clean_cache': False, 'cmake_clean_first': False, 'cmake_force_configure': False, 'cmake_target': None, 'cmake_target_skip_unavailable': False, 'install_base': '/home/adam/Sensor-Fusion-And-Autonomous-Racing-Cars/ros_ws/install/theora_image_transport', 'merge_install': False, 'path': '/home/adam/Sensor-Fusion-And-Autonomous-Racing-Cars/ros_ws/src/image_transport_plugins/theora_image_transport', 'symlink_install': False, 'test_result_base': None}
[17.109s] Level 5:colcon.colcon_core.verb:set package 'vesc_ackermann' build argument 'cmake_args' from command line to 'None'
[17.109s] Level 5:colcon.colcon_core.verb:set package 'vesc_ackermann' build argument 'cmake_target' from command line to 'None'
[17.109s] Level 5:colcon.colcon_core.verb:set package 'vesc_ackermann' build argument 'cmake_target_skip_unavailable' from command line to 'False'
[17.109s] Level 5:colcon.colcon_core.verb:set package 'vesc_ackermann' build argument 'cmake_clean_cache' from command line to 'False'
[17.109s] Level 5:colcon.colcon_core.verb:set package 'vesc_ackermann' build argument 'cmake_clean_first' from command line to 'False'
[17.109s] Level 5:colcon.colcon_core.verb:set package 'vesc_ackermann' build argument 'cmake_force_configure' from command line to 'False'
[17.110s] Level 5:colcon.colcon_core.verb:set package 'vesc_ackermann' build argument 'ament_cmake_args' from command line to 'None'
[17.110s] Level 5:colcon.colcon_core.verb:set package 'vesc_ackermann' build argument 'catkin_cmake_args' from command line to 'None'
[17.110s] Level 5:colcon.colcon_core.verb:set package 'vesc_ackermann' build argument 'catkin_skip_building_tests' from command line to 'False'
[17.110s] DEBUG:colcon.colcon_core.verb:Building package 'vesc_ackermann' with the following arguments: {'ament_cmake_args': None, 'build_base': '/home/adam/Sensor-Fusion-And-Autonomous-Racing-Cars/ros_ws/build/vesc_ackermann', 'catkin_cmake_args': None, 'catkin_skip_building_tests': False, 'cmake_args': None, 'cmake_clean_cache': False, 'cmake_clean_first': False, 'cmake_force_configure': False, 'cmake_target': None, 'cmake_target_skip_unavailable': False, 'install_base': '/home/adam/Sensor-Fusion-And-Autonomous-Racing-Cars/ros_ws/install/vesc_ackermann', 'merge_install': False, 'path': '/home/adam/Sensor-Fusion-And-Autonomous-Racing-Cars/ros_ws/src/vesc_driver/vesc_ackermann', 'symlink_install': False, 'test_result_base': None}
[17.286s] Level 5:colcon.colcon_core.verb:set package 'image_common' build argument 'cmake_args' from command line to 'None'
[17.286s] Level 5:colcon.colcon_core.verb:set package 'image_common' build argument 'cmake_target' from command line to 'None'
[17.286s] Level 5:colcon.colcon_core.verb:set package 'image_common' build argument 'cmake_target_skip_unavailable' from command line to 'False'
[17.286s] Level 5:colcon.colcon_core.verb:set package 'image_common' build argument 'cmake_clean_cache' from command line to 'False'
[17.286s] Level 5:colcon.colcon_core.verb:set package 'image_common' build argument 'cmake_clean_first' from command line to 'False'
[17.286s] Level 5:colcon.colcon_core.verb:set package 'image_common' build argument 'cmake_force_configure' from command line to 'False'
[17.287s] Level 5:colcon.colcon_core.verb:set package 'image_common' build argument 'ament_cmake_args' from command line to 'None'
[17.287s] Level 5:colcon.colcon_core.verb:set package 'image_common' build argument 'catkin_cmake_args' from command line to 'None'
[17.287s] Level 5:colcon.colcon_core.verb:set package 'image_common' build argument 'catkin_skip_building_tests' from command line to 'False'
[17.287s] DEBUG:colcon.colcon_core.verb:Building package 'image_common' with the following arguments: {'ament_cmake_args': None, 'build_base': '/home/adam/Sensor-Fusion-And-Autonomous-Racing-Cars/ros_ws/build/image_common', 'catkin_cmake_args': None, 'catkin_skip_building_tests': False, 'cmake_args': None, 'cmake_clean_cache': False, 'cmake_clean_first': False, 'cmake_force_configure': False, 'cmake_target': None, 'cmake_target_skip_unavailable': False, 'install_base': '/home/adam/Sensor-Fusion-And-Autonomous-Racing-Cars/ros_ws/install/image_common', 'merge_install': False, 'path': '/home/adam/Sensor-Fusion-And-Autonomous-Racing-Cars/ros_ws/src/image_common/image_common', 'symlink_install': False, 'test_result_base': None}
[17.462s] Level 5:colcon.colcon_core.verb:set package 'image_transport_plugins' build argument 'cmake_args' from command line to 'None'
[17.462s] Level 5:colcon.colcon_core.verb:set package 'image_transport_plugins' build argument 'cmake_target' from command line to 'None'
[17.462s] Level 5:colcon.colcon_core.verb:set package 'image_transport_plugins' build argument 'cmake_target_skip_unavailable' from command line to 'False'
[17.462s] Level 5:colcon.colcon_core.verb:set package 'image_transport_plugins' build argument 'cmake_clean_cache' from command line to 'False'
[17.462s] Level 5:colcon.colcon_core.verb:set package 'image_transport_plugins' build argument 'cmake_clean_first' from command line to 'False'
[17.462s] Level 5:colcon.colcon_core.verb:set package 'image_transport_plugins' build argument 'cmake_force_configure' from command line to 'False'
[17.462s] Level 5:colcon.colcon_core.verb:set package 'image_transport_plugins' build argument 'ament_cmake_args' from command line to 'None'
[17.463s] Level 5:colcon.colcon_core.verb:set package 'image_transport_plugins' build argument 'catkin_cmake_args' from command line to 'None'
[17.463s] Level 5:colcon.colcon_core.verb:set package 'image_transport_plugins' build argument 'catkin_skip_building_tests' from command line to 'False'
[17.463s] DEBUG:colcon.colcon_core.verb:Building package 'image_transport_plugins' with the following arguments: {'ament_cmake_args': None, 'build_base': '/home/adam/Sensor-Fusion-And-Autonomous-Racing-Cars/ros_ws/build/image_transport_plugins', 'catkin_cmake_args': None, 'catkin_skip_building_tests': False, 'cmake_args': None, 'cmake_clean_cache': False, 'cmake_clean_first': False, 'cmake_force_configure': False, 'cmake_target': None, 'cmake_target_skip_unavailable': False, 'install_base': '/home/adam/Sensor-Fusion-And-Autonomous-Racing-Cars/ros_ws/install/image_transport_plugins', 'merge_install': False, 'path': '/home/adam/Sensor-Fusion-And-Autonomous-Racing-Cars/ros_ws/src/image_transport_plugins/image_transport_plugins', 'symlink_install': False, 'test_result_base': None}
[17.639s] Level 5:colcon.colcon_core.verb:set package 'serial_driver' build argument 'cmake_args' from command line to 'None'
[17.639s] Level 5:colcon.colcon_core.verb:set package 'serial_driver' build argument 'cmake_target' from command line to 'None'
[17.639s] Level 5:colcon.colcon_core.verb:set package 'serial_driver' build argument 'cmake_target_skip_unavailable' from command line to 'False'
[17.639s] Level 5:colcon.colcon_core.verb:set package 'serial_driver' build argument 'cmake_clean_cache' from command line to 'False'
[17.639s] Level 5:colcon.colcon_core.verb:set package 'serial_driver' build argument 'cmake_clean_first' from command line to 'False'
[17.639s] Level 5:colcon.colcon_core.verb:set package 'serial_driver' build argument 'cmake_force_configure' from command line to 'False'
[17.639s] Level 5:colcon.colcon_core.verb:set package 'serial_driver' build argument 'ament_cmake_args' from command line to 'None'
[17.639s] Level 5:colcon.colcon_core.verb:set package 'serial_driver' build argument 'catkin_cmake_args' from command line to 'None'
[17.640s] Level 5:colcon.colcon_core.verb:set package 'serial_driver' build argument 'catkin_skip_building_tests' from command line to 'False'
[17.640s] DEBUG:colcon.colcon_core.verb:Building package 'serial_driver' with the following arguments: {'ament_cmake_args': None, 'build_base': '/home/adam/Sensor-Fusion-And-Autonomous-Racing-Cars/ros_ws/build/serial_driver', 'catkin_cmake_args': None, 'catkin_skip_building_tests': False, 'cmake_args': None, 'cmake_clean_cache': False, 'cmake_clean_first': False, 'cmake_force_configure': False, 'cmake_target': None, 'cmake_target_skip_unavailable': False, 'install_base': '/home/adam/Sensor-Fusion-And-Autonomous-Racing-Cars/ros_ws/install/serial_driver', 'merge_install': False, 'path': '/home/adam/Sensor-Fusion-And-Autonomous-Racing-Cars/ros_ws/src/transport_drivers/serial_driver', 'symlink_install': False, 'test_result_base': None}
[17.819s] Level 5:colcon.colcon_core.verb:set package 'udp_driver' build argument 'cmake_args' from command line to 'None'
[17.820s] Level 5:colcon.colcon_core.verb:set package 'udp_driver' build argument 'cmake_target' from command line to 'None'
[17.820s] Level 5:colcon.colcon_core.verb:set package 'udp_driver' build argument 'cmake_target_skip_unavailable' from command line to 'False'
[17.820s] Level 5:colcon.colcon_core.verb:set package 'udp_driver' build argument 'cmake_clean_cache' from command line to 'False'
[17.820s] Level 5:colcon.colcon_core.verb:set package 'udp_driver' build argument 'cmake_clean_first' from command line to 'False'
[17.820s] Level 5:colcon.colcon_core.verb:set package 'udp_driver' build argument 'cmake_force_configure' from command line to 'False'
[17.820s] Level 5:colcon.colcon_core.verb:set package 'udp_driver' build argument 'ament_cmake_args' from command line to 'None'
[17.820s] Level 5:colcon.colcon_core.verb:set package 'udp_driver' build argument 'catkin_cmake_args' from command line to 'None'
[17.820s] Level 5:colcon.colcon_core.verb:set package 'udp_driver' build argument 'catkin_skip_building_tests' from command line to 'False'
[17.820s] DEBUG:colcon.colcon_core.verb:Building package 'udp_driver' with the following arguments: {'ament_cmake_args': None, 'build_base': '/home/adam/Sensor-Fusion-And-Autonomous-Racing-Cars/ros_ws/build/udp_driver', 'catkin_cmake_args': None, 'catkin_skip_building_tests': False, 'cmake_args': None, 'cmake_clean_cache': False, 'cmake_clean_first': False, 'cmake_force_configure': False, 'cmake_target': None, 'cmake_target_skip_unavailable': False, 'install_base': '/home/adam/Sensor-Fusion-And-Autonomous-Racing-Cars/ros_ws/install/udp_driver', 'merge_install': False, 'path': '/home/adam/Sensor-Fusion-And-Autonomous-Racing-Cars/ros_ws/src/transport_drivers/udp_driver', 'symlink_install': False, 'test_result_base': None}
[17.995s] Level 5:colcon.colcon_core.verb:set package 'v4l2_camera' build argument 'cmake_args' from command line to 'None'
[17.996s] Level 5:colcon.colcon_core.verb:set package 'v4l2_camera' build argument 'cmake_target' from command line to 'None'
[17.996s] Level 5:colcon.colcon_core.verb:set package 'v4l2_camera' build argument 'cmake_target_skip_unavailable' from command line to 'False'
[17.996s] Level 5:colcon.colcon_core.verb:set package 'v4l2_camera' build argument 'cmake_clean_cache' from command line to 'False'
[17.996s] Level 5:colcon.colcon_core.verb:set package 'v4l2_camera' build argument 'cmake_clean_first' from command line to 'False'
[17.996s] Level 5:colcon.colcon_core.verb:set package 'v4l2_camera' build argument 'cmake_force_configure' from command line to 'False'
[17.996s] Level 5:colcon.colcon_core.verb:set package 'v4l2_camera' build argument 'ament_cmake_args' from command line to 'None'
[17.996s] Level 5:colcon.colcon_core.verb:set package 'v4l2_camera' build argument 'catkin_cmake_args' from command line to 'None'
[17.996s] Level 5:colcon.colcon_core.verb:set package 'v4l2_camera' build argument 'catkin_skip_building_tests' from command line to 'False'
[17.997s] DEBUG:colcon.colcon_core.verb:Building package 'v4l2_camera' with the following arguments: {'ament_cmake_args': None, 'build_base': '/home/adam/Sensor-Fusion-And-Autonomous-Racing-Cars/ros_ws/build/v4l2_camera', 'catkin_cmake_args': None, 'catkin_skip_building_tests': False, 'cmake_args': None, 'cmake_clean_cache': False, 'cmake_clean_first': False, 'cmake_force_configure': False, 'cmake_target': None, 'cmake_target_skip_unavailable': False, 'install_base': '/home/adam/Sensor-Fusion-And-Autonomous-Racing-Cars/ros_ws/install/v4l2_camera', 'merge_install': False, 'path': '/home/adam/Sensor-Fusion-And-Autonomous-Racing-Cars/ros_ws/src/v4l2_camera', 'symlink_install': False, 'test_result_base': None}
[18.173s] Level 5:colcon.colcon_core.verb:set package 'vesc_driver' build argument 'cmake_args' from command line to 'None'
[18.173s] Level 5:colcon.colcon_core.verb:set package 'vesc_driver' build argument 'cmake_target' from command line to 'None'
[18.173s] Level 5:colcon.colcon_core.verb:set package 'vesc_driver' build argument 'cmake_target_skip_unavailable' from command line to 'False'
[18.173s] Level 5:colcon.colcon_core.verb:set package 'vesc_driver' build argument 'cmake_clean_cache' from command line to 'False'
[18.173s] Level 5:colcon.colcon_core.verb:set package 'vesc_driver' build argument 'cmake_clean_first' from command line to 'False'
[18.174s] Level 5:colcon.colcon_core.verb:set package 'vesc_driver' build argument 'cmake_force_configure' from command line to 'False'
[18.174s] Level 5:colcon.colcon_core.verb:set package 'vesc_driver' build argument 'ament_cmake_args' from command line to 'None'
[18.174s] Level 5:colcon.colcon_core.verb:set package 'vesc_driver' build argument 'catkin_cmake_args' from command line to 'None'
[18.174s] Level 5:colcon.colcon_core.verb:set package 'vesc_driver' build argument 'catkin_skip_building_tests' from command line to 'False'
[18.174s] DEBUG:colcon.colcon_core.verb:Building package 'vesc_driver' with the following arguments: {'ament_cmake_args': None, 'build_base': '/home/adam/Sensor-Fusion-And-Autonomous-Racing-Cars/ros_ws/build/vesc_driver', 'catkin_cmake_args': None, 'catkin_skip_building_tests': False, 'cmake_args': None, 'cmake_clean_cache': False, 'cmake_clean_first': False, 'cmake_force_configure': False, 'cmake_target': None, 'cmake_target_skip_unavailable': False, 'install_base': '/home/adam/Sensor-Fusion-And-Autonomous-Racing-Cars/ros_ws/install/vesc_driver', 'merge_install': False, 'path': '/home/adam/Sensor-Fusion-And-Autonomous-Racing-Cars/ros_ws/src/vesc_driver/vesc_driver', 'symlink_install': False, 'test_result_base': None}
[18.349s] Level 5:colcon.colcon_core.verb:set package 'vesc' build argument 'cmake_args' from command line to 'None'
[18.350s] Level 5:colcon.colcon_core.verb:set package 'vesc' build argument 'cmake_target' from command line to 'None'
[18.350s] Level 5:colcon.colcon_core.verb:set package 'vesc' build argument 'cmake_target_skip_unavailable' from command line to 'False'
[18.350s] Level 5:colcon.colcon_core.verb:set package 'vesc' build argument 'cmake_clean_cache' from command line to 'False'
[18.350s] Level 5:colcon.colcon_core.verb:set package 'vesc' build argument 'cmake_clean_first' from command line to 'False'
[18.350s] Level 5:colcon.colcon_core.verb:set package 'vesc' build argument 'cmake_force_configure' from command line to 'False'
[18.350s] Level 5:colcon.colcon_core.verb:set package 'vesc' build argument 'ament_cmake_args' from command line to 'None'
[18.350s] Level 5:colcon.colcon_core.verb:set package 'vesc' build argument 'catkin_cmake_args' from command line to 'None'
[18.350s] Level 5:colcon.colcon_core.verb:set package 'vesc' build argument 'catkin_skip_building_tests' from command line to 'False'
[18.350s] DEBUG:colcon.colcon_core.verb:Building package 'vesc' with the following arguments: {'ament_cmake_args': None, 'build_base': '/home/adam/Sensor-Fusion-And-Autonomous-Racing-Cars/ros_ws/build/vesc', 'catkin_cmake_args': None, 'catkin_skip_building_tests': False, 'cmake_args': None, 'cmake_clean_cache': False, 'cmake_clean_first': False, 'cmake_force_configure': False, 'cmake_target': None, 'cmake_target_skip_unavailable': False, 'install_base': '/home/adam/Sensor-Fusion-And-Autonomous-Racing-Cars/ros_ws/install/vesc', 'merge_install': False, 'path': '/home/adam/Sensor-Fusion-And-Autonomous-Racing-Cars/ros_ws/src/vesc_driver/vesc', 'symlink_install': False, 'test_result_base': None}
[18.525s] INFO:colcon.colcon_core.executor:Executing jobs using 'parallel' executor
[18.705s] DEBUG:colcon.colcon_parallel_executor.executor.parallel:run_until_complete
[18.707s] INFO:colcon.colcon_ros.task.ament_cmake.build:Building ROS package in '/home/adam/Sensor-Fusion-And-Autonomous-Racing-Cars/ros_ws/src/image_common/image_transport' with build type 'ament_cmake'
[18.707s] INFO:colcon.colcon_cmake.task.cmake.build:Building CMake package in '/home/adam/Sensor-Fusion-And-Autonomous-Racing-Cars/ros_ws/src/image_common/image_transport'
[18.919s] INFO:colcon.colcon_core.plugin_system:Skipping extension 'colcon_core.shell.bat': Not used on non-Windows systems
[18.920s] INFO:colcon.colcon_core.shell:Skip shell extension 'powershell' for command environment: Not usable outside of PowerShell
[18.920s] DEBUG:colcon.colcon_core.shell:Skip shell extension 'dsv' for command environment
[19.505s] INFO:colcon.colcon_ros.task.ament_cmake.build:Building ROS package in '/home/adam/Sensor-Fusion-And-Autonomous-Racing-Cars/ros_ws/src/transport_drivers/asio_cmake_module' with build type 'ament_cmake'
[19.506s] INFO:colcon.colcon_cmake.task.cmake.build:Building CMake package in '/home/adam/Sensor-Fusion-And-Autonomous-Racing-Cars/ros_ws/src/transport_drivers/asio_cmake_module'
[19.700s] INFO:colcon.colcon_core.shell:Skip shell extension 'powershell' for command environment: Not usable outside of PowerShell
[19.700s] DEBUG:colcon.colcon_core.shell:Skip shell extension 'dsv' for command environment
[20.293s] INFO:colcon.colcon_ros.task.ament_cmake.build:Building ROS package in '/home/adam/Sensor-Fusion-And-Autonomous-Racing-Cars/ros_ws/src/image_common/camera_calibration_parsers' with build type 'ament_cmake'
[20.294s] INFO:colcon.colcon_cmake.task.cmake.build:Building CMake package in '/home/adam/Sensor-Fusion-And-Autonomous-Racing-Cars/ros_ws/src/image_common/camera_calibration_parsers'
[20.490s] INFO:colcon.colcon_core.shell:Skip shell extension 'powershell' for command environment: Not usable outside of PowerShell
[20.491s] DEBUG:colcon.colcon_core.shell:Skip shell extension 'dsv' for command environment
[21.058s] INFO:colcon.colcon_ros.task.ament_cmake.build:Building ROS package in '/home/adam/Sensor-Fusion-And-Autonomous-Racing-Cars/ros_ws/src/vesc_driver/vesc_msgs' with build type 'ament_cmake'
[21.059s] INFO:colcon.colcon_cmake.task.cmake.build:Building CMake package in '/home/adam/Sensor-Fusion-And-Autonomous-Racing-Cars/ros_ws/src/vesc_driver/vesc_msgs'
[21.245s] INFO:colcon.colcon_core.shell:Skip shell extension 'powershell' for command environment: Not usable outside of PowerShell
[21.246s] DEBUG:colcon.colcon_core.shell:Skip shell extension 'dsv' for command environment
[21.873s] DEBUG:colcon.colcon_core.event_handler.log_command:Invoking command in '/home/adam/Sensor-Fusion-And-Autonomous-Racing-Cars/ros_ws/build/image_transport': CMAKE_PREFIX_PATH=${CMAKE_PREFIX_PATH}:/home/adam/Sensor-Fusion-And-Autonomous-Racing-Cars/ros_ws/install/steering_test_pkg:/home/adam/Sensor-Fusion-And-Autonomous-Racing-Cars/ros_ws/install/servo_controller:/home/adam/Sensor-Fusion-And-Autonomous-Racing-Cars/ros_ws/install/motor_controller:/home/adam/Sensor-Fusion-And-Autonomous-Racing-Cars/ros_ws/install/camera_sensor:/home/adam/Sensor-Fusion-And-Autonomous-Racing-Cars/ros_ws/install/arc_startup:/home/adam/Sensor-Fusion-And-Autonomous-Racing-Cars/ros_ws/install/arc_keyboard_control:/home/adam/Sensor-Fusion-And-Autonomous-Racing-Cars/ros_ws/install/arc_autonomous_ctrl:/opt/ros/foxy /usr/bin/cmake /home/adam/Sensor-Fusion-And-Autonomous-Racing-Cars/ros_ws/src/image_common/image_transport -DCMAKE_INSTALL_PREFIX=/home/adam/Sensor-Fusion-And-Autonomous-Racing-Cars/ros_ws/install/image_transport
[21.909s] DEBUG:colcon.colcon_core.event_handler.log_command:Invoking command in '/home/adam/Sensor-Fusion-And-Autonomous-Racing-Cars/ros_ws/build/asio_cmake_module': CMAKE_PREFIX_PATH=${CMAKE_PREFIX_PATH}:/home/adam/Sensor-Fusion-And-Autonomous-Racing-Cars/ros_ws/install/steering_test_pkg:/home/adam/Sensor-Fusion-And-Autonomous-Racing-Cars/ros_ws/install/servo_controller:/home/adam/Sensor-Fusion-And-Autonomous-Racing-Cars/ros_ws/install/motor_controller:/home/adam/Sensor-Fusion-And-Autonomous-Racing-Cars/ros_ws/install/camera_sensor:/home/adam/Sensor-Fusion-And-Autonomous-Racing-Cars/ros_ws/install/arc_startup:/home/adam/Sensor-Fusion-And-Autonomous-Racing-Cars/ros_ws/install/arc_keyboard_control:/home/adam/Sensor-Fusion-And-Autonomous-Racing-Cars/ros_ws/install/arc_autonomous_ctrl:/opt/ros/foxy /usr/bin/cmake /home/adam/Sensor-Fusion-And-Autonomous-Racing-Cars/ros_ws/src/transport_drivers/asio_cmake_module -DCMAKE_INSTALL_PREFIX=/home/adam/Sensor-Fusion-And-Autonomous-Racing-Cars/ros_ws/install/asio_cmake_module
[21.929s] DEBUG:colcon.colcon_core.event_handler.log_command:Invoking command in '/home/adam/Sensor-Fusion-And-Autonomous-Racing-Cars/ros_ws/build/camera_calibration_parsers': CMAKE_PREFIX_PATH=${CMAKE_PREFIX_PATH}:/home/adam/Sensor-Fusion-And-Autonomous-Racing-Cars/ros_ws/install/steering_test_pkg:/home/adam/Sensor-Fusion-And-Autonomous-Racing-Cars/ros_ws/install/servo_controller:/home/adam/Sensor-Fusion-And-Autonomous-Racing-Cars/ros_ws/install/motor_controller:/home/adam/Sensor-Fusion-And-Autonomous-Racing-Cars/ros_ws/install/camera_sensor:/home/adam/Sensor-Fusion-And-Autonomous-Racing-Cars/ros_ws/install/arc_startup:/home/adam/Sensor-Fusion-And-Autonomous-Racing-Cars/ros_ws/install/arc_keyboard_control:/home/adam/Sensor-Fusion-And-Autonomous-Racing-Cars/ros_ws/install/arc_autonomous_ctrl:/opt/ros/foxy /usr/bin/cmake /home/adam/Sensor-Fusion-And-Autonomous-Racing-Cars/ros_ws/src/image_common/camera_calibration_parsers -DCMAKE_INSTALL_PREFIX=/home/adam/Sensor-Fusion-And-Autonomous-Racing-Cars/ros_ws/install/camera_calibration_parsers
[21.970s] DEBUG:colcon.colcon_core.event_handler.log_command:Invoking command in '/home/adam/Sensor-Fusion-And-Autonomous-Racing-Cars/ros_ws/build/vesc_msgs': CMAKE_PREFIX_PATH=${CMAKE_PREFIX_PATH}:/home/adam/Sensor-Fusion-And-Autonomous-Racing-Cars/ros_ws/install/steering_test_pkg:/home/adam/Sensor-Fusion-And-Autonomous-Racing-Cars/ros_ws/install/servo_controller:/home/adam/Sensor-Fusion-And-Autonomous-Racing-Cars/ros_ws/install/motor_controller:/home/adam/Sensor-Fusion-And-Autonomous-Racing-Cars/ros_ws/install/camera_sensor:/home/adam/Sensor-Fusion-And-Autonomous-Racing-Cars/ros_ws/install/arc_startup:/home/adam/Sensor-Fusion-And-Autonomous-Racing-Cars/ros_ws/install/arc_keyboard_control:/home/adam/Sensor-Fusion-And-Autonomous-Racing-Cars/ros_ws/install/arc_autonomous_ctrl:/opt/ros/foxy /usr/bin/cmake /home/adam/Sensor-Fusion-And-Autonomous-Racing-Cars/ros_ws/src/vesc_driver/vesc_msgs -DCMAKE_INSTALL_PREFIX=/home/adam/Sensor-Fusion-And-Autonomous-Racing-Cars/ros_ws/install/vesc_msgs
[29.252s] DEBUG:colcon.colcon_core.event_handler.log_command:Invoked command in '/home/adam/Sensor-Fusion-And-Autonomous-Racing-Cars/ros_ws/build/asio_cmake_module' returned '0': CMAKE_PREFIX_PATH=${CMAKE_PREFIX_PATH}:/home/adam/Sensor-Fusion-And-Autonomous-Racing-Cars/ros_ws/install/steering_test_pkg:/home/adam/Sensor-Fusion-And-Autonomous-Racing-Cars/ros_ws/install/servo_controller:/home/adam/Sensor-Fusion-And-Autonomous-Racing-Cars/ros_ws/install/motor_controller:/home/adam/Sensor-Fusion-And-Autonomous-Racing-Cars/ros_ws/install/camera_sensor:/home/adam/Sensor-Fusion-And-Autonomous-Racing-Cars/ros_ws/install/arc_startup:/home/adam/Sensor-Fusion-And-Autonomous-Racing-Cars/ros_ws/install/arc_keyboard_control:/home/adam/Sensor-Fusion-And-Autonomous-Racing-Cars/ros_ws/install/arc_autonomous_ctrl:/opt/ros/foxy /usr/bin/cmake /home/adam/Sensor-Fusion-And-Autonomous-Racing-Cars/ros_ws/src/transport_drivers/asio_cmake_module -DCMAKE_INSTALL_PREFIX=/home/adam/Sensor-Fusion-And-Autonomous-Racing-Cars/ros_ws/install/asio_cmake_module
[29.255s] DEBUG:colcon.colcon_core.event_handler.log_command:Invoking command in '/home/adam/Sensor-Fusion-And-Autonomous-Racing-Cars/ros_ws/build/asio_cmake_module': CMAKE_PREFIX_PATH=${CMAKE_PREFIX_PATH}:/home/adam/Sensor-Fusion-And-Autonomous-Racing-Cars/ros_ws/install/steering_test_pkg:/home/adam/Sensor-Fusion-And-Autonomous-Racing-Cars/ros_ws/install/servo_controller:/home/adam/Sensor-Fusion-And-Autonomous-Racing-Cars/ros_ws/install/motor_controller:/home/adam/Sensor-Fusion-And-Autonomous-Racing-Cars/ros_ws/install/camera_sensor:/home/adam/Sensor-Fusion-And-Autonomous-Racing-Cars/ros_ws/install/arc_startup:/home/adam/Sensor-Fusion-And-Autonomous-Racing-Cars/ros_ws/install/arc_keyboard_control:/home/adam/Sensor-Fusion-And-Autonomous-Racing-Cars/ros_ws/install/arc_autonomous_ctrl:/opt/ros/foxy /usr/bin/cmake --build /home/adam/Sensor-Fusion-And-Autonomous-Racing-Cars/ros_ws/build/asio_cmake_module -- -j4 -l4
[29.448s] DEBUG:colcon.colcon_core.event_handler.log_command:Invoked command in '/home/adam/Sensor-Fusion-And-Autonomous-Racing-Cars/ros_ws/build/asio_cmake_module' returned '0': CMAKE_PREFIX_PATH=${CMAKE_PREFIX_PATH}:/home/adam/Sensor-Fusion-And-Autonomous-Racing-Cars/ros_ws/install/steering_test_pkg:/home/adam/Sensor-Fusion-And-Autonomous-Racing-Cars/ros_ws/install/servo_controller:/home/adam/Sensor-Fusion-And-Autonomous-Racing-Cars/ros_ws/install/motor_controller:/home/adam/Sensor-Fusion-And-Autonomous-Racing-Cars/ros_ws/install/camera_sensor:/home/adam/Sensor-Fusion-And-Autonomous-Racing-Cars/ros_ws/install/arc_startup:/home/adam/Sensor-Fusion-And-Autonomous-Racing-Cars/ros_ws/install/arc_keyboard_control:/home/adam/Sensor-Fusion-And-Autonomous-Racing-Cars/ros_ws/install/arc_autonomous_ctrl:/opt/ros/foxy /usr/bin/cmake --build /home/adam/Sensor-Fusion-And-Autonomous-Racing-Cars/ros_ws/build/asio_cmake_module -- -j4 -l4
[29.666s] DEBUG:colcon.colcon_core.event_handler.log_command:Invoking command in '/home/adam/Sensor-Fusion-And-Autonomous-Racing-Cars/ros_ws/build/asio_cmake_module': CMAKE_PREFIX_PATH=${CMAKE_PREFIX_PATH}:/home/adam/Sensor-Fusion-And-Autonomous-Racing-Cars/ros_ws/install/steering_test_pkg:/home/adam/Sensor-Fusion-And-Autonomous-Racing-Cars/ros_ws/install/servo_controller:/home/adam/Sensor-Fusion-And-Autonomous-Racing-Cars/ros_ws/install/motor_controller:/home/adam/Sensor-Fusion-And-Autonomous-Racing-Cars/ros_ws/install/camera_sensor:/home/adam/Sensor-Fusion-And-Autonomous-Racing-Cars/ros_ws/install/arc_startup:/home/adam/Sensor-Fusion-And-Autonomous-Racing-Cars/ros_ws/install/arc_keyboard_control:/home/adam/Sensor-Fusion-And-Autonomous-Racing-Cars/ros_ws/install/arc_autonomous_ctrl:/opt/ros/foxy /usr/bin/cmake --install /home/adam/Sensor-Fusion-And-Autonomous-Racing-Cars/ros_ws/build/asio_cmake_module
[29.754s] Level 1:colcon.colcon_core.environment:create_environment_scripts_only(asio_cmake_module)
[29.757s] DEBUG:colcon.colcon_core.event_handler.log_command:Invoked command in '/home/adam/Sensor-Fusion-And-Autonomous-Racing-Cars/ros_ws/build/asio_cmake_module' returned '0': CMAKE_PREFIX_PATH=${CMAKE_PREFIX_PATH}:/home/adam/Sensor-Fusion-And-Autonomous-Racing-Cars/ros_ws/install/steering_test_pkg:/home/adam/Sensor-Fusion-And-Autonomous-Racing-Cars/ros_ws/install/servo_controller:/home/adam/Sensor-Fusion-And-Autonomous-Racing-Cars/ros_ws/install/motor_controller:/home/adam/Sensor-Fusion-And-Autonomous-Racing-Cars/ros_ws/install/camera_sensor:/home/adam/Sensor-Fusion-And-Autonomous-Racing-Cars/ros_ws/install/arc_startup:/home/adam/Sensor-Fusion-And-Autonomous-Racing-Cars/ros_ws/install/arc_keyboard_control:/home/adam/Sensor-Fusion-And-Autonomous-Racing-Cars/ros_ws/install/arc_autonomous_ctrl:/opt/ros/foxy /usr/bin/cmake --install /home/adam/Sensor-Fusion-And-Autonomous-Racing-Cars/ros_ws/build/asio_cmake_module
[30.060s] Level 1:colcon.colcon_core.environment:checking '/home/adam/Sensor-Fusion-And-Autonomous-Racing-Cars/ros_ws/install/asio_cmake_module' for CMake module files
[30.063s] Level 1:colcon.colcon_core.environment:checking '/home/adam/Sensor-Fusion-And-Autonomous-Racing-Cars/ros_ws/install/asio_cmake_module' for CMake config files
[30.066s] Level 1:colcon.colcon_core.shell:create_environment_hook('asio_cmake_module', 'cmake_prefix_path')
[30.340s] INFO:colcon.colcon_core.shell:Creating environment hook '/home/adam/Sensor-Fusion-And-Autonomous-Racing-Cars/ros_ws/install/asio_cmake_module/share/asio_cmake_module/hook/cmake_prefix_path.ps1'
[30.345s] INFO:colcon.colcon_core.shell:Creating environment descriptor '/home/adam/Sensor-Fusion-And-Autonomous-Racing-Cars/ros_ws/install/asio_cmake_module/share/asio_cmake_module/hook/cmake_prefix_path.dsv'
[30.347s] INFO:colcon.colcon_core.shell:Creating environment hook '/home/adam/Sensor-Fusion-And-Autonomous-Racing-Cars/ros_ws/install/asio_cmake_module/share/asio_cmake_module/hook/cmake_prefix_path.sh'
[30.352s] Level 1:colcon.colcon_core.environment:checking '/home/adam/Sensor-Fusion-And-Autonomous-Racing-Cars/ros_ws/install/asio_cmake_module/bin'
[30.353s] Level 1:colcon.colcon_core.environment:checking '/home/adam/Sensor-Fusion-And-Autonomous-Racing-Cars/ros_ws/install/asio_cmake_module/lib/pkgconfig/asio_cmake_module.pc'
[30.354s] Level 1:colcon.colcon_core.environment:checking '/home/adam/Sensor-Fusion-And-Autonomous-Racing-Cars/ros_ws/install/asio_cmake_module/lib/python3.8/site-packages'
[30.355s] Level 1:colcon.colcon_core.environment:checking '/home/adam/Sensor-Fusion-And-Autonomous-Racing-Cars/ros_ws/install/asio_cmake_module/bin'
[30.609s] INFO:colcon.colcon_core.shell:Creating package script '/home/adam/Sensor-Fusion-And-Autonomous-Racing-Cars/ros_ws/install/asio_cmake_module/share/asio_cmake_module/package.ps1'
[30.614s] INFO:colcon.colcon_core.shell:Creating package descriptor '/home/adam/Sensor-Fusion-And-Autonomous-Racing-Cars/ros_ws/install/asio_cmake_module/share/asio_cmake_module/package.dsv'
[30.618s] INFO:colcon.colcon_core.shell:Creating package script '/home/adam/Sensor-Fusion-And-Autonomous-Racing-Cars/ros_ws/install/asio_cmake_module/share/asio_cmake_module/package.sh'
[30.622s] INFO:colcon.colcon_core.shell:Creating package script '/home/adam/Sensor-Fusion-And-Autonomous-Racing-Cars/ros_ws/install/asio_cmake_module/share/asio_cmake_module/package.bash'
[30.626s] INFO:colcon.colcon_core.shell:Creating package script '/home/adam/Sensor-Fusion-And-Autonomous-Racing-Cars/ros_ws/install/asio_cmake_module/share/asio_cmake_module/package.zsh'
[30.631s] Level 1:colcon.colcon_core.environment:create_file_with_runtime_dependencies(/home/adam/Sensor-Fusion-And-Autonomous-Racing-Cars/ros_ws/install/asio_cmake_module/share/colcon-core/packages/asio_cmake_module)
[31.116s] Level 1:colcon.colcon_core.environment:create_environment_scripts_only(asio_cmake_module)
[31.463s] Level 1:colcon.colcon_core.environment:checking '/home/adam/Sensor-Fusion-And-Autonomous-Racing-Cars/ros_ws/install/asio_cmake_module' for CMake module files
[31.467s] Level 1:colcon.colcon_core.environment:checking '/home/adam/Sensor-Fusion-And-Autonomous-Racing-Cars/ros_ws/install/asio_cmake_module' for CMake config files
[31.468s] Level 1:colcon.colcon_core.shell:create_environment_hook('asio_cmake_module', 'cmake_prefix_path')
[31.866s] INFO:colcon.colcon_core.shell:Creating environment hook '/home/adam/Sensor-Fusion-And-Autonomous-Racing-Cars/ros_ws/install/asio_cmake_module/share/asio_cmake_module/hook/cmake_prefix_path.ps1'
[31.869s] INFO:colcon.colcon_core.shell:Creating environment descriptor '/home/adam/Sensor-Fusion-And-Autonomous-Racing-Cars/ros_ws/install/asio_cmake_module/share/asio_cmake_module/hook/cmake_prefix_path.dsv'
[31.872s] INFO:colcon.colcon_core.shell:Creating environment hook '/home/adam/Sensor-Fusion-And-Autonomous-Racing-Cars/ros_ws/install/asio_cmake_module/share/asio_cmake_module/hook/cmake_prefix_path.sh'
[31.877s] Level 1:colcon.colcon_core.environment:checking '/home/adam/Sensor-Fusion-And-Autonomous-Racing-Cars/ros_ws/install/asio_cmake_module/bin'
[31.878s] Level 1:colcon.colcon_core.environment:checking '/home/adam/Sensor-Fusion-And-Autonomous-Racing-Cars/ros_ws/install/asio_cmake_module/lib/pkgconfig/asio_cmake_module.pc'
[31.879s] Level 1:colcon.colcon_core.environment:checking '/home/adam/Sensor-Fusion-And-Autonomous-Racing-Cars/ros_ws/install/asio_cmake_module/lib/python3.8/site-packages'
[31.881s] Level 1:colcon.colcon_core.environment:checking '/home/adam/Sensor-Fusion-And-Autonomous-Racing-Cars/ros_ws/install/asio_cmake_module/bin'
[32.281s] INFO:colcon.colcon_core.shell:Creating package script '/home/adam/Sensor-Fusion-And-Autonomous-Racing-Cars/ros_ws/install/asio_cmake_module/share/asio_cmake_module/package.ps1'
[32.287s] INFO:colcon.colcon_core.shell:Creating package descriptor '/home/adam/Sensor-Fusion-And-Autonomous-Racing-Cars/ros_ws/install/asio_cmake_module/share/asio_cmake_module/package.dsv'
[32.291s] INFO:colcon.colcon_core.shell:Creating package script '/home/adam/Sensor-Fusion-And-Autonomous-Racing-Cars/ros_ws/install/asio_cmake_module/share/asio_cmake_module/package.sh'
[32.295s] INFO:colcon.colcon_core.shell:Creating package script '/home/adam/Sensor-Fusion-And-Autonomous-Racing-Cars/ros_ws/install/asio_cmake_module/share/asio_cmake_module/package.bash'
[32.299s] INFO:colcon.colcon_core.shell:Creating package script '/home/adam/Sensor-Fusion-And-Autonomous-Racing-Cars/ros_ws/install/asio_cmake_module/share/asio_cmake_module/package.zsh'
[32.302s] Level 1:colcon.colcon_core.environment:create_file_with_runtime_dependencies(/home/adam/Sensor-Fusion-And-Autonomous-Racing-Cars/ros_ws/install/asio_cmake_module/share/colcon-core/packages/asio_cmake_module)
[32.307s] INFO:colcon.colcon_ros.task.ament_cmake.build:Building ROS package in '/home/adam/Sensor-Fusion-And-Autonomous-Racing-Cars/ros_ws/src/transport_drivers/io_context' with build type 'ament_cmake'
[32.309s] INFO:colcon.colcon_cmake.task.cmake.build:Building CMake package in '/home/adam/Sensor-Fusion-And-Autonomous-Racing-Cars/ros_ws/src/transport_drivers/io_context'
[32.660s] INFO:colcon.colcon_core.shell:Skip shell extension 'powershell' for command environment: Not usable outside of PowerShell
[32.660s] DEBUG:colcon.colcon_core.shell:Skip shell extension 'dsv' for command environment
[33.699s] DEBUG:colcon.colcon_core.event_handler.log_command:Invoking command in '/home/adam/Sensor-Fusion-And-Autonomous-Racing-Cars/ros_ws/build/io_context': CMAKE_PREFIX_PATH=/home/adam/Sensor-Fusion-And-Autonomous-Racing-Cars/ros_ws/install/asio_cmake_module:/home/adam/Sensor-Fusion-And-Autonomous-Racing-Cars/ros_ws/install/vesc:/home/adam/Sensor-Fusion-And-Autonomous-Racing-Cars/ros_ws/install/vesc_driver:/home/adam/Sensor-Fusion-And-Autonomous-Racing-Cars/ros_ws/install/vesc_ackermann:/home/adam/Sensor-Fusion-And-Autonomous-Racing-Cars/ros_ws/install/vesc_msgs:/home/adam/Sensor-Fusion-And-Autonomous-Racing-Cars/ros_ws/install/v4l2_camera:/home/adam/Sensor-Fusion-And-Autonomous-Racing-Cars/ros_ws/install/udp_driver:/home/adam/Sensor-Fusion-And-Autonomous-Racing-Cars/ros_ws/install/image_transport_plugins:/home/adam/Sensor-Fusion-And-Autonomous-Racing-Cars/ros_ws/install/theora_image_transport:/home/adam/Sensor-Fusion-And-Autonomous-Racing-Cars/ros_ws/install/serial_driver:/home/adam/Sensor-Fusion-And-Autonomous-Racing-Cars/ros_ws/install/ldlidar_ros2:/home/adam/Sensor-Fusion-And-Autonomous-Racing-Cars/ros_ws/install/io_context:/home/adam/Sensor-Fusion-And-Autonomous-Racing-Cars/ros_ws/install/compressed_image_transport:/home/adam/Sensor-Fusion-And-Autonomous-Racing-Cars/ros_ws/install/compressed_depth_image_transport:/home/adam/Sensor-Fusion-And-Autonomous-Racing-Cars/ros_ws/install/steering_test_pkg:/home/adam/Sensor-Fusion-And-Autonomous-Racing-Cars/ros_ws/install/servo_controller:/home/adam/Sensor-Fusion-And-Autonomous-Racing-Cars/ros_ws/install/motor_controller:/home/adam/Sensor-Fusion-And-Autonomous-Racing-Cars/ros_ws/install/camera_sensor:/home/adam/Sensor-Fusion-And-Autonomous-Racing-Cars/ros_ws/install/arc_startup:/home/adam/Sensor-Fusion-And-Autonomous-Racing-Cars/ros_ws/install/arc_keyboard_control:/home/adam/Sensor-Fusion-And-Autonomous-Racing-Cars/ros_ws/install/arc_autonomous_ctrl:/opt/ros/foxy /usr/bin/cmake /home/adam/Sensor-Fusion-And-Autonomous-Racing-Cars/ros_ws/src/transport_drivers/io_context -DCMAKE_INSTALL_PREFIX=/home/adam/Sensor-Fusion-And-Autonomous-Racing-Cars/ros_ws/install/io_context
[36.218s] DEBUG:colcon.colcon_core.event_handler.log_command:Invoked command in '/home/adam/Sensor-Fusion-And-Autonomous-Racing-Cars/ros_ws/build/image_transport' returned '0': CMAKE_PREFIX_PATH=${CMAKE_PREFIX_PATH}:/home/adam/Sensor-Fusion-And-Autonomous-Racing-Cars/ros_ws/install/steering_test_pkg:/home/adam/Sensor-Fusion-And-Autonomous-Racing-Cars/ros_ws/install/servo_controller:/home/adam/Sensor-Fusion-And-Autonomous-Racing-Cars/ros_ws/install/motor_controller:/home/adam/Sensor-Fusion-And-Autonomous-Racing-Cars/ros_ws/install/camera_sensor:/home/adam/Sensor-Fusion-And-Autonomous-Racing-Cars/ros_ws/install/arc_startup:/home/adam/Sensor-Fusion-And-Autonomous-Racing-Cars/ros_ws/install/arc_keyboard_control:/home/adam/Sensor-Fusion-And-Autonomous-Racing-Cars/ros_ws/install/arc_autonomous_ctrl:/opt/ros/foxy /usr/bin/cmake /home/adam/Sensor-Fusion-And-Autonomous-Racing-Cars/ros_ws/src/image_common/image_transport -DCMAKE_INSTALL_PREFIX=/home/adam/Sensor-Fusion-And-Autonomous-Racing-Cars/ros_ws/install/image_transport
[36.234s] DEBUG:colcon.colcon_core.event_handler.log_command:Invoking command in '/home/adam/Sensor-Fusion-And-Autonomous-Racing-Cars/ros_ws/build/image_transport': CMAKE_PREFIX_PATH=${CMAKE_PREFIX_PATH}:/home/adam/Sensor-Fusion-And-Autonomous-Racing-Cars/ros_ws/install/steering_test_pkg:/home/adam/Sensor-Fusion-And-Autonomous-Racing-Cars/ros_ws/install/servo_controller:/home/adam/Sensor-Fusion-And-Autonomous-Racing-Cars/ros_ws/install/motor_controller:/home/adam/Sensor-Fusion-And-Autonomous-Racing-Cars/ros_ws/install/camera_sensor:/home/adam/Sensor-Fusion-And-Autonomous-Racing-Cars/ros_ws/install/arc_startup:/home/adam/Sensor-Fusion-And-Autonomous-Racing-Cars/ros_ws/install/arc_keyboard_control:/home/adam/Sensor-Fusion-And-Autonomous-Racing-Cars/ros_ws/install/arc_autonomous_ctrl:/opt/ros/foxy /usr/bin/cmake --build /home/adam/Sensor-Fusion-And-Autonomous-Racing-Cars/ros_ws/build/image_transport -- -j4 -l4
[36.303s] DEBUG:colcon.colcon_core.event_handler.log_command:Invoked command in '/home/adam/Sensor-Fusion-And-Autonomous-Racing-Cars/ros_ws/build/camera_calibration_parsers' returned '0': CMAKE_PREFIX_PATH=${CMAKE_PREFIX_PATH}:/home/adam/Sensor-Fusion-And-Autonomous-Racing-Cars/ros_ws/install/steering_test_pkg:/home/adam/Sensor-Fusion-And-Autonomous-Racing-Cars/ros_ws/install/servo_controller:/home/adam/Sensor-Fusion-And-Autonomous-Racing-Cars/ros_ws/install/motor_controller:/home/adam/Sensor-Fusion-And-Autonomous-Racing-Cars/ros_ws/install/camera_sensor:/home/adam/Sensor-Fusion-And-Autonomous-Racing-Cars/ros_ws/install/arc_startup:/home/adam/Sensor-Fusion-And-Autonomous-Racing-Cars/ros_ws/install/arc_keyboard_control:/home/adam/Sensor-Fusion-And-Autonomous-Racing-Cars/ros_ws/install/arc_autonomous_ctrl:/opt/ros/foxy /usr/bin/cmake /home/adam/Sensor-Fusion-And-Autonomous-Racing-Cars/ros_ws/src/image_common/camera_calibration_parsers -DCMAKE_INSTALL_PREFIX=/home/adam/Sensor-Fusion-And-Autonomous-Racing-Cars/ros_ws/install/camera_calibration_parsers
[36.318s] DEBUG:colcon.colcon_core.event_handler.log_command:Invoking command in '/home/adam/Sensor-Fusion-And-Autonomous-Racing-Cars/ros_ws/build/camera_calibration_parsers': CMAKE_PREFIX_PATH=${CMAKE_PREFIX_PATH}:/home/adam/Sensor-Fusion-And-Autonomous-Racing-Cars/ros_ws/install/steering_test_pkg:/home/adam/Sensor-Fusion-And-Autonomous-Racing-Cars/ros_ws/install/servo_controller:/home/adam/Sensor-Fusion-And-Autonomous-Racing-Cars/ros_ws/install/motor_controller:/home/adam/Sensor-Fusion-And-Autonomous-Racing-Cars/ros_ws/install/camera_sensor:/home/adam/Sensor-Fusion-And-Autonomous-Racing-Cars/ros_ws/install/arc_startup:/home/adam/Sensor-Fusion-And-Autonomous-Racing-Cars/ros_ws/install/arc_keyboard_control:/home/adam/Sensor-Fusion-And-Autonomous-Racing-Cars/ros_ws/install/arc_autonomous_ctrl:/opt/ros/foxy /usr/bin/cmake --build /home/adam/Sensor-Fusion-And-Autonomous-Racing-Cars/ros_ws/build/camera_calibration_parsers -- -j4 -l4
[37.983s] DEBUG:colcon.colcon_core.event_handler.log_command:Invoked command in '/home/adam/Sensor-Fusion-And-Autonomous-Racing-Cars/ros_ws/build/vesc_msgs' returned '0': CMAKE_PREFIX_PATH=${CMAKE_PREFIX_PATH}:/home/adam/Sensor-Fusion-And-Autonomous-Racing-Cars/ros_ws/install/steering_test_pkg:/home/adam/Sensor-Fusion-And-Autonomous-Racing-Cars/ros_ws/install/servo_controller:/home/adam/Sensor-Fusion-And-Autonomous-Racing-Cars/ros_ws/install/motor_controller:/home/adam/Sensor-Fusion-And-Autonomous-Racing-Cars/ros_ws/install/camera_sensor:/home/adam/Sensor-Fusion-And-Autonomous-Racing-Cars/ros_ws/install/arc_startup:/home/adam/Sensor-Fusion-And-Autonomous-Racing-Cars/ros_ws/install/arc_keyboard_control:/home/adam/Sensor-Fusion-And-Autonomous-Racing-Cars/ros_ws/install/arc_autonomous_ctrl:/opt/ros/foxy /usr/bin/cmake /home/adam/Sensor-Fusion-And-Autonomous-Racing-Cars/ros_ws/src/vesc_driver/vesc_msgs -DCMAKE_INSTALL_PREFIX=/home/adam/Sensor-Fusion-And-Autonomous-Racing-Cars/ros_ws/install/vesc_msgs
[37.987s] DEBUG:colcon.colcon_core.event_handler.log_command:Invoking command in '/home/adam/Sensor-Fusion-And-Autonomous-Racing-Cars/ros_ws/build/vesc_msgs': CMAKE_PREFIX_PATH=${CMAKE_PREFIX_PATH}:/home/adam/Sensor-Fusion-And-Autonomous-Racing-Cars/ros_ws/install/steering_test_pkg:/home/adam/Sensor-Fusion-And-Autonomous-Racing-Cars/ros_ws/install/servo_controller:/home/adam/Sensor-Fusion-And-Autonomous-Racing-Cars/ros_ws/install/motor_controller:/home/adam/Sensor-Fusion-And-Autonomous-Racing-Cars/ros_ws/install/camera_sensor:/home/adam/Sensor-Fusion-And-Autonomous-Racing-Cars/ros_ws/install/arc_startup:/home/adam/Sensor-Fusion-And-Autonomous-Racing-Cars/ros_ws/install/arc_keyboard_control:/home/adam/Sensor-Fusion-And-Autonomous-Racing-Cars/ros_ws/install/arc_autonomous_ctrl:/opt/ros/foxy /usr/bin/cmake --build /home/adam/Sensor-Fusion-And-Autonomous-Racing-Cars/ros_ws/build/vesc_msgs -- -j4 -l4
[63.904s] DEBUG:colcon.colcon_core.event_handler.log_command:Invoked command in '/home/adam/Sensor-Fusion-And-Autonomous-Racing-Cars/ros_ws/build/io_context' returned '0': CMAKE_PREFIX_PATH=/home/adam/Sensor-Fusion-And-Autonomous-Racing-Cars/ros_ws/install/asio_cmake_module:/home/adam/Sensor-Fusion-And-Autonomous-Racing-Cars/ros_ws/install/vesc:/home/adam/Sensor-Fusion-And-Autonomous-Racing-Cars/ros_ws/install/vesc_driver:/home/adam/Sensor-Fusion-And-Autonomous-Racing-Cars/ros_ws/install/vesc_ackermann:/home/adam/Sensor-Fusion-And-Autonomous-Racing-Cars/ros_ws/install/vesc_msgs:/home/adam/Sensor-Fusion-And-Autonomous-Racing-Cars/ros_ws/install/v4l2_camera:/home/adam/Sensor-Fusion-And-Autonomous-Racing-Cars/ros_ws/install/udp_driver:/home/adam/Sensor-Fusion-And-Autonomous-Racing-Cars/ros_ws/install/image_transport_plugins:/home/adam/Sensor-Fusion-And-Autonomous-Racing-Cars/ros_ws/install/theora_image_transport:/home/adam/Sensor-Fusion-And-Autonomous-Racing-Cars/ros_ws/install/serial_driver:/home/adam/Sensor-Fusion-And-Autonomous-Racing-Cars/ros_ws/install/ldlidar_ros2:/home/adam/Sensor-Fusion-And-Autonomous-Racing-Cars/ros_ws/install/io_context:/home/adam/Sensor-Fusion-And-Autonomous-Racing-Cars/ros_ws/install/compressed_image_transport:/home/adam/Sensor-Fusion-And-Autonomous-Racing-Cars/ros_ws/install/compressed_depth_image_transport:/home/adam/Sensor-Fusion-And-Autonomous-Racing-Cars/ros_ws/install/steering_test_pkg:/home/adam/Sensor-Fusion-And-Autonomous-Racing-Cars/ros_ws/install/servo_controller:/home/adam/Sensor-Fusion-And-Autonomous-Racing-Cars/ros_ws/install/motor_controller:/home/adam/Sensor-Fusion-And-Autonomous-Racing-Cars/ros_ws/install/camera_sensor:/home/adam/Sensor-Fusion-And-Autonomous-Racing-Cars/ros_ws/install/arc_startup:/home/adam/Sensor-Fusion-And-Autonomous-Racing-Cars/ros_ws/install/arc_keyboard_control:/home/adam/Sensor-Fusion-And-Autonomous-Racing-Cars/ros_ws/install/arc_autonomous_ctrl:/opt/ros/foxy /usr/bin/cmake /home/adam/Sensor-Fusion-And-Autonomous-Racing-Cars/ros_ws/src/transport_drivers/io_context -DCMAKE_INSTALL_PREFIX=/home/adam/Sensor-Fusion-And-Autonomous-Racing-Cars/ros_ws/install/io_context
[63.909s] DEBUG:colcon.colcon_core.event_handler.log_command:Invoking command in '/home/adam/Sensor-Fusion-And-Autonomous-Racing-Cars/ros_ws/build/io_context': CMAKE_PREFIX_PATH=/home/adam/Sensor-Fusion-And-Autonomous-Racing-Cars/ros_ws/install/asio_cmake_module:/home/adam/Sensor-Fusion-And-Autonomous-Racing-Cars/ros_ws/install/vesc:/home/adam/Sensor-Fusion-And-Autonomous-Racing-Cars/ros_ws/install/vesc_driver:/home/adam/Sensor-Fusion-And-Autonomous-Racing-Cars/ros_ws/install/vesc_ackermann:/home/adam/Sensor-Fusion-And-Autonomous-Racing-Cars/ros_ws/install/vesc_msgs:/home/adam/Sensor-Fusion-And-Autonomous-Racing-Cars/ros_ws/install/v4l2_camera:/home/adam/Sensor-Fusion-And-Autonomous-Racing-Cars/ros_ws/install/udp_driver:/home/adam/Sensor-Fusion-And-Autonomous-Racing-Cars/ros_ws/install/image_transport_plugins:/home/adam/Sensor-Fusion-And-Autonomous-Racing-Cars/ros_ws/install/theora_image_transport:/home/adam/Sensor-Fusion-And-Autonomous-Racing-Cars/ros_ws/install/serial_driver:/home/adam/Sensor-Fusion-And-Autonomous-Racing-Cars/ros_ws/install/ldlidar_ros2:/home/adam/Sensor-Fusion-And-Autonomous-Racing-Cars/ros_ws/install/io_context:/home/adam/Sensor-Fusion-And-Autonomous-Racing-Cars/ros_ws/install/compressed_image_transport:/home/adam/Sensor-Fusion-And-Autonomous-Racing-Cars/ros_ws/install/compressed_depth_image_transport:/home/adam/Sensor-Fusion-And-Autonomous-Racing-Cars/ros_ws/install/steering_test_pkg:/home/adam/Sensor-Fusion-And-Autonomous-Racing-Cars/ros_ws/install/servo_controller:/home/adam/Sensor-Fusion-And-Autonomous-Racing-Cars/ros_ws/install/motor_controller:/home/adam/Sensor-Fusion-And-Autonomous-Racing-Cars/ros_ws/install/camera_sensor:/home/adam/Sensor-Fusion-And-Autonomous-Racing-Cars/ros_ws/install/arc_startup:/home/adam/Sensor-Fusion-And-Autonomous-Racing-Cars/ros_ws/install/arc_keyboard_control:/home/adam/Sensor-Fusion-And-Autonomous-Racing-Cars/ros_ws/install/arc_autonomous_ctrl:/opt/ros/foxy /usr/bin/cmake --build /home/adam/Sensor-Fusion-And-Autonomous-Racing-Cars/ros_ws/build/io_context -- -j4 -l4
[101.406s] DEBUG:colcon.colcon_core.event_handler.log_command:Invoked command in '/home/adam/Sensor-Fusion-And-Autonomous-Racing-Cars/ros_ws/build/camera_calibration_parsers' returned '0': CMAKE_PREFIX_PATH=${CMAKE_PREFIX_PATH}:/home/adam/Sensor-Fusion-And-Autonomous-Racing-Cars/ros_ws/install/steering_test_pkg:/home/adam/Sensor-Fusion-And-Autonomous-Racing-Cars/ros_ws/install/servo_controller:/home/adam/Sensor-Fusion-And-Autonomous-Racing-Cars/ros_ws/install/motor_controller:/home/adam/Sensor-Fusion-And-Autonomous-Racing-Cars/ros_ws/install/camera_sensor:/home/adam/Sensor-Fusion-And-Autonomous-Racing-Cars/ros_ws/install/arc_startup:/home/adam/Sensor-Fusion-And-Autonomous-Racing-Cars/ros_ws/install/arc_keyboard_control:/home/adam/Sensor-Fusion-And-Autonomous-Racing-Cars/ros_ws/install/arc_autonomous_ctrl:/opt/ros/foxy /usr/bin/cmake --build /home/adam/Sensor-Fusion-And-Autonomous-Racing-Cars/ros_ws/build/camera_calibration_parsers -- -j4 -l4
[101.895s] DEBUG:colcon.colcon_core.event_handler.log_command:Invoking command in '/home/adam/Sensor-Fusion-And-Autonomous-Racing-Cars/ros_ws/build/camera_calibration_parsers': CMAKE_PREFIX_PATH=${CMAKE_PREFIX_PATH}:/home/adam/Sensor-Fusion-And-Autonomous-Racing-Cars/ros_ws/install/steering_test_pkg:/home/adam/Sensor-Fusion-And-Autonomous-Racing-Cars/ros_ws/install/servo_controller:/home/adam/Sensor-Fusion-And-Autonomous-Racing-Cars/ros_ws/install/motor_controller:/home/adam/Sensor-Fusion-And-Autonomous-Racing-Cars/ros_ws/install/camera_sensor:/home/adam/Sensor-Fusion-And-Autonomous-Racing-Cars/ros_ws/install/arc_startup:/home/adam/Sensor-Fusion-And-Autonomous-Racing-Cars/ros_ws/install/arc_keyboard_control:/home/adam/Sensor-Fusion-And-Autonomous-Racing-Cars/ros_ws/install/arc_autonomous_ctrl:/opt/ros/foxy /usr/bin/cmake --install /home/adam/Sensor-Fusion-And-Autonomous-Racing-Cars/ros_ws/build/camera_calibration_parsers
[102.151s] Level 1:colcon.colcon_core.environment:create_environment_scripts_only(camera_calibration_parsers)
[102.160s] DEBUG:colcon.colcon_core.event_handler.log_command:Invoked command in '/home/adam/Sensor-Fusion-And-Autonomous-Racing-Cars/ros_ws/build/camera_calibration_parsers' returned '0': CMAKE_PREFIX_PATH=${CMAKE_PREFIX_PATH}:/home/adam/Sensor-Fusion-And-Autonomous-Racing-Cars/ros_ws/install/steering_test_pkg:/home/adam/Sensor-Fusion-And-Autonomous-Racing-Cars/ros_ws/install/servo_controller:/home/adam/Sensor-Fusion-And-Autonomous-Racing-Cars/ros_ws/install/motor_controller:/home/adam/Sensor-Fusion-And-Autonomous-Racing-Cars/ros_ws/install/camera_sensor:/home/adam/Sensor-Fusion-And-Autonomous-Racing-Cars/ros_ws/install/arc_startup:/home/adam/Sensor-Fusion-And-Autonomous-Racing-Cars/ros_ws/install/arc_keyboard_control:/home/adam/Sensor-Fusion-And-Autonomous-Racing-Cars/ros_ws/install/arc_autonomous_ctrl:/opt/ros/foxy /usr/bin/cmake --install /home/adam/Sensor-Fusion-And-Autonomous-Racing-Cars/ros_ws/build/camera_calibration_parsers
[102.581s] Level 1:colcon.colcon_core.environment:checking '/home/adam/Sensor-Fusion-And-Autonomous-Racing-Cars/ros_ws/install/camera_calibration_parsers' for CMake module files
[102.586s] Level 1:colcon.colcon_core.environment:checking '/home/adam/Sensor-Fusion-And-Autonomous-Racing-Cars/ros_ws/install/camera_calibration_parsers' for CMake config files
[102.591s] Level 1:colcon.colcon_core.shell:create_environment_hook('camera_calibration_parsers', 'cmake_prefix_path')
[103.013s] INFO:colcon.colcon_core.shell:Creating environment hook '/home/adam/Sensor-Fusion-And-Autonomous-Racing-Cars/ros_ws/install/camera_calibration_parsers/share/camera_calibration_parsers/hook/cmake_prefix_path.ps1'
[103.018s] INFO:colcon.colcon_core.shell:Creating environment descriptor '/home/adam/Sensor-Fusion-And-Autonomous-Racing-Cars/ros_ws/install/camera_calibration_parsers/share/camera_calibration_parsers/hook/cmake_prefix_path.dsv'
[103.024s] INFO:colcon.colcon_core.shell:Creating environment hook '/home/adam/Sensor-Fusion-And-Autonomous-Racing-Cars/ros_ws/install/camera_calibration_parsers/share/camera_calibration_parsers/hook/cmake_prefix_path.sh'
[103.029s] Level 1:colcon.colcon_core.environment:checking '/home/adam/Sensor-Fusion-And-Autonomous-Racing-Cars/ros_ws/install/camera_calibration_parsers/lib'
[103.032s] Level 1:colcon.colcon_core.shell:create_environment_hook('camera_calibration_parsers', 'ld_library_path_lib')
[103.560s] INFO:colcon.colcon_core.shell:Creating environment hook '/home/adam/Sensor-Fusion-And-Autonomous-Racing-Cars/ros_ws/install/camera_calibration_parsers/share/camera_calibration_parsers/hook/ld_library_path_lib.ps1'
[103.563s] INFO:colcon.colcon_core.shell:Creating environment descriptor '/home/adam/Sensor-Fusion-And-Autonomous-Racing-Cars/ros_ws/install/camera_calibration_parsers/share/camera_calibration_parsers/hook/ld_library_path_lib.dsv'
[103.566s] INFO:colcon.colcon_core.shell:Creating environment hook '/home/adam/Sensor-Fusion-And-Autonomous-Racing-Cars/ros_ws/install/camera_calibration_parsers/share/camera_calibration_parsers/hook/ld_library_path_lib.sh'
[103.569s] Level 1:colcon.colcon_core.environment:checking '/home/adam/Sensor-Fusion-And-Autonomous-Racing-Cars/ros_ws/install/camera_calibration_parsers/bin'
[103.570s] Level 1:colcon.colcon_core.environment:checking '/home/adam/Sensor-Fusion-And-Autonomous-Racing-Cars/ros_ws/install/camera_calibration_parsers/lib/pkgconfig/camera_calibration_parsers.pc'
[103.571s] Level 1:colcon.colcon_core.environment:checking '/home/adam/Sensor-Fusion-And-Autonomous-Racing-Cars/ros_ws/install/camera_calibration_parsers/lib/python3.8/site-packages'
[103.573s] Level 1:colcon.colcon_core.environment:checking '/home/adam/Sensor-Fusion-And-Autonomous-Racing-Cars/ros_ws/install/camera_calibration_parsers/bin'
[103.986s] INFO:colcon.colcon_core.shell:Creating package script '/home/adam/Sensor-Fusion-And-Autonomous-Racing-Cars/ros_ws/install/camera_calibration_parsers/share/camera_calibration_parsers/package.ps1'
[104.001s] INFO:colcon.colcon_core.shell:Creating package descriptor '/home/adam/Sensor-Fusion-And-Autonomous-Racing-Cars/ros_ws/install/camera_calibration_parsers/share/camera_calibration_parsers/package.dsv'
[104.016s] INFO:colcon.colcon_core.shell:Creating package script '/home/adam/Sensor-Fusion-And-Autonomous-Racing-Cars/ros_ws/install/camera_calibration_parsers/share/camera_calibration_parsers/package.sh'
[104.020s] INFO:colcon.colcon_core.shell:Creating package script '/home/adam/Sensor-Fusion-And-Autonomous-Racing-Cars/ros_ws/install/camera_calibration_parsers/share/camera_calibration_parsers/package.bash'
[104.022s] INFO:colcon.colcon_core.shell:Creating package script '/home/adam/Sensor-Fusion-And-Autonomous-Racing-Cars/ros_ws/install/camera_calibration_parsers/share/camera_calibration_parsers/package.zsh'
[104.024s] Level 1:colcon.colcon_core.environment:create_file_with_runtime_dependencies(/home/adam/Sensor-Fusion-And-Autonomous-Racing-Cars/ros_ws/install/camera_calibration_parsers/share/colcon-core/packages/camera_calibration_parsers)
[104.921s] Level 1:colcon.colcon_core.environment:create_environment_scripts_only(camera_calibration_parsers)
[105.315s] Level 1:colcon.colcon_core.environment:checking '/home/adam/Sensor-Fusion-And-Autonomous-Racing-Cars/ros_ws/install/camera_calibration_parsers' for CMake module files
[105.320s] Level 1:colcon.colcon_core.environment:checking '/home/adam/Sensor-Fusion-And-Autonomous-Racing-Cars/ros_ws/install/camera_calibration_parsers' for CMake config files
[105.325s] Level 1:colcon.colcon_core.shell:create_environment_hook('camera_calibration_parsers', 'cmake_prefix_path')
[105.759s] INFO:colcon.colcon_core.shell:Creating environment hook '/home/adam/Sensor-Fusion-And-Autonomous-Racing-Cars/ros_ws/install/camera_calibration_parsers/share/camera_calibration_parsers/hook/cmake_prefix_path.ps1'
[105.763s] INFO:colcon.colcon_core.shell:Creating environment descriptor '/home/adam/Sensor-Fusion-And-Autonomous-Racing-Cars/ros_ws/install/camera_calibration_parsers/share/camera_calibration_parsers/hook/cmake_prefix_path.dsv'
[105.767s] INFO:colcon.colcon_core.shell:Creating environment hook '/home/adam/Sensor-Fusion-And-Autonomous-Racing-Cars/ros_ws/install/camera_calibration_parsers/share/camera_calibration_parsers/hook/cmake_prefix_path.sh'
[105.772s] Level 1:colcon.colcon_core.environment:checking '/home/adam/Sensor-Fusion-And-Autonomous-Racing-Cars/ros_ws/install/camera_calibration_parsers/lib'
[105.773s] Level 1:colcon.colcon_core.shell:create_environment_hook('camera_calibration_parsers', 'ld_library_path_lib')
[106.391s] INFO:colcon.colcon_core.shell:Creating environment hook '/home/adam/Sensor-Fusion-And-Autonomous-Racing-Cars/ros_ws/install/camera_calibration_parsers/share/camera_calibration_parsers/hook/ld_library_path_lib.ps1'
[106.393s] INFO:colcon.colcon_core.shell:Creating environment descriptor '/home/adam/Sensor-Fusion-And-Autonomous-Racing-Cars/ros_ws/install/camera_calibration_parsers/share/camera_calibration_parsers/hook/ld_library_path_lib.dsv'
[106.396s] INFO:colcon.colcon_core.shell:Creating environment hook '/home/adam/Sensor-Fusion-And-Autonomous-Racing-Cars/ros_ws/install/camera_calibration_parsers/share/camera_calibration_parsers/hook/ld_library_path_lib.sh'
[106.400s] Level 1:colcon.colcon_core.environment:checking '/home/adam/Sensor-Fusion-And-Autonomous-Racing-Cars/ros_ws/install/camera_calibration_parsers/bin'
[106.401s] Level 1:colcon.colcon_core.environment:checking '/home/adam/Sensor-Fusion-And-Autonomous-Racing-Cars/ros_ws/install/camera_calibration_parsers/lib/pkgconfig/camera_calibration_parsers.pc'
[106.403s] Level 1:colcon.colcon_core.environment:checking '/home/adam/Sensor-Fusion-And-Autonomous-Racing-Cars/ros_ws/install/camera_calibration_parsers/lib/python3.8/site-packages'
[106.405s] Level 1:colcon.colcon_core.environment:checking '/home/adam/Sensor-Fusion-And-Autonomous-Racing-Cars/ros_ws/install/camera_calibration_parsers/bin'
[106.873s] INFO:colcon.colcon_core.shell:Creating package script '/home/adam/Sensor-Fusion-And-Autonomous-Racing-Cars/ros_ws/install/camera_calibration_parsers/share/camera_calibration_parsers/package.ps1'
[106.877s] INFO:colcon.colcon_core.shell:Creating package descriptor '/home/adam/Sensor-Fusion-And-Autonomous-Racing-Cars/ros_ws/install/camera_calibration_parsers/share/camera_calibration_parsers/package.dsv'
[106.882s] INFO:colcon.colcon_core.shell:Creating package script '/home/adam/Sensor-Fusion-And-Autonomous-Racing-Cars/ros_ws/install/camera_calibration_parsers/share/camera_calibration_parsers/package.sh'
[106.888s] INFO:colcon.colcon_core.shell:Creating package script '/home/adam/Sensor-Fusion-And-Autonomous-Racing-Cars/ros_ws/install/camera_calibration_parsers/share/camera_calibration_parsers/package.bash'
[106.891s] INFO:colcon.colcon_core.shell:Creating package script '/home/adam/Sensor-Fusion-And-Autonomous-Racing-Cars/ros_ws/install/camera_calibration_parsers/share/camera_calibration_parsers/package.zsh'
[106.894s] Level 1:colcon.colcon_core.environment:create_file_with_runtime_dependencies(/home/adam/Sensor-Fusion-And-Autonomous-Racing-Cars/ros_ws/install/camera_calibration_parsers/share/colcon-core/packages/camera_calibration_parsers)
[106.900s] INFO:colcon.colcon_ros.task.ament_cmake.build:Building ROS package in '/home/adam/Sensor-Fusion-And-Autonomous-Racing-Cars/ros_ws/src/image_common/camera_info_manager' with build type 'ament_cmake'
[106.902s] INFO:colcon.colcon_cmake.task.cmake.build:Building CMake package in '/home/adam/Sensor-Fusion-And-Autonomous-Racing-Cars/ros_ws/src/image_common/camera_info_manager'
[107.323s] INFO:colcon.colcon_core.shell:Skip shell extension 'powershell' for command environment: Not usable outside of PowerShell
[107.324s] DEBUG:colcon.colcon_core.shell:Skip shell extension 'dsv' for command environment
[108.717s] DEBUG:colcon.colcon_core.event_handler.log_command:Invoking command in '/home/adam/Sensor-Fusion-And-Autonomous-Racing-Cars/ros_ws/build/camera_info_manager': AMENT_PREFIX_PATH=/home/adam/Sensor-Fusion-And-Autonomous-Racing-Cars/ros_ws/install/camera_calibration_parsers:${AMENT_PREFIX_PATH} CMAKE_PREFIX_PATH=/home/adam/Sensor-Fusion-And-Autonomous-Racing-Cars/ros_ws/install/camera_calibration_parsers:/home/adam/Sensor-Fusion-And-Autonomous-Racing-Cars/ros_ws/install/vesc:/home/adam/Sensor-Fusion-And-Autonomous-Racing-Cars/ros_ws/install/vesc_driver:/home/adam/Sensor-Fusion-And-Autonomous-Racing-Cars/ros_ws/install/vesc_ackermann:/home/adam/Sensor-Fusion-And-Autonomous-Racing-Cars/ros_ws/install/vesc_msgs:/home/adam/Sensor-Fusion-And-Autonomous-Racing-Cars/ros_ws/install/v4l2_camera:/home/adam/Sensor-Fusion-And-Autonomous-Racing-Cars/ros_ws/install/udp_driver:/home/adam/Sensor-Fusion-And-Autonomous-Racing-Cars/ros_ws/install/image_transport_plugins:/home/adam/Sensor-Fusion-And-Autonomous-Racing-Cars/ros_ws/install/theora_image_transport:/home/adam/Sensor-Fusion-And-Autonomous-Racing-Cars/ros_ws/install/serial_driver:/home/adam/Sensor-Fusion-And-Autonomous-Racing-Cars/ros_ws/install/ldlidar_ros2:/home/adam/Sensor-Fusion-And-Autonomous-Racing-Cars/ros_ws/install/io_context:/home/adam/Sensor-Fusion-And-Autonomous-Racing-Cars/ros_ws/install/compressed_image_transport:/home/adam/Sensor-Fusion-And-Autonomous-Racing-Cars/ros_ws/install/compressed_depth_image_transport:/home/adam/Sensor-Fusion-And-Autonomous-Racing-Cars/ros_ws/install/asio_cmake_module:/home/adam/Sensor-Fusion-And-Autonomous-Racing-Cars/ros_ws/install/steering_test_pkg:/home/adam/Sensor-Fusion-And-Autonomous-Racing-Cars/ros_ws/install/servo_controller:/home/adam/Sensor-Fusion-And-Autonomous-Racing-Cars/ros_ws/install/motor_controller:/home/adam/Sensor-Fusion-And-Autonomous-Racing-Cars/ros_ws/install/camera_sensor:/home/adam/Sensor-Fusion-And-Autonomous-Racing-Cars/ros_ws/install/arc_startup:/home/adam/Sensor-Fusion-And-Autonomous-Racing-Cars/ros_ws/install/arc_keyboard_control:/home/adam/Sensor-Fusion-And-Autonomous-Racing-Cars/ros_ws/install/arc_autonomous_ctrl:/opt/ros/foxy LD_LIBRARY_PATH=/home/adam/Sensor-Fusion-And-Autonomous-Racing-Cars/ros_ws/install/camera_calibration_parsers/lib:${LD_LIBRARY_PATH} /usr/bin/cmake /home/adam/Sensor-Fusion-And-Autonomous-Racing-Cars/ros_ws/src/image_common/camera_info_manager -DCMAKE_INSTALL_PREFIX=/home/adam/Sensor-Fusion-And-Autonomous-Racing-Cars/ros_ws/install/camera_info_manager
[122.983s] DEBUG:colcon.colcon_core.event_handler.log_command:Invoked command in '/home/adam/Sensor-Fusion-And-Autonomous-Racing-Cars/ros_ws/build/camera_info_manager' returned '0': AMENT_PREFIX_PATH=/home/adam/Sensor-Fusion-And-Autonomous-Racing-Cars/ros_ws/install/camera_calibration_parsers:${AMENT_PREFIX_PATH} CMAKE_PREFIX_PATH=/home/adam/Sensor-Fusion-And-Autonomous-Racing-Cars/ros_ws/install/camera_calibration_parsers:/home/adam/Sensor-Fusion-And-Autonomous-Racing-Cars/ros_ws/install/vesc:/home/adam/Sensor-Fusion-And-Autonomous-Racing-Cars/ros_ws/install/vesc_driver:/home/adam/Sensor-Fusion-And-Autonomous-Racing-Cars/ros_ws/install/vesc_ackermann:/home/adam/Sensor-Fusion-And-Autonomous-Racing-Cars/ros_ws/install/vesc_msgs:/home/adam/Sensor-Fusion-And-Autonomous-Racing-Cars/ros_ws/install/v4l2_camera:/home/adam/Sensor-Fusion-And-Autonomous-Racing-Cars/ros_ws/install/udp_driver:/home/adam/Sensor-Fusion-And-Autonomous-Racing-Cars/ros_ws/install/image_transport_plugins:/home/adam/Sensor-Fusion-And-Autonomous-Racing-Cars/ros_ws/install/theora_image_transport:/home/adam/Sensor-Fusion-And-Autonomous-Racing-Cars/ros_ws/install/serial_driver:/home/adam/Sensor-Fusion-And-Autonomous-Racing-Cars/ros_ws/install/ldlidar_ros2:/home/adam/Sensor-Fusion-And-Autonomous-Racing-Cars/ros_ws/install/io_context:/home/adam/Sensor-Fusion-And-Autonomous-Racing-Cars/ros_ws/install/compressed_image_transport:/home/adam/Sensor-Fusion-And-Autonomous-Racing-Cars/ros_ws/install/compressed_depth_image_transport:/home/adam/Sensor-Fusion-And-Autonomous-Racing-Cars/ros_ws/install/asio_cmake_module:/home/adam/Sensor-Fusion-And-Autonomous-Racing-Cars/ros_ws/install/steering_test_pkg:/home/adam/Sensor-Fusion-And-Autonomous-Racing-Cars/ros_ws/install/servo_controller:/home/adam/Sensor-Fusion-And-Autonomous-Racing-Cars/ros_ws/install/motor_controller:/home/adam/Sensor-Fusion-And-Autonomous-Racing-Cars/ros_ws/install/camera_sensor:/home/adam/Sensor-Fusion-And-Autonomous-Racing-Cars/ros_ws/install/arc_startup:/home/adam/Sensor-Fusion-And-Autonomous-Racing-Cars/ros_ws/install/arc_keyboard_control:/home/adam/Sensor-Fusion-And-Autonomous-Racing-Cars/ros_ws/install/arc_autonomous_ctrl:/opt/ros/foxy LD_LIBRARY_PATH=/home/adam/Sensor-Fusion-And-Autonomous-Racing-Cars/ros_ws/install/camera_calibration_parsers/lib:${LD_LIBRARY_PATH} /usr/bin/cmake /home/adam/Sensor-Fusion-And-Autonomous-Racing-Cars/ros_ws/src/image_common/camera_info_manager -DCMAKE_INSTALL_PREFIX=/home/adam/Sensor-Fusion-And-Autonomous-Racing-Cars/ros_ws/install/camera_info_manager
[122.988s] DEBUG:colcon.colcon_core.event_handler.log_command:Invoking command in '/home/adam/Sensor-Fusion-And-Autonomous-Racing-Cars/ros_ws/build/camera_info_manager': AMENT_PREFIX_PATH=/home/adam/Sensor-Fusion-And-Autonomous-Racing-Cars/ros_ws/install/camera_calibration_parsers:${AMENT_PREFIX_PATH} CMAKE_PREFIX_PATH=/home/adam/Sensor-Fusion-And-Autonomous-Racing-Cars/ros_ws/install/camera_calibration_parsers:/home/adam/Sensor-Fusion-And-Autonomous-Racing-Cars/ros_ws/install/vesc:/home/adam/Sensor-Fusion-And-Autonomous-Racing-Cars/ros_ws/install/vesc_driver:/home/adam/Sensor-Fusion-And-Autonomous-Racing-Cars/ros_ws/install/vesc_ackermann:/home/adam/Sensor-Fusion-And-Autonomous-Racing-Cars/ros_ws/install/vesc_msgs:/home/adam/Sensor-Fusion-And-Autonomous-Racing-Cars/ros_ws/install/v4l2_camera:/home/adam/Sensor-Fusion-And-Autonomous-Racing-Cars/ros_ws/install/udp_driver:/home/adam/Sensor-Fusion-And-Autonomous-Racing-Cars/ros_ws/install/image_transport_plugins:/home/adam/Sensor-Fusion-And-Autonomous-Racing-Cars/ros_ws/install/theora_image_transport:/home/adam/Sensor-Fusion-And-Autonomous-Racing-Cars/ros_ws/install/serial_driver:/home/adam/Sensor-Fusion-And-Autonomous-Racing-Cars/ros_ws/install/ldlidar_ros2:/home/adam/Sensor-Fusion-And-Autonomous-Racing-Cars/ros_ws/install/io_context:/home/adam/Sensor-Fusion-And-Autonomous-Racing-Cars/ros_ws/install/compressed_image_transport:/home/adam/Sensor-Fusion-And-Autonomous-Racing-Cars/ros_ws/install/compressed_depth_image_transport:/home/adam/Sensor-Fusion-And-Autonomous-Racing-Cars/ros_ws/install/asio_cmake_module:/home/adam/Sensor-Fusion-And-Autonomous-Racing-Cars/ros_ws/install/steering_test_pkg:/home/adam/Sensor-Fusion-And-Autonomous-Racing-Cars/ros_ws/install/servo_controller:/home/adam/Sensor-Fusion-And-Autonomous-Racing-Cars/ros_ws/install/motor_controller:/home/adam/Sensor-Fusion-And-Autonomous-Racing-Cars/ros_ws/install/camera_sensor:/home/adam/Sensor-Fusion-And-Autonomous-Racing-Cars/ros_ws/install/arc_startup:/home/adam/Sensor-Fusion-And-Autonomous-Racing-Cars/ros_ws/install/arc_keyboard_control:/home/adam/Sensor-Fusion-And-Autonomous-Racing-Cars/ros_ws/install/arc_autonomous_ctrl:/opt/ros/foxy LD_LIBRARY_PATH=/home/adam/Sensor-Fusion-And-Autonomous-Racing-Cars/ros_ws/install/camera_calibration_parsers/lib:${LD_LIBRARY_PATH} /usr/bin/cmake --build /home/adam/Sensor-Fusion-And-Autonomous-Racing-Cars/ros_ws/build/camera_info_manager -- -j4 -l4
[127.915s] DEBUG:colcon.colcon_core.event_handler.log_command:Invoked command in '/home/adam/Sensor-Fusion-And-Autonomous-Racing-Cars/ros_ws/build/io_context' returned '0': CMAKE_PREFIX_PATH=/home/adam/Sensor-Fusion-And-Autonomous-Racing-Cars/ros_ws/install/asio_cmake_module:/home/adam/Sensor-Fusion-And-Autonomous-Racing-Cars/ros_ws/install/vesc:/home/adam/Sensor-Fusion-And-Autonomous-Racing-Cars/ros_ws/install/vesc_driver:/home/adam/Sensor-Fusion-And-Autonomous-Racing-Cars/ros_ws/install/vesc_ackermann:/home/adam/Sensor-Fusion-And-Autonomous-Racing-Cars/ros_ws/install/vesc_msgs:/home/adam/Sensor-Fusion-And-Autonomous-Racing-Cars/ros_ws/install/v4l2_camera:/home/adam/Sensor-Fusion-And-Autonomous-Racing-Cars/ros_ws/install/udp_driver:/home/adam/Sensor-Fusion-And-Autonomous-Racing-Cars/ros_ws/install/image_transport_plugins:/home/adam/Sensor-Fusion-And-Autonomous-Racing-Cars/ros_ws/install/theora_image_transport:/home/adam/Sensor-Fusion-And-Autonomous-Racing-Cars/ros_ws/install/serial_driver:/home/adam/Sensor-Fusion-And-Autonomous-Racing-Cars/ros_ws/install/ldlidar_ros2:/home/adam/Sensor-Fusion-And-Autonomous-Racing-Cars/ros_ws/install/io_context:/home/adam/Sensor-Fusion-And-Autonomous-Racing-Cars/ros_ws/install/compressed_image_transport:/home/adam/Sensor-Fusion-And-Autonomous-Racing-Cars/ros_ws/install/compressed_depth_image_transport:/home/adam/Sensor-Fusion-And-Autonomous-Racing-Cars/ros_ws/install/steering_test_pkg:/home/adam/Sensor-Fusion-And-Autonomous-Racing-Cars/ros_ws/install/servo_controller:/home/adam/Sensor-Fusion-And-Autonomous-Racing-Cars/ros_ws/install/motor_controller:/home/adam/Sensor-Fusion-And-Autonomous-Racing-Cars/ros_ws/install/camera_sensor:/home/adam/Sensor-Fusion-And-Autonomous-Racing-Cars/ros_ws/install/arc_startup:/home/adam/Sensor-Fusion-And-Autonomous-Racing-Cars/ros_ws/install/arc_keyboard_control:/home/adam/Sensor-Fusion-And-Autonomous-Racing-Cars/ros_ws/install/arc_autonomous_ctrl:/opt/ros/foxy /usr/bin/cmake --build /home/adam/Sensor-Fusion-And-Autonomous-Racing-Cars/ros_ws/build/io_context -- -j4 -l4
[128.266s] DEBUG:colcon.colcon_core.event_handler.log_command:Invoking command in '/home/adam/Sensor-Fusion-And-Autonomous-Racing-Cars/ros_ws/build/io_context': CMAKE_PREFIX_PATH=/home/adam/Sensor-Fusion-And-Autonomous-Racing-Cars/ros_ws/install/asio_cmake_module:/home/adam/Sensor-Fusion-And-Autonomous-Racing-Cars/ros_ws/install/vesc:/home/adam/Sensor-Fusion-And-Autonomous-Racing-Cars/ros_ws/install/vesc_driver:/home/adam/Sensor-Fusion-And-Autonomous-Racing-Cars/ros_ws/install/vesc_ackermann:/home/adam/Sensor-Fusion-And-Autonomous-Racing-Cars/ros_ws/install/vesc_msgs:/home/adam/Sensor-Fusion-And-Autonomous-Racing-Cars/ros_ws/install/v4l2_camera:/home/adam/Sensor-Fusion-And-Autonomous-Racing-Cars/ros_ws/install/udp_driver:/home/adam/Sensor-Fusion-And-Autonomous-Racing-Cars/ros_ws/install/image_transport_plugins:/home/adam/Sensor-Fusion-And-Autonomous-Racing-Cars/ros_ws/install/theora_image_transport:/home/adam/Sensor-Fusion-And-Autonomous-Racing-Cars/ros_ws/install/serial_driver:/home/adam/Sensor-Fusion-And-Autonomous-Racing-Cars/ros_ws/install/ldlidar_ros2:/home/adam/Sensor-Fusion-And-Autonomous-Racing-Cars/ros_ws/install/io_context:/home/adam/Sensor-Fusion-And-Autonomous-Racing-Cars/ros_ws/install/compressed_image_transport:/home/adam/Sensor-Fusion-And-Autonomous-Racing-Cars/ros_ws/install/compressed_depth_image_transport:/home/adam/Sensor-Fusion-And-Autonomous-Racing-Cars/ros_ws/install/steering_test_pkg:/home/adam/Sensor-Fusion-And-Autonomous-Racing-Cars/ros_ws/install/servo_controller:/home/adam/Sensor-Fusion-And-Autonomous-Racing-Cars/ros_ws/install/motor_controller:/home/adam/Sensor-Fusion-And-Autonomous-Racing-Cars/ros_ws/install/camera_sensor:/home/adam/Sensor-Fusion-And-Autonomous-Racing-Cars/ros_ws/install/arc_startup:/home/adam/Sensor-Fusion-And-Autonomous-Racing-Cars/ros_ws/install/arc_keyboard_control:/home/adam/Sensor-Fusion-And-Autonomous-Racing-Cars/ros_ws/install/arc_autonomous_ctrl:/opt/ros/foxy /usr/bin/cmake --install /home/adam/Sensor-Fusion-And-Autonomous-Racing-Cars/ros_ws/build/io_context
[128.455s] Level 1:colcon.colcon_core.environment:create_environment_scripts_only(io_context)
[128.457s] DEBUG:colcon.colcon_core.event_handler.log_command:Invoked command in '/home/adam/Sensor-Fusion-And-Autonomous-Racing-Cars/ros_ws/build/io_context' returned '0': CMAKE_PREFIX_PATH=/home/adam/Sensor-Fusion-And-Autonomous-Racing-Cars/ros_ws/install/asio_cmake_module:/home/adam/Sensor-Fusion-And-Autonomous-Racing-Cars/ros_ws/install/vesc:/home/adam/Sensor-Fusion-And-Autonomous-Racing-Cars/ros_ws/install/vesc_driver:/home/adam/Sensor-Fusion-And-Autonomous-Racing-Cars/ros_ws/install/vesc_ackermann:/home/adam/Sensor-Fusion-And-Autonomous-Racing-Cars/ros_ws/install/vesc_msgs:/home/adam/Sensor-Fusion-And-Autonomous-Racing-Cars/ros_ws/install/v4l2_camera:/home/adam/Sensor-Fusion-And-Autonomous-Racing-Cars/ros_ws/install/udp_driver:/home/adam/Sensor-Fusion-And-Autonomous-Racing-Cars/ros_ws/install/image_transport_plugins:/home/adam/Sensor-Fusion-And-Autonomous-Racing-Cars/ros_ws/install/theora_image_transport:/home/adam/Sensor-Fusion-And-Autonomous-Racing-Cars/ros_ws/install/serial_driver:/home/adam/Sensor-Fusion-And-Autonomous-Racing-Cars/ros_ws/install/ldlidar_ros2:/home/adam/Sensor-Fusion-And-Autonomous-Racing-Cars/ros_ws/install/io_context:/home/adam/Sensor-Fusion-And-Autonomous-Racing-Cars/ros_ws/install/compressed_image_transport:/home/adam/Sensor-Fusion-And-Autonomous-Racing-Cars/ros_ws/install/compressed_depth_image_transport:/home/adam/Sensor-Fusion-And-Autonomous-Racing-Cars/ros_ws/install/steering_test_pkg:/home/adam/Sensor-Fusion-And-Autonomous-Racing-Cars/ros_ws/install/servo_controller:/home/adam/Sensor-Fusion-And-Autonomous-Racing-Cars/ros_ws/install/motor_controller:/home/adam/Sensor-Fusion-And-Autonomous-Racing-Cars/ros_ws/install/camera_sensor:/home/adam/Sensor-Fusion-And-Autonomous-Racing-Cars/ros_ws/install/arc_startup:/home/adam/Sensor-Fusion-And-Autonomous-Racing-Cars/ros_ws/install/arc_keyboard_control:/home/adam/Sensor-Fusion-And-Autonomous-Racing-Cars/ros_ws/install/arc_autonomous_ctrl:/opt/ros/foxy /usr/bin/cmake --install /home/adam/Sensor-Fusion-And-Autonomous-Racing-Cars/ros_ws/build/io_context
[128.859s] Level 1:colcon.colcon_core.environment:checking '/home/adam/Sensor-Fusion-And-Autonomous-Racing-Cars/ros_ws/install/io_context' for CMake module files
[128.864s] Level 1:colcon.colcon_core.environment:checking '/home/adam/Sensor-Fusion-And-Autonomous-Racing-Cars/ros_ws/install/io_context' for CMake config files
[128.867s] Level 1:colcon.colcon_core.shell:create_environment_hook('io_context', 'cmake_prefix_path')
[129.243s] INFO:colcon.colcon_core.shell:Creating environment hook '/home/adam/Sensor-Fusion-And-Autonomous-Racing-Cars/ros_ws/install/io_context/share/io_context/hook/cmake_prefix_path.ps1'
[129.247s] INFO:colcon.colcon_core.shell:Creating environment descriptor '/home/adam/Sensor-Fusion-And-Autonomous-Racing-Cars/ros_ws/install/io_context/share/io_context/hook/cmake_prefix_path.dsv'
[129.249s] INFO:colcon.colcon_core.shell:Creating environment hook '/home/adam/Sensor-Fusion-And-Autonomous-Racing-Cars/ros_ws/install/io_context/share/io_context/hook/cmake_prefix_path.sh'
[129.253s] Level 1:colcon.colcon_core.environment:checking '/home/adam/Sensor-Fusion-And-Autonomous-Racing-Cars/ros_ws/install/io_context/lib'
[129.255s] Level 1:colcon.colcon_core.shell:create_environment_hook('io_context', 'ld_library_path_lib')
[129.631s] INFO:colcon.colcon_core.shell:Creating environment hook '/home/adam/Sensor-Fusion-And-Autonomous-Racing-Cars/ros_ws/install/io_context/share/io_context/hook/ld_library_path_lib.ps1'
[129.634s] INFO:colcon.colcon_core.shell:Creating environment descriptor '/home/adam/Sensor-Fusion-And-Autonomous-Racing-Cars/ros_ws/install/io_context/share/io_context/hook/ld_library_path_lib.dsv'
[129.636s] INFO:colcon.colcon_core.shell:Creating environment hook '/home/adam/Sensor-Fusion-And-Autonomous-Racing-Cars/ros_ws/install/io_context/share/io_context/hook/ld_library_path_lib.sh'
[129.639s] Level 1:colcon.colcon_core.environment:checking '/home/adam/Sensor-Fusion-And-Autonomous-Racing-Cars/ros_ws/install/io_context/bin'
[129.640s] Level 1:colcon.colcon_core.environment:checking '/home/adam/Sensor-Fusion-And-Autonomous-Racing-Cars/ros_ws/install/io_context/lib/pkgconfig/io_context.pc'
[129.641s] Level 1:colcon.colcon_core.environment:checking '/home/adam/Sensor-Fusion-And-Autonomous-Racing-Cars/ros_ws/install/io_context/lib/python3.8/site-packages'
[129.642s] Level 1:colcon.colcon_core.environment:checking '/home/adam/Sensor-Fusion-And-Autonomous-Racing-Cars/ros_ws/install/io_context/bin'
[130.009s] INFO:colcon.colcon_core.shell:Creating package script '/home/adam/Sensor-Fusion-And-Autonomous-Racing-Cars/ros_ws/install/io_context/share/io_context/package.ps1'
[130.013s] INFO:colcon.colcon_core.shell:Creating package descriptor '/home/adam/Sensor-Fusion-And-Autonomous-Racing-Cars/ros_ws/install/io_context/share/io_context/package.dsv'
[130.016s] INFO:colcon.colcon_core.shell:Creating package script '/home/adam/Sensor-Fusion-And-Autonomous-Racing-Cars/ros_ws/install/io_context/share/io_context/package.sh'
[130.020s] INFO:colcon.colcon_core.shell:Creating package script '/home/adam/Sensor-Fusion-And-Autonomous-Racing-Cars/ros_ws/install/io_context/share/io_context/package.bash'
[130.023s] INFO:colcon.colcon_core.shell:Creating package script '/home/adam/Sensor-Fusion-And-Autonomous-Racing-Cars/ros_ws/install/io_context/share/io_context/package.zsh'
[130.026s] Level 1:colcon.colcon_core.environment:create_file_with_runtime_dependencies(/home/adam/Sensor-Fusion-And-Autonomous-Racing-Cars/ros_ws/install/io_context/share/colcon-core/packages/io_context)
[130.793s] Level 1:colcon.colcon_core.environment:create_environment_scripts_only(io_context)
[131.248s] Level 1:colcon.colcon_core.environment:checking '/home/adam/Sensor-Fusion-And-Autonomous-Racing-Cars/ros_ws/install/io_context' for CMake module files
[131.252s] Level 1:colcon.colcon_core.environment:checking '/home/adam/Sensor-Fusion-And-Autonomous-Racing-Cars/ros_ws/install/io_context' for CMake config files
[131.256s] Level 1:colcon.colcon_core.shell:create_environment_hook('io_context', 'cmake_prefix_path')
[131.674s] INFO:colcon.colcon_core.shell:Creating environment hook '/home/adam/Sensor-Fusion-And-Autonomous-Racing-Cars/ros_ws/install/io_context/share/io_context/hook/cmake_prefix_path.ps1'
[131.677s] INFO:colcon.colcon_core.shell:Creating environment descriptor '/home/adam/Sensor-Fusion-And-Autonomous-Racing-Cars/ros_ws/install/io_context/share/io_context/hook/cmake_prefix_path.dsv'
[131.681s] INFO:colcon.colcon_core.shell:Creating environment hook '/home/adam/Sensor-Fusion-And-Autonomous-Racing-Cars/ros_ws/install/io_context/share/io_context/hook/cmake_prefix_path.sh'
[131.686s] Level 1:colcon.colcon_core.environment:checking '/home/adam/Sensor-Fusion-And-Autonomous-Racing-Cars/ros_ws/install/io_context/lib'
[131.687s] Level 1:colcon.colcon_core.shell:create_environment_hook('io_context', 'ld_library_path_lib')
[132.107s] INFO:colcon.colcon_core.shell:Creating environment hook '/home/adam/Sensor-Fusion-And-Autonomous-Racing-Cars/ros_ws/install/io_context/share/io_context/hook/ld_library_path_lib.ps1'
[132.112s] INFO:colcon.colcon_core.shell:Creating environment descriptor '/home/adam/Sensor-Fusion-And-Autonomous-Racing-Cars/ros_ws/install/io_context/share/io_context/hook/ld_library_path_lib.dsv'
[132.116s] INFO:colcon.colcon_core.shell:Creating environment hook '/home/adam/Sensor-Fusion-And-Autonomous-Racing-Cars/ros_ws/install/io_context/share/io_context/hook/ld_library_path_lib.sh'
[132.121s] Level 1:colcon.colcon_core.environment:checking '/home/adam/Sensor-Fusion-And-Autonomous-Racing-Cars/ros_ws/install/io_context/bin'
[132.123s] Level 1:colcon.colcon_core.environment:checking '/home/adam/Sensor-Fusion-And-Autonomous-Racing-Cars/ros_ws/install/io_context/lib/pkgconfig/io_context.pc'
[132.125s] Level 1:colcon.colcon_core.environment:checking '/home/adam/Sensor-Fusion-And-Autonomous-Racing-Cars/ros_ws/install/io_context/lib/python3.8/site-packages'
[132.127s] Level 1:colcon.colcon_core.environment:checking '/home/adam/Sensor-Fusion-And-Autonomous-Racing-Cars/ros_ws/install/io_context/bin'
[132.551s] INFO:colcon.colcon_core.shell:Creating package script '/home/adam/Sensor-Fusion-And-Autonomous-Racing-Cars/ros_ws/install/io_context/share/io_context/package.ps1'
[132.560s] INFO:colcon.colcon_core.shell:Creating package descriptor '/home/adam/Sensor-Fusion-And-Autonomous-Racing-Cars/ros_ws/install/io_context/share/io_context/package.dsv'
[132.564s] INFO:colcon.colcon_core.shell:Creating package script '/home/adam/Sensor-Fusion-And-Autonomous-Racing-Cars/ros_ws/install/io_context/share/io_context/package.sh'
[132.569s] INFO:colcon.colcon_core.shell:Creating package script '/home/adam/Sensor-Fusion-And-Autonomous-Racing-Cars/ros_ws/install/io_context/share/io_context/package.bash'
[132.572s] INFO:colcon.colcon_core.shell:Creating package script '/home/adam/Sensor-Fusion-And-Autonomous-Racing-Cars/ros_ws/install/io_context/share/io_context/package.zsh'
[132.576s] Level 1:colcon.colcon_core.environment:create_file_with_runtime_dependencies(/home/adam/Sensor-Fusion-And-Autonomous-Racing-Cars/ros_ws/install/io_context/share/colcon-core/packages/io_context)
[132.585s] INFO:colcon.colcon_ros.task.ament_cmake.build:Building ROS package in '/home/adam/Sensor-Fusion-And-Autonomous-Racing-Cars/ros_ws/src/transport_drivers/serial_driver' with build type 'ament_cmake'
[132.587s] INFO:colcon.colcon_cmake.task.cmake.build:Building CMake package in '/home/adam/Sensor-Fusion-And-Autonomous-Racing-Cars/ros_ws/src/transport_drivers/serial_driver'
[133.010s] INFO:colcon.colcon_core.shell:Skip shell extension 'powershell' for command environment: Not usable outside of PowerShell
[133.011s] DEBUG:colcon.colcon_core.shell:Skip shell extension 'dsv' for command environment
[134.581s] DEBUG:colcon.colcon_core.event_handler.log_command:Invoking command in '/home/adam/Sensor-Fusion-And-Autonomous-Racing-Cars/ros_ws/build/serial_driver': CMAKE_PREFIX_PATH=/home/adam/Sensor-Fusion-And-Autonomous-Racing-Cars/ros_ws/install/io_context:/home/adam/Sensor-Fusion-And-Autonomous-Racing-Cars/ros_ws/install/asio_cmake_module:/home/adam/Sensor-Fusion-And-Autonomous-Racing-Cars/ros_ws/install/vesc:/home/adam/Sensor-Fusion-And-Autonomous-Racing-Cars/ros_ws/install/vesc_driver:/home/adam/Sensor-Fusion-And-Autonomous-Racing-Cars/ros_ws/install/vesc_ackermann:/home/adam/Sensor-Fusion-And-Autonomous-Racing-Cars/ros_ws/install/vesc_msgs:/home/adam/Sensor-Fusion-And-Autonomous-Racing-Cars/ros_ws/install/v4l2_camera:/home/adam/Sensor-Fusion-And-Autonomous-Racing-Cars/ros_ws/install/udp_driver:/home/adam/Sensor-Fusion-And-Autonomous-Racing-Cars/ros_ws/install/image_transport_plugins:/home/adam/Sensor-Fusion-And-Autonomous-Racing-Cars/ros_ws/install/theora_image_transport:/home/adam/Sensor-Fusion-And-Autonomous-Racing-Cars/ros_ws/install/serial_driver:/home/adam/Sensor-Fusion-And-Autonomous-Racing-Cars/ros_ws/install/ldlidar_ros2:/home/adam/Sensor-Fusion-And-Autonomous-Racing-Cars/ros_ws/install/compressed_image_transport:/home/adam/Sensor-Fusion-And-Autonomous-Racing-Cars/ros_ws/install/compressed_depth_image_transport:/home/adam/Sensor-Fusion-And-Autonomous-Racing-Cars/ros_ws/install/steering_test_pkg:/home/adam/Sensor-Fusion-And-Autonomous-Racing-Cars/ros_ws/install/servo_controller:/home/adam/Sensor-Fusion-And-Autonomous-Racing-Cars/ros_ws/install/motor_controller:/home/adam/Sensor-Fusion-And-Autonomous-Racing-Cars/ros_ws/install/camera_sensor:/home/adam/Sensor-Fusion-And-Autonomous-Racing-Cars/ros_ws/install/arc_startup:/home/adam/Sensor-Fusion-And-Autonomous-Racing-Cars/ros_ws/install/arc_keyboard_control:/home/adam/Sensor-Fusion-And-Autonomous-Racing-Cars/ros_ws/install/arc_autonomous_ctrl:/opt/ros/foxy LD_LIBRARY_PATH=/home/adam/Sensor-Fusion-And-Autonomous-Racing-Cars/ros_ws/install/io_context/lib:/home/adam/Sensor-Fusion-And-Autonomous-Racing-Cars/ros_ws/install/vesc_driver/lib:/home/adam/Sensor-Fusion-And-Autonomous-Racing-Cars/ros_ws/install/vesc_ackermann/lib:/home/adam/Sensor-Fusion-And-Autonomous-Racing-Cars/ros_ws/install/vesc_msgs/lib:/home/adam/Sensor-Fusion-And-Autonomous-Racing-Cars/ros_ws/install/v4l2_camera/lib:/home/adam/Sensor-Fusion-And-Autonomous-Racing-Cars/ros_ws/install/udp_driver/lib:/home/adam/Sensor-Fusion-And-Autonomous-Racing-Cars/ros_ws/install/theora_image_transport/lib:/home/adam/Sensor-Fusion-And-Autonomous-Racing-Cars/ros_ws/install/serial_driver/lib:/home/adam/Sensor-Fusion-And-Autonomous-Racing-Cars/ros_ws/install/compressed_image_transport/lib:/home/adam/Sensor-Fusion-And-Autonomous-Racing-Cars/ros_ws/install/compressed_depth_image_transport/lib:/opt/ros/foxy/opt/yaml_cpp_vendor/lib:/opt/ros/foxy/opt/rviz_ogre_vendor/lib:/opt/ros/foxy/lib/aarch64-linux-gnu:/opt/ros/foxy/lib /usr/bin/cmake /home/adam/Sensor-Fusion-And-Autonomous-Racing-Cars/ros_ws/src/transport_drivers/serial_driver -DCMAKE_INSTALL_PREFIX=/home/adam/Sensor-Fusion-And-Autonomous-Racing-Cars/ros_ws/install/serial_driver
[137.535s] DEBUG:colcon.colcon_core.event_handler.log_command:Invoked command in '/home/adam/Sensor-Fusion-And-Autonomous-Racing-Cars/ros_ws/build/camera_info_manager' returned '0': AMENT_PREFIX_PATH=/home/adam/Sensor-Fusion-And-Autonomous-Racing-Cars/ros_ws/install/camera_calibration_parsers:${AMENT_PREFIX_PATH} CMAKE_PREFIX_PATH=/home/adam/Sensor-Fusion-And-Autonomous-Racing-Cars/ros_ws/install/camera_calibration_parsers:/home/adam/Sensor-Fusion-And-Autonomous-Racing-Cars/ros_ws/install/vesc:/home/adam/Sensor-Fusion-And-Autonomous-Racing-Cars/ros_ws/install/vesc_driver:/home/adam/Sensor-Fusion-And-Autonomous-Racing-Cars/ros_ws/install/vesc_ackermann:/home/adam/Sensor-Fusion-And-Autonomous-Racing-Cars/ros_ws/install/vesc_msgs:/home/adam/Sensor-Fusion-And-Autonomous-Racing-Cars/ros_ws/install/v4l2_camera:/home/adam/Sensor-Fusion-And-Autonomous-Racing-Cars/ros_ws/install/udp_driver:/home/adam/Sensor-Fusion-And-Autonomous-Racing-Cars/ros_ws/install/image_transport_plugins:/home/adam/Sensor-Fusion-And-Autonomous-Racing-Cars/ros_ws/install/theora_image_transport:/home/adam/Sensor-Fusion-And-Autonomous-Racing-Cars/ros_ws/install/serial_driver:/home/adam/Sensor-Fusion-And-Autonomous-Racing-Cars/ros_ws/install/ldlidar_ros2:/home/adam/Sensor-Fusion-And-Autonomous-Racing-Cars/ros_ws/install/io_context:/home/adam/Sensor-Fusion-And-Autonomous-Racing-Cars/ros_ws/install/compressed_image_transport:/home/adam/Sensor-Fusion-And-Autonomous-Racing-Cars/ros_ws/install/compressed_depth_image_transport:/home/adam/Sensor-Fusion-And-Autonomous-Racing-Cars/ros_ws/install/asio_cmake_module:/home/adam/Sensor-Fusion-And-Autonomous-Racing-Cars/ros_ws/install/steering_test_pkg:/home/adam/Sensor-Fusion-And-Autonomous-Racing-Cars/ros_ws/install/servo_controller:/home/adam/Sensor-Fusion-And-Autonomous-Racing-Cars/ros_ws/install/motor_controller:/home/adam/Sensor-Fusion-And-Autonomous-Racing-Cars/ros_ws/install/camera_sensor:/home/adam/Sensor-Fusion-And-Autonomous-Racing-Cars/ros_ws/install/arc_startup:/home/adam/Sensor-Fusion-And-Autonomous-Racing-Cars/ros_ws/install/arc_keyboard_control:/home/adam/Sensor-Fusion-And-Autonomous-Racing-Cars/ros_ws/install/arc_autonomous_ctrl:/opt/ros/foxy LD_LIBRARY_PATH=/home/adam/Sensor-Fusion-And-Autonomous-Racing-Cars/ros_ws/install/camera_calibration_parsers/lib:${LD_LIBRARY_PATH} /usr/bin/cmake --build /home/adam/Sensor-Fusion-And-Autonomous-Racing-Cars/ros_ws/build/camera_info_manager -- -j4 -l4
[137.805s] DEBUG:colcon.colcon_core.event_handler.log_command:Invoking command in '/home/adam/Sensor-Fusion-And-Autonomous-Racing-Cars/ros_ws/build/camera_info_manager': AMENT_PREFIX_PATH=/home/adam/Sensor-Fusion-And-Autonomous-Racing-Cars/ros_ws/install/camera_calibration_parsers:${AMENT_PREFIX_PATH} CMAKE_PREFIX_PATH=/home/adam/Sensor-Fusion-And-Autonomous-Racing-Cars/ros_ws/install/camera_calibration_parsers:/home/adam/Sensor-Fusion-And-Autonomous-Racing-Cars/ros_ws/install/vesc:/home/adam/Sensor-Fusion-And-Autonomous-Racing-Cars/ros_ws/install/vesc_driver:/home/adam/Sensor-Fusion-And-Autonomous-Racing-Cars/ros_ws/install/vesc_ackermann:/home/adam/Sensor-Fusion-And-Autonomous-Racing-Cars/ros_ws/install/vesc_msgs:/home/adam/Sensor-Fusion-And-Autonomous-Racing-Cars/ros_ws/install/v4l2_camera:/home/adam/Sensor-Fusion-And-Autonomous-Racing-Cars/ros_ws/install/udp_driver:/home/adam/Sensor-Fusion-And-Autonomous-Racing-Cars/ros_ws/install/image_transport_plugins:/home/adam/Sensor-Fusion-And-Autonomous-Racing-Cars/ros_ws/install/theora_image_transport:/home/adam/Sensor-Fusion-And-Autonomous-Racing-Cars/ros_ws/install/serial_driver:/home/adam/Sensor-Fusion-And-Autonomous-Racing-Cars/ros_ws/install/ldlidar_ros2:/home/adam/Sensor-Fusion-And-Autonomous-Racing-Cars/ros_ws/install/io_context:/home/adam/Sensor-Fusion-And-Autonomous-Racing-Cars/ros_ws/install/compressed_image_transport:/home/adam/Sensor-Fusion-And-Autonomous-Racing-Cars/ros_ws/install/compressed_depth_image_transport:/home/adam/Sensor-Fusion-And-Autonomous-Racing-Cars/ros_ws/install/asio_cmake_module:/home/adam/Sensor-Fusion-And-Autonomous-Racing-Cars/ros_ws/install/steering_test_pkg:/home/adam/Sensor-Fusion-And-Autonomous-Racing-Cars/ros_ws/install/servo_controller:/home/adam/Sensor-Fusion-And-Autonomous-Racing-Cars/ros_ws/install/motor_controller:/home/adam/Sensor-Fusion-And-Autonomous-Racing-Cars/ros_ws/install/camera_sensor:/home/adam/Sensor-Fusion-And-Autonomous-Racing-Cars/ros_ws/install/arc_startup:/home/adam/Sensor-Fusion-And-Autonomous-Racing-Cars/ros_ws/install/arc_keyboard_control:/home/adam/Sensor-Fusion-And-Autonomous-Racing-Cars/ros_ws/install/arc_autonomous_ctrl:/opt/ros/foxy LD_LIBRARY_PATH=/home/adam/Sensor-Fusion-And-Autonomous-Racing-Cars/ros_ws/install/camera_calibration_parsers/lib:${LD_LIBRARY_PATH} /usr/bin/cmake --install /home/adam/Sensor-Fusion-And-Autonomous-Racing-Cars/ros_ws/build/camera_info_manager
[138.021s] Level 1:colcon.colcon_core.environment:create_environment_scripts_only(camera_info_manager)
[138.024s] DEBUG:colcon.colcon_core.event_handler.log_command:Invoked command in '/home/adam/Sensor-Fusion-And-Autonomous-Racing-Cars/ros_ws/build/camera_info_manager' returned '0': AMENT_PREFIX_PATH=/home/adam/Sensor-Fusion-And-Autonomous-Racing-Cars/ros_ws/install/camera_calibration_parsers:${AMENT_PREFIX_PATH} CMAKE_PREFIX_PATH=/home/adam/Sensor-Fusion-And-Autonomous-Racing-Cars/ros_ws/install/camera_calibration_parsers:/home/adam/Sensor-Fusion-And-Autonomous-Racing-Cars/ros_ws/install/vesc:/home/adam/Sensor-Fusion-And-Autonomous-Racing-Cars/ros_ws/install/vesc_driver:/home/adam/Sensor-Fusion-And-Autonomous-Racing-Cars/ros_ws/install/vesc_ackermann:/home/adam/Sensor-Fusion-And-Autonomous-Racing-Cars/ros_ws/install/vesc_msgs:/home/adam/Sensor-Fusion-And-Autonomous-Racing-Cars/ros_ws/install/v4l2_camera:/home/adam/Sensor-Fusion-And-Autonomous-Racing-Cars/ros_ws/install/udp_driver:/home/adam/Sensor-Fusion-And-Autonomous-Racing-Cars/ros_ws/install/image_transport_plugins:/home/adam/Sensor-Fusion-And-Autonomous-Racing-Cars/ros_ws/install/theora_image_transport:/home/adam/Sensor-Fusion-And-Autonomous-Racing-Cars/ros_ws/install/serial_driver:/home/adam/Sensor-Fusion-And-Autonomous-Racing-Cars/ros_ws/install/ldlidar_ros2:/home/adam/Sensor-Fusion-And-Autonomous-Racing-Cars/ros_ws/install/io_context:/home/adam/Sensor-Fusion-And-Autonomous-Racing-Cars/ros_ws/install/compressed_image_transport:/home/adam/Sensor-Fusion-And-Autonomous-Racing-Cars/ros_ws/install/compressed_depth_image_transport:/home/adam/Sensor-Fusion-And-Autonomous-Racing-Cars/ros_ws/install/asio_cmake_module:/home/adam/Sensor-Fusion-And-Autonomous-Racing-Cars/ros_ws/install/steering_test_pkg:/home/adam/Sensor-Fusion-And-Autonomous-Racing-Cars/ros_ws/install/servo_controller:/home/adam/Sensor-Fusion-And-Autonomous-Racing-Cars/ros_ws/install/motor_controller:/home/adam/Sensor-Fusion-And-Autonomous-Racing-Cars/ros_ws/install/camera_sensor:/home/adam/Sensor-Fusion-And-Autonomous-Racing-Cars/ros_ws/install/arc_startup:/home/adam/Sensor-Fusion-And-Autonomous-Racing-Cars/ros_ws/install/arc_keyboard_control:/home/adam/Sensor-Fusion-And-Autonomous-Racing-Cars/ros_ws/install/arc_autonomous_ctrl:/opt/ros/foxy LD_LIBRARY_PATH=/home/adam/Sensor-Fusion-And-Autonomous-Racing-Cars/ros_ws/install/camera_calibration_parsers/lib:${LD_LIBRARY_PATH} /usr/bin/cmake --install /home/adam/Sensor-Fusion-And-Autonomous-Racing-Cars/ros_ws/build/camera_info_manager
[138.503s] Level 1:colcon.colcon_core.environment:checking '/home/adam/Sensor-Fusion-And-Autonomous-Racing-Cars/ros_ws/install/camera_info_manager' for CMake module files
[138.507s] Level 1:colcon.colcon_core.environment:checking '/home/adam/Sensor-Fusion-And-Autonomous-Racing-Cars/ros_ws/install/camera_info_manager' for CMake config files
[138.514s] Level 1:colcon.colcon_core.shell:create_environment_hook('camera_info_manager', 'cmake_prefix_path')
[138.910s] INFO:colcon.colcon_core.shell:Creating environment hook '/home/adam/Sensor-Fusion-And-Autonomous-Racing-Cars/ros_ws/install/camera_info_manager/share/camera_info_manager/hook/cmake_prefix_path.ps1'
[138.913s] INFO:colcon.colcon_core.shell:Creating environment descriptor '/home/adam/Sensor-Fusion-And-Autonomous-Racing-Cars/ros_ws/install/camera_info_manager/share/camera_info_manager/hook/cmake_prefix_path.dsv'
[138.915s] INFO:colcon.colcon_core.shell:Creating environment hook '/home/adam/Sensor-Fusion-And-Autonomous-Racing-Cars/ros_ws/install/camera_info_manager/share/camera_info_manager/hook/cmake_prefix_path.sh'
[138.920s] Level 1:colcon.colcon_core.environment:checking '/home/adam/Sensor-Fusion-And-Autonomous-Racing-Cars/ros_ws/install/camera_info_manager/lib'
[138.921s] Level 1:colcon.colcon_core.shell:create_environment_hook('camera_info_manager', 'ld_library_path_lib')
[139.379s] INFO:colcon.colcon_core.shell:Creating environment hook '/home/adam/Sensor-Fusion-And-Autonomous-Racing-Cars/ros_ws/install/camera_info_manager/share/camera_info_manager/hook/ld_library_path_lib.ps1'
[139.382s] INFO:colcon.colcon_core.shell:Creating environment descriptor '/home/adam/Sensor-Fusion-And-Autonomous-Racing-Cars/ros_ws/install/camera_info_manager/share/camera_info_manager/hook/ld_library_path_lib.dsv'
[139.385s] INFO:colcon.colcon_core.shell:Creating environment hook '/home/adam/Sensor-Fusion-And-Autonomous-Racing-Cars/ros_ws/install/camera_info_manager/share/camera_info_manager/hook/ld_library_path_lib.sh'
[139.389s] Level 1:colcon.colcon_core.environment:checking '/home/adam/Sensor-Fusion-And-Autonomous-Racing-Cars/ros_ws/install/camera_info_manager/bin'
[139.390s] Level 1:colcon.colcon_core.environment:checking '/home/adam/Sensor-Fusion-And-Autonomous-Racing-Cars/ros_ws/install/camera_info_manager/lib/pkgconfig/camera_info_manager.pc'
[139.392s] Level 1:colcon.colcon_core.environment:checking '/home/adam/Sensor-Fusion-And-Autonomous-Racing-Cars/ros_ws/install/camera_info_manager/lib/python3.8/site-packages'
[139.393s] Level 1:colcon.colcon_core.environment:checking '/home/adam/Sensor-Fusion-And-Autonomous-Racing-Cars/ros_ws/install/camera_info_manager/bin'
[139.726s] INFO:colcon.colcon_core.shell:Creating package script '/home/adam/Sensor-Fusion-And-Autonomous-Racing-Cars/ros_ws/install/camera_info_manager/share/camera_info_manager/package.ps1'
[139.729s] INFO:colcon.colcon_core.shell:Creating package descriptor '/home/adam/Sensor-Fusion-And-Autonomous-Racing-Cars/ros_ws/install/camera_info_manager/share/camera_info_manager/package.dsv'
[139.732s] INFO:colcon.colcon_core.shell:Creating package script '/home/adam/Sensor-Fusion-And-Autonomous-Racing-Cars/ros_ws/install/camera_info_manager/share/camera_info_manager/package.sh'
[139.734s] INFO:colcon.colcon_core.shell:Creating package script '/home/adam/Sensor-Fusion-And-Autonomous-Racing-Cars/ros_ws/install/camera_info_manager/share/camera_info_manager/package.bash'
[139.736s] INFO:colcon.colcon_core.shell:Creating package script '/home/adam/Sensor-Fusion-And-Autonomous-Racing-Cars/ros_ws/install/camera_info_manager/share/camera_info_manager/package.zsh'
[139.738s] Level 1:colcon.colcon_core.environment:create_file_with_runtime_dependencies(/home/adam/Sensor-Fusion-And-Autonomous-Racing-Cars/ros_ws/install/camera_info_manager/share/colcon-core/packages/camera_info_manager)
[140.418s] Level 1:colcon.colcon_core.environment:create_environment_scripts_only(camera_info_manager)
[140.974s] Level 1:colcon.colcon_core.environment:checking '/home/adam/Sensor-Fusion-And-Autonomous-Racing-Cars/ros_ws/install/camera_info_manager' for CMake module files
[140.979s] Level 1:colcon.colcon_core.environment:checking '/home/adam/Sensor-Fusion-And-Autonomous-Racing-Cars/ros_ws/install/camera_info_manager' for CMake config files
[140.989s] Level 1:colcon.colcon_core.shell:create_environment_hook('camera_info_manager', 'cmake_prefix_path')
[141.360s] INFO:colcon.colcon_core.shell:Creating environment hook '/home/adam/Sensor-Fusion-And-Autonomous-Racing-Cars/ros_ws/install/camera_info_manager/share/camera_info_manager/hook/cmake_prefix_path.ps1'
[141.364s] INFO:colcon.colcon_core.shell:Creating environment descriptor '/home/adam/Sensor-Fusion-And-Autonomous-Racing-Cars/ros_ws/install/camera_info_manager/share/camera_info_manager/hook/cmake_prefix_path.dsv'
[141.366s] INFO:colcon.colcon_core.shell:Creating environment hook '/home/adam/Sensor-Fusion-And-Autonomous-Racing-Cars/ros_ws/install/camera_info_manager/share/camera_info_manager/hook/cmake_prefix_path.sh'
[141.373s] Level 1:colcon.colcon_core.environment:checking '/home/adam/Sensor-Fusion-And-Autonomous-Racing-Cars/ros_ws/install/camera_info_manager/lib'
[141.374s] Level 1:colcon.colcon_core.shell:create_environment_hook('camera_info_manager', 'ld_library_path_lib')
[141.751s] INFO:colcon.colcon_core.shell:Creating environment hook '/home/adam/Sensor-Fusion-And-Autonomous-Racing-Cars/ros_ws/install/camera_info_manager/share/camera_info_manager/hook/ld_library_path_lib.ps1'
[141.753s] INFO:colcon.colcon_core.shell:Creating environment descriptor '/home/adam/Sensor-Fusion-And-Autonomous-Racing-Cars/ros_ws/install/camera_info_manager/share/camera_info_manager/hook/ld_library_path_lib.dsv'
[141.756s] INFO:colcon.colcon_core.shell:Creating environment hook '/home/adam/Sensor-Fusion-And-Autonomous-Racing-Cars/ros_ws/install/camera_info_manager/share/camera_info_manager/hook/ld_library_path_lib.sh'
[141.758s] Level 1:colcon.colcon_core.environment:checking '/home/adam/Sensor-Fusion-And-Autonomous-Racing-Cars/ros_ws/install/camera_info_manager/bin'
[141.760s] Level 1:colcon.colcon_core.environment:checking '/home/adam/Sensor-Fusion-And-Autonomous-Racing-Cars/ros_ws/install/camera_info_manager/lib/pkgconfig/camera_info_manager.pc'
[141.762s] Level 1:colcon.colcon_core.environment:checking '/home/adam/Sensor-Fusion-And-Autonomous-Racing-Cars/ros_ws/install/camera_info_manager/lib/python3.8/site-packages'
[141.764s] Level 1:colcon.colcon_core.environment:checking '/home/adam/Sensor-Fusion-And-Autonomous-Racing-Cars/ros_ws/install/camera_info_manager/bin'
[142.200s] INFO:colcon.colcon_core.shell:Creating package script '/home/adam/Sensor-Fusion-And-Autonomous-Racing-Cars/ros_ws/install/camera_info_manager/share/camera_info_manager/package.ps1'
[142.203s] INFO:colcon.colcon_core.shell:Creating package descriptor '/home/adam/Sensor-Fusion-And-Autonomous-Racing-Cars/ros_ws/install/camera_info_manager/share/camera_info_manager/package.dsv'
[142.206s] INFO:colcon.colcon_core.shell:Creating package script '/home/adam/Sensor-Fusion-And-Autonomous-Racing-Cars/ros_ws/install/camera_info_manager/share/camera_info_manager/package.sh'
[142.209s] INFO:colcon.colcon_core.shell:Creating package script '/home/adam/Sensor-Fusion-And-Autonomous-Racing-Cars/ros_ws/install/camera_info_manager/share/camera_info_manager/package.bash'
[142.212s] INFO:colcon.colcon_core.shell:Creating package script '/home/adam/Sensor-Fusion-And-Autonomous-Racing-Cars/ros_ws/install/camera_info_manager/share/camera_info_manager/package.zsh'
[142.215s] Level 1:colcon.colcon_core.environment:create_file_with_runtime_dependencies(/home/adam/Sensor-Fusion-And-Autonomous-Racing-Cars/ros_ws/install/camera_info_manager/share/colcon-core/packages/camera_info_manager)
[142.220s] INFO:colcon.colcon_ros.task.ament_python.build:Building ROS package in '/home/adam/Sensor-Fusion-And-Autonomous-Racing-Cars/ros_ws/src/arc_autonomous_ctrl' with build type 'ament_python'
[142.221s] Level 1:colcon.colcon_core.shell:create_environment_hook('arc_autonomous_ctrl', 'ament_prefix_path')
[142.521s] INFO:colcon.colcon_core.shell:Creating environment hook '/home/adam/Sensor-Fusion-And-Autonomous-Racing-Cars/ros_ws/install/arc_autonomous_ctrl/share/arc_autonomous_ctrl/hook/ament_prefix_path.ps1'
[142.523s] INFO:colcon.colcon_core.shell:Creating environment descriptor '/home/adam/Sensor-Fusion-And-Autonomous-Racing-Cars/ros_ws/install/arc_autonomous_ctrl/share/arc_autonomous_ctrl/hook/ament_prefix_path.dsv'
[142.525s] INFO:colcon.colcon_core.shell:Creating environment hook '/home/adam/Sensor-Fusion-And-Autonomous-Racing-Cars/ros_ws/install/arc_autonomous_ctrl/share/arc_autonomous_ctrl/hook/ament_prefix_path.sh'
[142.820s] INFO:colcon.colcon_core.shell:Skip shell extension 'powershell' for command environment: Not usable outside of PowerShell
[142.821s] DEBUG:colcon.colcon_core.shell:Skip shell extension 'dsv' for command environment
[143.800s] DEBUG:colcon.colcon_core.event_handler.log_command:Invoked command in '/home/adam/Sensor-Fusion-And-Autonomous-Racing-Cars/ros_ws/build/vesc_msgs' returned '0': CMAKE_PREFIX_PATH=${CMAKE_PREFIX_PATH}:/home/adam/Sensor-Fusion-And-Autonomous-Racing-Cars/ros_ws/install/steering_test_pkg:/home/adam/Sensor-Fusion-And-Autonomous-Racing-Cars/ros_ws/install/servo_controller:/home/adam/Sensor-Fusion-And-Autonomous-Racing-Cars/ros_ws/install/motor_controller:/home/adam/Sensor-Fusion-And-Autonomous-Racing-Cars/ros_ws/install/camera_sensor:/home/adam/Sensor-Fusion-And-Autonomous-Racing-Cars/ros_ws/install/arc_startup:/home/adam/Sensor-Fusion-And-Autonomous-Racing-Cars/ros_ws/install/arc_keyboard_control:/home/adam/Sensor-Fusion-And-Autonomous-Racing-Cars/ros_ws/install/arc_autonomous_ctrl:/opt/ros/foxy /usr/bin/cmake --build /home/adam/Sensor-Fusion-And-Autonomous-Racing-Cars/ros_ws/build/vesc_msgs -- -j4 -l4
[145.662s] INFO:colcon.colcon_core.task.python.build:Building Python package in '/home/adam/Sensor-Fusion-And-Autonomous-Racing-Cars/ros_ws/src/arc_autonomous_ctrl'
[146.020s] INFO:colcon.colcon_core.shell:Skip shell extension 'powershell' for command environment: Not usable outside of PowerShell
[146.020s] DEBUG:colcon.colcon_core.shell:Skip shell extension 'dsv' for command environment
[146.999s] DEBUG:colcon.colcon_core.event_handler.log_command:Invoking command in '/home/adam/Sensor-Fusion-And-Autonomous-Racing-Cars/ros_ws/build/vesc_msgs': CMAKE_PREFIX_PATH=${CMAKE_PREFIX_PATH}:/home/adam/Sensor-Fusion-And-Autonomous-Racing-Cars/ros_ws/install/steering_test_pkg:/home/adam/Sensor-Fusion-And-Autonomous-Racing-Cars/ros_ws/install/servo_controller:/home/adam/Sensor-Fusion-And-Autonomous-Racing-Cars/ros_ws/install/motor_controller:/home/adam/Sensor-Fusion-And-Autonomous-Racing-Cars/ros_ws/install/camera_sensor:/home/adam/Sensor-Fusion-And-Autonomous-Racing-Cars/ros_ws/install/arc_startup:/home/adam/Sensor-Fusion-And-Autonomous-Racing-Cars/ros_ws/install/arc_keyboard_control:/home/adam/Sensor-Fusion-And-Autonomous-Racing-Cars/ros_ws/install/arc_autonomous_ctrl:/opt/ros/foxy /usr/bin/cmake --install /home/adam/Sensor-Fusion-And-Autonomous-Racing-Cars/ros_ws/build/vesc_msgs
[147.746s] Level 1:colcon.colcon_core.environment:create_environment_scripts_only(vesc_msgs)
[147.748s] DEBUG:colcon.colcon_core.event_handler.log_command:Invoked command in '/home/adam/Sensor-Fusion-And-Autonomous-Racing-Cars/ros_ws/build/vesc_msgs' returned '0': CMAKE_PREFIX_PATH=${CMAKE_PREFIX_PATH}:/home/adam/Sensor-Fusion-And-Autonomous-Racing-Cars/ros_ws/install/steering_test_pkg:/home/adam/Sensor-Fusion-And-Autonomous-Racing-Cars/ros_ws/install/servo_controller:/home/adam/Sensor-Fusion-And-Autonomous-Racing-Cars/ros_ws/install/motor_controller:/home/adam/Sensor-Fusion-And-Autonomous-Racing-Cars/ros_ws/install/camera_sensor:/home/adam/Sensor-Fusion-And-Autonomous-Racing-Cars/ros_ws/install/arc_startup:/home/adam/Sensor-Fusion-And-Autonomous-Racing-Cars/ros_ws/install/arc_keyboard_control:/home/adam/Sensor-Fusion-And-Autonomous-Racing-Cars/ros_ws/install/arc_autonomous_ctrl:/opt/ros/foxy /usr/bin/cmake --install /home/adam/Sensor-Fusion-And-Autonomous-Racing-Cars/ros_ws/build/vesc_msgs
[148.105s] Level 1:colcon.colcon_core.environment:checking '/home/adam/Sensor-Fusion-And-Autonomous-Racing-Cars/ros_ws/install/vesc_msgs' for CMake module files
[148.109s] Level 1:colcon.colcon_core.environment:checking '/home/adam/Sensor-Fusion-And-Autonomous-Racing-Cars/ros_ws/install/vesc_msgs' for CMake config files
[148.114s] Level 1:colcon.colcon_core.shell:create_environment_hook('vesc_msgs', 'cmake_prefix_path')
[148.427s] INFO:colcon.colcon_core.shell:Creating environment hook '/home/adam/Sensor-Fusion-And-Autonomous-Racing-Cars/ros_ws/install/vesc_msgs/share/vesc_msgs/hook/cmake_prefix_path.ps1'
[148.430s] INFO:colcon.colcon_core.shell:Creating environment descriptor '/home/adam/Sensor-Fusion-And-Autonomous-Racing-Cars/ros_ws/install/vesc_msgs/share/vesc_msgs/hook/cmake_prefix_path.dsv'
[148.433s] INFO:colcon.colcon_core.shell:Creating environment hook '/home/adam/Sensor-Fusion-And-Autonomous-Racing-Cars/ros_ws/install/vesc_msgs/share/vesc_msgs/hook/cmake_prefix_path.sh'
[148.436s] Level 1:colcon.colcon_core.environment:checking '/home/adam/Sensor-Fusion-And-Autonomous-Racing-Cars/ros_ws/install/vesc_msgs/lib'
[148.438s] Level 1:colcon.colcon_core.shell:create_environment_hook('vesc_msgs', 'ld_library_path_lib')
[148.815s] INFO:colcon.colcon_core.shell:Creating environment hook '/home/adam/Sensor-Fusion-And-Autonomous-Racing-Cars/ros_ws/install/vesc_msgs/share/vesc_msgs/hook/ld_library_path_lib.ps1'
[148.818s] INFO:colcon.colcon_core.shell:Creating environment descriptor '/home/adam/Sensor-Fusion-And-Autonomous-Racing-Cars/ros_ws/install/vesc_msgs/share/vesc_msgs/hook/ld_library_path_lib.dsv'
[148.821s] INFO:colcon.colcon_core.shell:Creating environment hook '/home/adam/Sensor-Fusion-And-Autonomous-Racing-Cars/ros_ws/install/vesc_msgs/share/vesc_msgs/hook/ld_library_path_lib.sh'
[148.824s] Level 1:colcon.colcon_core.environment:checking '/home/adam/Sensor-Fusion-And-Autonomous-Racing-Cars/ros_ws/install/vesc_msgs/bin'
[148.825s] Level 1:colcon.colcon_core.environment:checking '/home/adam/Sensor-Fusion-And-Autonomous-Racing-Cars/ros_ws/install/vesc_msgs/lib/pkgconfig/vesc_msgs.pc'
[148.827s] Level 1:colcon.colcon_core.environment:checking '/home/adam/Sensor-Fusion-And-Autonomous-Racing-Cars/ros_ws/install/vesc_msgs/lib/python3.8/site-packages'
[148.827s] Level 1:colcon.colcon_core.shell:create_environment_hook('vesc_msgs', 'pythonpath')
[149.236s] INFO:colcon.colcon_core.shell:Creating environment hook '/home/adam/Sensor-Fusion-And-Autonomous-Racing-Cars/ros_ws/install/vesc_msgs/share/vesc_msgs/hook/pythonpath.ps1'
[149.239s] INFO:colcon.colcon_core.shell:Creating environment descriptor '/home/adam/Sensor-Fusion-And-Autonomous-Racing-Cars/ros_ws/install/vesc_msgs/share/vesc_msgs/hook/pythonpath.dsv'
[149.241s] INFO:colcon.colcon_core.shell:Creating environment hook '/home/adam/Sensor-Fusion-And-Autonomous-Racing-Cars/ros_ws/install/vesc_msgs/share/vesc_msgs/hook/pythonpath.sh'
[149.245s] Level 1:colcon.colcon_core.environment:checking '/home/adam/Sensor-Fusion-And-Autonomous-Racing-Cars/ros_ws/install/vesc_msgs/bin'
[149.598s] INFO:colcon.colcon_core.shell:Creating package script '/home/adam/Sensor-Fusion-And-Autonomous-Racing-Cars/ros_ws/install/vesc_msgs/share/vesc_msgs/package.ps1'
[149.601s] INFO:colcon.colcon_core.shell:Creating package descriptor '/home/adam/Sensor-Fusion-And-Autonomous-Racing-Cars/ros_ws/install/vesc_msgs/share/vesc_msgs/package.dsv'
[149.605s] INFO:colcon.colcon_core.shell:Creating package script '/home/adam/Sensor-Fusion-And-Autonomous-Racing-Cars/ros_ws/install/vesc_msgs/share/vesc_msgs/package.sh'
[149.608s] INFO:colcon.colcon_core.shell:Creating package script '/home/adam/Sensor-Fusion-And-Autonomous-Racing-Cars/ros_ws/install/vesc_msgs/share/vesc_msgs/package.bash'
[149.610s] INFO:colcon.colcon_core.shell:Creating package script '/home/adam/Sensor-Fusion-And-Autonomous-Racing-Cars/ros_ws/install/vesc_msgs/share/vesc_msgs/package.zsh'
[149.613s] Level 1:colcon.colcon_core.environment:create_file_with_runtime_dependencies(/home/adam/Sensor-Fusion-And-Autonomous-Racing-Cars/ros_ws/install/vesc_msgs/share/colcon-core/packages/vesc_msgs)
[149.872s] DEBUG:colcon.colcon_core.event_handler.log_command:Invoked command in '/home/adam/Sensor-Fusion-And-Autonomous-Racing-Cars/ros_ws/build/serial_driver' returned '0': CMAKE_PREFIX_PATH=/home/adam/Sensor-Fusion-And-Autonomous-Racing-Cars/ros_ws/install/io_context:/home/adam/Sensor-Fusion-And-Autonomous-Racing-Cars/ros_ws/install/asio_cmake_module:/home/adam/Sensor-Fusion-And-Autonomous-Racing-Cars/ros_ws/install/vesc:/home/adam/Sensor-Fusion-And-Autonomous-Racing-Cars/ros_ws/install/vesc_driver:/home/adam/Sensor-Fusion-And-Autonomous-Racing-Cars/ros_ws/install/vesc_ackermann:/home/adam/Sensor-Fusion-And-Autonomous-Racing-Cars/ros_ws/install/vesc_msgs:/home/adam/Sensor-Fusion-And-Autonomous-Racing-Cars/ros_ws/install/v4l2_camera:/home/adam/Sensor-Fusion-And-Autonomous-Racing-Cars/ros_ws/install/udp_driver:/home/adam/Sensor-Fusion-And-Autonomous-Racing-Cars/ros_ws/install/image_transport_plugins:/home/adam/Sensor-Fusion-And-Autonomous-Racing-Cars/ros_ws/install/theora_image_transport:/home/adam/Sensor-Fusion-And-Autonomous-Racing-Cars/ros_ws/install/serial_driver:/home/adam/Sensor-Fusion-And-Autonomous-Racing-Cars/ros_ws/install/ldlidar_ros2:/home/adam/Sensor-Fusion-And-Autonomous-Racing-Cars/ros_ws/install/compressed_image_transport:/home/adam/Sensor-Fusion-And-Autonomous-Racing-Cars/ros_ws/install/compressed_depth_image_transport:/home/adam/Sensor-Fusion-And-Autonomous-Racing-Cars/ros_ws/install/steering_test_pkg:/home/adam/Sensor-Fusion-And-Autonomous-Racing-Cars/ros_ws/install/servo_controller:/home/adam/Sensor-Fusion-And-Autonomous-Racing-Cars/ros_ws/install/motor_controller:/home/adam/Sensor-Fusion-And-Autonomous-Racing-Cars/ros_ws/install/camera_sensor:/home/adam/Sensor-Fusion-And-Autonomous-Racing-Cars/ros_ws/install/arc_startup:/home/adam/Sensor-Fusion-And-Autonomous-Racing-Cars/ros_ws/install/arc_keyboard_control:/home/adam/Sensor-Fusion-And-Autonomous-Racing-Cars/ros_ws/install/arc_autonomous_ctrl:/opt/ros/foxy LD_LIBRARY_PATH=/home/adam/Sensor-Fusion-And-Autonomous-Racing-Cars/ros_ws/install/io_context/lib:/home/adam/Sensor-Fusion-And-Autonomous-Racing-Cars/ros_ws/install/vesc_driver/lib:/home/adam/Sensor-Fusion-And-Autonomous-Racing-Cars/ros_ws/install/vesc_ackermann/lib:/home/adam/Sensor-Fusion-And-Autonomous-Racing-Cars/ros_ws/install/vesc_msgs/lib:/home/adam/Sensor-Fusion-And-Autonomous-Racing-Cars/ros_ws/install/v4l2_camera/lib:/home/adam/Sensor-Fusion-And-Autonomous-Racing-Cars/ros_ws/install/udp_driver/lib:/home/adam/Sensor-Fusion-And-Autonomous-Racing-Cars/ros_ws/install/theora_image_transport/lib:/home/adam/Sensor-Fusion-And-Autonomous-Racing-Cars/ros_ws/install/serial_driver/lib:/home/adam/Sensor-Fusion-And-Autonomous-Racing-Cars/ros_ws/install/compressed_image_transport/lib:/home/adam/Sensor-Fusion-And-Autonomous-Racing-Cars/ros_ws/install/compressed_depth_image_transport/lib:/opt/ros/foxy/opt/yaml_cpp_vendor/lib:/opt/ros/foxy/opt/rviz_ogre_vendor/lib:/opt/ros/foxy/lib/aarch64-linux-gnu:/opt/ros/foxy/lib /usr/bin/cmake /home/adam/Sensor-Fusion-And-Autonomous-Racing-Cars/ros_ws/src/transport_drivers/serial_driver -DCMAKE_INSTALL_PREFIX=/home/adam/Sensor-Fusion-And-Autonomous-Racing-Cars/ros_ws/install/serial_driver
[149.882s] DEBUG:colcon.colcon_core.event_handler.log_command:Invoking command in '/home/adam/Sensor-Fusion-And-Autonomous-Racing-Cars/ros_ws/build/serial_driver': CMAKE_PREFIX_PATH=/home/adam/Sensor-Fusion-And-Autonomous-Racing-Cars/ros_ws/install/io_context:/home/adam/Sensor-Fusion-And-Autonomous-Racing-Cars/ros_ws/install/asio_cmake_module:/home/adam/Sensor-Fusion-And-Autonomous-Racing-Cars/ros_ws/install/vesc:/home/adam/Sensor-Fusion-And-Autonomous-Racing-Cars/ros_ws/install/vesc_driver:/home/adam/Sensor-Fusion-And-Autonomous-Racing-Cars/ros_ws/install/vesc_ackermann:/home/adam/Sensor-Fusion-And-Autonomous-Racing-Cars/ros_ws/install/vesc_msgs:/home/adam/Sensor-Fusion-And-Autonomous-Racing-Cars/ros_ws/install/v4l2_camera:/home/adam/Sensor-Fusion-And-Autonomous-Racing-Cars/ros_ws/install/udp_driver:/home/adam/Sensor-Fusion-And-Autonomous-Racing-Cars/ros_ws/install/image_transport_plugins:/home/adam/Sensor-Fusion-And-Autonomous-Racing-Cars/ros_ws/install/theora_image_transport:/home/adam/Sensor-Fusion-And-Autonomous-Racing-Cars/ros_ws/install/serial_driver:/home/adam/Sensor-Fusion-And-Autonomous-Racing-Cars/ros_ws/install/ldlidar_ros2:/home/adam/Sensor-Fusion-And-Autonomous-Racing-Cars/ros_ws/install/compressed_image_transport:/home/adam/Sensor-Fusion-And-Autonomous-Racing-Cars/ros_ws/install/compressed_depth_image_transport:/home/adam/Sensor-Fusion-And-Autonomous-Racing-Cars/ros_ws/install/steering_test_pkg:/home/adam/Sensor-Fusion-And-Autonomous-Racing-Cars/ros_ws/install/servo_controller:/home/adam/Sensor-Fusion-And-Autonomous-Racing-Cars/ros_ws/install/motor_controller:/home/adam/Sensor-Fusion-And-Autonomous-Racing-Cars/ros_ws/install/camera_sensor:/home/adam/Sensor-Fusion-And-Autonomous-Racing-Cars/ros_ws/install/arc_startup:/home/adam/Sensor-Fusion-And-Autonomous-Racing-Cars/ros_ws/install/arc_keyboard_control:/home/adam/Sensor-Fusion-And-Autonomous-Racing-Cars/ros_ws/install/arc_autonomous_ctrl:/opt/ros/foxy LD_LIBRARY_PATH=/home/adam/Sensor-Fusion-And-Autonomous-Racing-Cars/ros_ws/install/io_context/lib:/home/adam/Sensor-Fusion-And-Autonomous-Racing-Cars/ros_ws/install/vesc_driver/lib:/home/adam/Sensor-Fusion-And-Autonomous-Racing-Cars/ros_ws/install/vesc_ackermann/lib:/home/adam/Sensor-Fusion-And-Autonomous-Racing-Cars/ros_ws/install/vesc_msgs/lib:/home/adam/Sensor-Fusion-And-Autonomous-Racing-Cars/ros_ws/install/v4l2_camera/lib:/home/adam/Sensor-Fusion-And-Autonomous-Racing-Cars/ros_ws/install/udp_driver/lib:/home/adam/Sensor-Fusion-And-Autonomous-Racing-Cars/ros_ws/install/theora_image_transport/lib:/home/adam/Sensor-Fusion-And-Autonomous-Racing-Cars/ros_ws/install/serial_driver/lib:/home/adam/Sensor-Fusion-And-Autonomous-Racing-Cars/ros_ws/install/compressed_image_transport/lib:/home/adam/Sensor-Fusion-And-Autonomous-Racing-Cars/ros_ws/install/compressed_depth_image_transport/lib:/opt/ros/foxy/opt/yaml_cpp_vendor/lib:/opt/ros/foxy/opt/rviz_ogre_vendor/lib:/opt/ros/foxy/lib/aarch64-linux-gnu:/opt/ros/foxy/lib /usr/bin/cmake --build /home/adam/Sensor-Fusion-And-Autonomous-Racing-Cars/ros_ws/build/serial_driver -- -j4 -l4
[150.509s] DEBUG:colcon.colcon_core.event_handler.log_command:Invoking command in '/home/adam/Sensor-Fusion-And-Autonomous-Racing-Cars/ros_ws/src/arc_autonomous_ctrl': PYTHONPATH=/home/adam/Sensor-Fusion-And-Autonomous-Racing-Cars/ros_ws/build/arc_autonomous_ctrl/prefix_override:/home/adam/Sensor-Fusion-And-Autonomous-Racing-Cars/ros_ws/install/arc_autonomous_ctrl/lib/python3.8/site-packages:${PYTHONPATH} /usr/bin/python3 setup.py egg_info --egg-base ../../build/arc_autonomous_ctrl build --build-base /home/adam/Sensor-Fusion-And-Autonomous-Racing-Cars/ros_ws/build/arc_autonomous_ctrl/build install --record /home/adam/Sensor-Fusion-And-Autonomous-Racing-Cars/ros_ws/build/arc_autonomous_ctrl/install.log --install-scripts $base/lib/arc_autonomous_ctrl --single-version-externally-managed
[151.353s] Level 1:colcon.colcon_core.environment:create_environment_scripts_only(vesc_msgs)
[151.754s] Level 1:colcon.colcon_core.environment:checking '/home/adam/Sensor-Fusion-And-Autonomous-Racing-Cars/ros_ws/install/vesc_msgs' for CMake module files
[151.759s] Level 1:colcon.colcon_core.environment:checking '/home/adam/Sensor-Fusion-And-Autonomous-Racing-Cars/ros_ws/install/vesc_msgs' for CMake config files
[151.765s] Level 1:colcon.colcon_core.shell:create_environment_hook('vesc_msgs', 'cmake_prefix_path')
[152.177s] INFO:colcon.colcon_core.shell:Creating environment hook '/home/adam/Sensor-Fusion-And-Autonomous-Racing-Cars/ros_ws/install/vesc_msgs/share/vesc_msgs/hook/cmake_prefix_path.ps1'
[152.182s] INFO:colcon.colcon_core.shell:Creating environment descriptor '/home/adam/Sensor-Fusion-And-Autonomous-Racing-Cars/ros_ws/install/vesc_msgs/share/vesc_msgs/hook/cmake_prefix_path.dsv'
[152.187s] INFO:colcon.colcon_core.shell:Creating environment hook '/home/adam/Sensor-Fusion-And-Autonomous-Racing-Cars/ros_ws/install/vesc_msgs/share/vesc_msgs/hook/cmake_prefix_path.sh'
[152.195s] Level 1:colcon.colcon_core.environment:checking '/home/adam/Sensor-Fusion-And-Autonomous-Racing-Cars/ros_ws/install/vesc_msgs/lib'
[152.198s] Level 1:colcon.colcon_core.shell:create_environment_hook('vesc_msgs', 'ld_library_path_lib')
[152.624s] INFO:colcon.colcon_core.shell:Creating environment hook '/home/adam/Sensor-Fusion-And-Autonomous-Racing-Cars/ros_ws/install/vesc_msgs/share/vesc_msgs/hook/ld_library_path_lib.ps1'
[152.631s] INFO:colcon.colcon_core.shell:Creating environment descriptor '/home/adam/Sensor-Fusion-And-Autonomous-Racing-Cars/ros_ws/install/vesc_msgs/share/vesc_msgs/hook/ld_library_path_lib.dsv'
[152.637s] INFO:colcon.colcon_core.shell:Creating environment hook '/home/adam/Sensor-Fusion-And-Autonomous-Racing-Cars/ros_ws/install/vesc_msgs/share/vesc_msgs/hook/ld_library_path_lib.sh'
[152.642s] Level 1:colcon.colcon_core.environment:checking '/home/adam/Sensor-Fusion-And-Autonomous-Racing-Cars/ros_ws/install/vesc_msgs/bin'
[152.643s] Level 1:colcon.colcon_core.environment:checking '/home/adam/Sensor-Fusion-And-Autonomous-Racing-Cars/ros_ws/install/vesc_msgs/lib/pkgconfig/vesc_msgs.pc'
[152.644s] Level 1:colcon.colcon_core.environment:checking '/home/adam/Sensor-Fusion-And-Autonomous-Racing-Cars/ros_ws/install/vesc_msgs/lib/python3.8/site-packages'
[152.645s] Level 1:colcon.colcon_core.shell:create_environment_hook('vesc_msgs', 'pythonpath')
[153.106s] INFO:colcon.colcon_core.shell:Creating environment hook '/home/adam/Sensor-Fusion-And-Autonomous-Racing-Cars/ros_ws/install/vesc_msgs/share/vesc_msgs/hook/pythonpath.ps1'
[153.109s] INFO:colcon.colcon_core.shell:Creating environment descriptor '/home/adam/Sensor-Fusion-And-Autonomous-Racing-Cars/ros_ws/install/vesc_msgs/share/vesc_msgs/hook/pythonpath.dsv'
[153.112s] INFO:colcon.colcon_core.shell:Creating environment hook '/home/adam/Sensor-Fusion-And-Autonomous-Racing-Cars/ros_ws/install/vesc_msgs/share/vesc_msgs/hook/pythonpath.sh'
[153.115s] Level 1:colcon.colcon_core.environment:checking '/home/adam/Sensor-Fusion-And-Autonomous-Racing-Cars/ros_ws/install/vesc_msgs/bin'
[153.470s] INFO:colcon.colcon_core.shell:Creating package script '/home/adam/Sensor-Fusion-And-Autonomous-Racing-Cars/ros_ws/install/vesc_msgs/share/vesc_msgs/package.ps1'
[153.474s] INFO:colcon.colcon_core.shell:Creating package descriptor '/home/adam/Sensor-Fusion-And-Autonomous-Racing-Cars/ros_ws/install/vesc_msgs/share/vesc_msgs/package.dsv'
[153.478s] INFO:colcon.colcon_core.shell:Creating package script '/home/adam/Sensor-Fusion-And-Autonomous-Racing-Cars/ros_ws/install/vesc_msgs/share/vesc_msgs/package.sh'
[153.481s] INFO:colcon.colcon_core.shell:Creating package script '/home/adam/Sensor-Fusion-And-Autonomous-Racing-Cars/ros_ws/install/vesc_msgs/share/vesc_msgs/package.bash'
[153.484s] INFO:colcon.colcon_core.shell:Creating package script '/home/adam/Sensor-Fusion-And-Autonomous-Racing-Cars/ros_ws/install/vesc_msgs/share/vesc_msgs/package.zsh'
[153.487s] Level 1:colcon.colcon_core.environment:create_file_with_runtime_dependencies(/home/adam/Sensor-Fusion-And-Autonomous-Racing-Cars/ros_ws/install/vesc_msgs/share/colcon-core/packages/vesc_msgs)
[153.492s] INFO:colcon.colcon_ros.task.ament_cmake.build:Building ROS package in '/home/adam/Sensor-Fusion-And-Autonomous-Racing-Cars/ros_ws/src/vesc_driver/vesc_ackermann' with build type 'ament_cmake'
[153.494s] INFO:colcon.colcon_cmake.task.cmake.build:Building CMake package in '/home/adam/Sensor-Fusion-And-Autonomous-Racing-Cars/ros_ws/src/vesc_driver/vesc_ackermann'
[153.856s] INFO:colcon.colcon_core.shell:Skip shell extension 'powershell' for command environment: Not usable outside of PowerShell
[153.857s] DEBUG:colcon.colcon_core.shell:Skip shell extension 'dsv' for command environment
[154.897s] DEBUG:colcon.colcon_core.event_handler.log_command:Invoked command in '/home/adam/Sensor-Fusion-And-Autonomous-Racing-Cars/ros_ws/src/arc_autonomous_ctrl' returned '0': PYTHONPATH=/home/adam/Sensor-Fusion-And-Autonomous-Racing-Cars/ros_ws/build/arc_autonomous_ctrl/prefix_override:/home/adam/Sensor-Fusion-And-Autonomous-Racing-Cars/ros_ws/install/arc_autonomous_ctrl/lib/python3.8/site-packages:${PYTHONPATH} /usr/bin/python3 setup.py egg_info --egg-base ../../build/arc_autonomous_ctrl build --build-base /home/adam/Sensor-Fusion-And-Autonomous-Racing-Cars/ros_ws/build/arc_autonomous_ctrl/build install --record /home/adam/Sensor-Fusion-And-Autonomous-Racing-Cars/ros_ws/build/arc_autonomous_ctrl/install.log --install-scripts $base/lib/arc_autonomous_ctrl --single-version-externally-managed
[155.293s] Level 1:colcon.colcon_core.environment:checking '/home/adam/Sensor-Fusion-And-Autonomous-Racing-Cars/ros_ws/install/arc_autonomous_ctrl' for CMake module files
[155.296s] Level 1:colcon.colcon_core.environment:checking '/home/adam/Sensor-Fusion-And-Autonomous-Racing-Cars/ros_ws/install/arc_autonomous_ctrl' for CMake config files
[155.300s] Level 1:colcon.colcon_core.environment:checking '/home/adam/Sensor-Fusion-And-Autonomous-Racing-Cars/ros_ws/install/arc_autonomous_ctrl/lib'
[155.301s] Level 1:colcon.colcon_core.environment:checking '/home/adam/Sensor-Fusion-And-Autonomous-Racing-Cars/ros_ws/install/arc_autonomous_ctrl/bin'
[155.302s] Level 1:colcon.colcon_core.environment:checking '/home/adam/Sensor-Fusion-And-Autonomous-Racing-Cars/ros_ws/install/arc_autonomous_ctrl/lib/pkgconfig/arc_autonomous_ctrl.pc'
[155.304s] Level 1:colcon.colcon_core.environment:checking '/home/adam/Sensor-Fusion-And-Autonomous-Racing-Cars/ros_ws/install/arc_autonomous_ctrl/lib/python3.8/site-packages'
[155.304s] Level 1:colcon.colcon_core.shell:create_environment_hook('arc_autonomous_ctrl', 'pythonpath')
[155.746s] INFO:colcon.colcon_core.shell:Creating environment hook '/home/adam/Sensor-Fusion-And-Autonomous-Racing-Cars/ros_ws/install/arc_autonomous_ctrl/share/arc_autonomous_ctrl/hook/pythonpath.ps1'
[155.750s] INFO:colcon.colcon_core.shell:Creating environment descriptor '/home/adam/Sensor-Fusion-And-Autonomous-Racing-Cars/ros_ws/install/arc_autonomous_ctrl/share/arc_autonomous_ctrl/hook/pythonpath.dsv'
[155.754s] INFO:colcon.colcon_core.shell:Creating environment hook '/home/adam/Sensor-Fusion-And-Autonomous-Racing-Cars/ros_ws/install/arc_autonomous_ctrl/share/arc_autonomous_ctrl/hook/pythonpath.sh'
[155.758s] Level 1:colcon.colcon_core.environment:checking '/home/adam/Sensor-Fusion-And-Autonomous-Racing-Cars/ros_ws/install/arc_autonomous_ctrl/bin'
[155.759s] Level 1:colcon.colcon_core.environment:create_environment_scripts_only(arc_autonomous_ctrl)
[156.114s] INFO:colcon.colcon_core.shell:Creating package script '/home/adam/Sensor-Fusion-And-Autonomous-Racing-Cars/ros_ws/install/arc_autonomous_ctrl/share/arc_autonomous_ctrl/package.ps1'
[156.117s] INFO:colcon.colcon_core.shell:Creating package descriptor '/home/adam/Sensor-Fusion-And-Autonomous-Racing-Cars/ros_ws/install/arc_autonomous_ctrl/share/arc_autonomous_ctrl/package.dsv'
[156.120s] INFO:colcon.colcon_core.shell:Creating package script '/home/adam/Sensor-Fusion-And-Autonomous-Racing-Cars/ros_ws/install/arc_autonomous_ctrl/share/arc_autonomous_ctrl/package.sh'
[156.123s] INFO:colcon.colcon_core.shell:Creating package script '/home/adam/Sensor-Fusion-And-Autonomous-Racing-Cars/ros_ws/install/arc_autonomous_ctrl/share/arc_autonomous_ctrl/package.bash'
[156.125s] INFO:colcon.colcon_core.shell:Creating package script '/home/adam/Sensor-Fusion-And-Autonomous-Racing-Cars/ros_ws/install/arc_autonomous_ctrl/share/arc_autonomous_ctrl/package.zsh'
[156.127s] Level 1:colcon.colcon_core.environment:create_file_with_runtime_dependencies(/home/adam/Sensor-Fusion-And-Autonomous-Racing-Cars/ros_ws/install/arc_autonomous_ctrl/share/colcon-core/packages/arc_autonomous_ctrl)
[156.132s] INFO:colcon.colcon_ros.task.ament_python.build:Building ROS package in '/home/adam/Sensor-Fusion-And-Autonomous-Racing-Cars/ros_ws/src/arc_keyboard_control' with build type 'ament_python'
[156.133s] Level 1:colcon.colcon_core.shell:create_environment_hook('arc_keyboard_control', 'ament_prefix_path')
[156.454s] INFO:colcon.colcon_core.shell:Creating environment hook '/home/adam/Sensor-Fusion-And-Autonomous-Racing-Cars/ros_ws/install/arc_keyboard_control/share/arc_keyboard_control/hook/ament_prefix_path.ps1'
[156.458s] INFO:colcon.colcon_core.shell:Creating environment descriptor '/home/adam/Sensor-Fusion-And-Autonomous-Racing-Cars/ros_ws/install/arc_keyboard_control/share/arc_keyboard_control/hook/ament_prefix_path.dsv'
[156.460s] INFO:colcon.colcon_core.shell:Creating environment hook '/home/adam/Sensor-Fusion-And-Autonomous-Racing-Cars/ros_ws/install/arc_keyboard_control/share/arc_keyboard_control/hook/ament_prefix_path.sh'
[156.805s] INFO:colcon.colcon_core.shell:Skip shell extension 'powershell' for command environment: Not usable outside of PowerShell
[156.806s] DEBUG:colcon.colcon_core.shell:Skip shell extension 'dsv' for command environment
[157.913s] DEBUG:colcon.colcon_core.event_handler.log_command:Invoking command in '/home/adam/Sensor-Fusion-And-Autonomous-Racing-Cars/ros_ws/build/vesc_ackermann': CMAKE_PREFIX_PATH=/home/adam/Sensor-Fusion-And-Autonomous-Racing-Cars/ros_ws/install/vesc_msgs:/home/adam/Sensor-Fusion-And-Autonomous-Racing-Cars/ros_ws/install/vesc:/home/adam/Sensor-Fusion-And-Autonomous-Racing-Cars/ros_ws/install/vesc_driver:/home/adam/Sensor-Fusion-And-Autonomous-Racing-Cars/ros_ws/install/vesc_ackermann:/home/adam/Sensor-Fusion-And-Autonomous-Racing-Cars/ros_ws/install/v4l2_camera:/home/adam/Sensor-Fusion-And-Autonomous-Racing-Cars/ros_ws/install/udp_driver:/home/adam/Sensor-Fusion-And-Autonomous-Racing-Cars/ros_ws/install/image_transport_plugins:/home/adam/Sensor-Fusion-And-Autonomous-Racing-Cars/ros_ws/install/theora_image_transport:/home/adam/Sensor-Fusion-And-Autonomous-Racing-Cars/ros_ws/install/serial_driver:/home/adam/Sensor-Fusion-And-Autonomous-Racing-Cars/ros_ws/install/ldlidar_ros2:/home/adam/Sensor-Fusion-And-Autonomous-Racing-Cars/ros_ws/install/io_context:/home/adam/Sensor-Fusion-And-Autonomous-Racing-Cars/ros_ws/install/compressed_image_transport:/home/adam/Sensor-Fusion-And-Autonomous-Racing-Cars/ros_ws/install/compressed_depth_image_transport:/home/adam/Sensor-Fusion-And-Autonomous-Racing-Cars/ros_ws/install/asio_cmake_module:/home/adam/Sensor-Fusion-And-Autonomous-Racing-Cars/ros_ws/install/steering_test_pkg:/home/adam/Sensor-Fusion-And-Autonomous-Racing-Cars/ros_ws/install/servo_controller:/home/adam/Sensor-Fusion-And-Autonomous-Racing-Cars/ros_ws/install/motor_controller:/home/adam/Sensor-Fusion-And-Autonomous-Racing-Cars/ros_ws/install/camera_sensor:/home/adam/Sensor-Fusion-And-Autonomous-Racing-Cars/ros_ws/install/arc_startup:/home/adam/Sensor-Fusion-And-Autonomous-Racing-Cars/ros_ws/install/arc_keyboard_control:/home/adam/Sensor-Fusion-And-Autonomous-Racing-Cars/ros_ws/install/arc_autonomous_ctrl:/opt/ros/foxy LD_LIBRARY_PATH=/home/adam/Sensor-Fusion-And-Autonomous-Racing-Cars/ros_ws/install/vesc_msgs/lib:/home/adam/Sensor-Fusion-And-Autonomous-Racing-Cars/ros_ws/install/vesc_driver/lib:/home/adam/Sensor-Fusion-And-Autonomous-Racing-Cars/ros_ws/install/vesc_ackermann/lib:/home/adam/Sensor-Fusion-And-Autonomous-Racing-Cars/ros_ws/install/v4l2_camera/lib:/home/adam/Sensor-Fusion-And-Autonomous-Racing-Cars/ros_ws/install/udp_driver/lib:/home/adam/Sensor-Fusion-And-Autonomous-Racing-Cars/ros_ws/install/theora_image_transport/lib:/home/adam/Sensor-Fusion-And-Autonomous-Racing-Cars/ros_ws/install/serial_driver/lib:/home/adam/Sensor-Fusion-And-Autonomous-Racing-Cars/ros_ws/install/io_context/lib:/home/adam/Sensor-Fusion-And-Autonomous-Racing-Cars/ros_ws/install/compressed_image_transport/lib:/home/adam/Sensor-Fusion-And-Autonomous-Racing-Cars/ros_ws/install/compressed_depth_image_transport/lib:/opt/ros/foxy/opt/yaml_cpp_vendor/lib:/opt/ros/foxy/opt/rviz_ogre_vendor/lib:/opt/ros/foxy/lib/aarch64-linux-gnu:/opt/ros/foxy/lib /usr/bin/cmake /home/adam/Sensor-Fusion-And-Autonomous-Racing-Cars/ros_ws/src/vesc_driver/vesc_ackermann -DCMAKE_INSTALL_PREFIX=/home/adam/Sensor-Fusion-And-Autonomous-Racing-Cars/ros_ws/install/vesc_ackermann
[160.201s] INFO:colcon.colcon_core.task.python.build:Building Python package in '/home/adam/Sensor-Fusion-And-Autonomous-Racing-Cars/ros_ws/src/arc_keyboard_control'
[160.649s] INFO:colcon.colcon_core.shell:Skip shell extension 'powershell' for command environment: Not usable outside of PowerShell
[160.650s] DEBUG:colcon.colcon_core.shell:Skip shell extension 'dsv' for command environment
[165.048s] DEBUG:colcon.colcon_core.event_handler.log_command:Invoking command in '/home/adam/Sensor-Fusion-And-Autonomous-Racing-Cars/ros_ws/src/arc_keyboard_control': PYTHONPATH=/home/adam/Sensor-Fusion-And-Autonomous-Racing-Cars/ros_ws/build/arc_keyboard_control/prefix_override:/home/adam/Sensor-Fusion-And-Autonomous-Racing-Cars/ros_ws/install/arc_keyboard_control/lib/python3.8/site-packages:${PYTHONPATH} /usr/bin/python3 setup.py egg_info --egg-base ../../build/arc_keyboard_control build --build-base /home/adam/Sensor-Fusion-And-Autonomous-Racing-Cars/ros_ws/build/arc_keyboard_control/build install --record /home/adam/Sensor-Fusion-And-Autonomous-Racing-Cars/ros_ws/build/arc_keyboard_control/install.log --install-scripts $base/lib/arc_keyboard_control --single-version-externally-managed
[167.800s] DEBUG:colcon.colcon_core.event_handler.log_command:Invoked command in '/home/adam/Sensor-Fusion-And-Autonomous-Racing-Cars/ros_ws/src/arc_keyboard_control' returned '0': PYTHONPATH=/home/adam/Sensor-Fusion-And-Autonomous-Racing-Cars/ros_ws/build/arc_keyboard_control/prefix_override:/home/adam/Sensor-Fusion-And-Autonomous-Racing-Cars/ros_ws/install/arc_keyboard_control/lib/python3.8/site-packages:${PYTHONPATH} /usr/bin/python3 setup.py egg_info --egg-base ../../build/arc_keyboard_control build --build-base /home/adam/Sensor-Fusion-And-Autonomous-Racing-Cars/ros_ws/build/arc_keyboard_control/build install --record /home/adam/Sensor-Fusion-And-Autonomous-Racing-Cars/ros_ws/build/arc_keyboard_control/install.log --install-scripts $base/lib/arc_keyboard_control --single-version-externally-managed
[168.184s] Level 1:colcon.colcon_core.environment:checking '/home/adam/Sensor-Fusion-And-Autonomous-Racing-Cars/ros_ws/install/arc_keyboard_control' for CMake module files
[168.187s] Level 1:colcon.colcon_core.environment:checking '/home/adam/Sensor-Fusion-And-Autonomous-Racing-Cars/ros_ws/install/arc_keyboard_control' for CMake config files
[168.190s] Level 1:colcon.colcon_core.environment:checking '/home/adam/Sensor-Fusion-And-Autonomous-Racing-Cars/ros_ws/install/arc_keyboard_control/lib'
[168.192s] Level 1:colcon.colcon_core.environment:checking '/home/adam/Sensor-Fusion-And-Autonomous-Racing-Cars/ros_ws/install/arc_keyboard_control/bin'
[168.193s] Level 1:colcon.colcon_core.environment:checking '/home/adam/Sensor-Fusion-And-Autonomous-Racing-Cars/ros_ws/install/arc_keyboard_control/lib/pkgconfig/arc_keyboard_control.pc'
[168.196s] Level 1:colcon.colcon_core.environment:checking '/home/adam/Sensor-Fusion-And-Autonomous-Racing-Cars/ros_ws/install/arc_keyboard_control/lib/python3.8/site-packages'
[168.197s] Level 1:colcon.colcon_core.shell:create_environment_hook('arc_keyboard_control', 'pythonpath')
[168.617s] INFO:colcon.colcon_core.shell:Creating environment hook '/home/adam/Sensor-Fusion-And-Autonomous-Racing-Cars/ros_ws/install/arc_keyboard_control/share/arc_keyboard_control/hook/pythonpath.ps1'
[168.622s] INFO:colcon.colcon_core.shell:Creating environment descriptor '/home/adam/Sensor-Fusion-And-Autonomous-Racing-Cars/ros_ws/install/arc_keyboard_control/share/arc_keyboard_control/hook/pythonpath.dsv'
[168.625s] INFO:colcon.colcon_core.shell:Creating environment hook '/home/adam/Sensor-Fusion-And-Autonomous-Racing-Cars/ros_ws/install/arc_keyboard_control/share/arc_keyboard_control/hook/pythonpath.sh'
[168.629s] Level 1:colcon.colcon_core.environment:checking '/home/adam/Sensor-Fusion-And-Autonomous-Racing-Cars/ros_ws/install/arc_keyboard_control/bin'
[168.629s] Level 1:colcon.colcon_core.environment:create_environment_scripts_only(arc_keyboard_control)
[169.143s] INFO:colcon.colcon_core.shell:Creating package script '/home/adam/Sensor-Fusion-And-Autonomous-Racing-Cars/ros_ws/install/arc_keyboard_control/share/arc_keyboard_control/package.ps1'
[169.149s] INFO:colcon.colcon_core.shell:Creating package descriptor '/home/adam/Sensor-Fusion-And-Autonomous-Racing-Cars/ros_ws/install/arc_keyboard_control/share/arc_keyboard_control/package.dsv'
[169.158s] INFO:colcon.colcon_core.shell:Creating package script '/home/adam/Sensor-Fusion-And-Autonomous-Racing-Cars/ros_ws/install/arc_keyboard_control/share/arc_keyboard_control/package.sh'
[169.162s] INFO:colcon.colcon_core.shell:Creating package script '/home/adam/Sensor-Fusion-And-Autonomous-Racing-Cars/ros_ws/install/arc_keyboard_control/share/arc_keyboard_control/package.bash'
[169.167s] INFO:colcon.colcon_core.shell:Creating package script '/home/adam/Sensor-Fusion-And-Autonomous-Racing-Cars/ros_ws/install/arc_keyboard_control/share/arc_keyboard_control/package.zsh'
[169.170s] Level 1:colcon.colcon_core.environment:create_file_with_runtime_dependencies(/home/adam/Sensor-Fusion-And-Autonomous-Racing-Cars/ros_ws/install/arc_keyboard_control/share/colcon-core/packages/arc_keyboard_control)
[169.178s] INFO:colcon.colcon_ros.task.ament_python.build:Building ROS package in '/home/adam/Sensor-Fusion-And-Autonomous-Racing-Cars/ros_ws/src/arc_startup' with build type 'ament_python'
[169.179s] Level 1:colcon.colcon_core.shell:create_environment_hook('arc_startup', 'ament_prefix_path')
[169.806s] INFO:colcon.colcon_core.shell:Creating environment hook '/home/adam/Sensor-Fusion-And-Autonomous-Racing-Cars/ros_ws/install/arc_startup/share/arc_startup/hook/ament_prefix_path.ps1'
[169.809s] INFO:colcon.colcon_core.shell:Creating environment descriptor '/home/adam/Sensor-Fusion-And-Autonomous-Racing-Cars/ros_ws/install/arc_startup/share/arc_startup/hook/ament_prefix_path.dsv'
[169.816s] INFO:colcon.colcon_core.shell:Creating environment hook '/home/adam/Sensor-Fusion-And-Autonomous-Racing-Cars/ros_ws/install/arc_startup/share/arc_startup/hook/ament_prefix_path.sh'
[170.217s] INFO:colcon.colcon_core.shell:Skip shell extension 'powershell' for command environment: Not usable outside of PowerShell
[170.217s] DEBUG:colcon.colcon_core.shell:Skip shell extension 'dsv' for command environment
[173.552s] INFO:colcon.colcon_core.task.python.build:Building Python package in '/home/adam/Sensor-Fusion-And-Autonomous-Racing-Cars/ros_ws/src/arc_startup'
[173.959s] INFO:colcon.colcon_core.shell:Skip shell extension 'powershell' for command environment: Not usable outside of PowerShell
[173.960s] DEBUG:colcon.colcon_core.shell:Skip shell extension 'dsv' for command environment
[175.206s] DEBUG:colcon.colcon_core.event_handler.log_command:Invoked command in '/home/adam/Sensor-Fusion-And-Autonomous-Racing-Cars/ros_ws/build/vesc_ackermann' returned '0': CMAKE_PREFIX_PATH=/home/adam/Sensor-Fusion-And-Autonomous-Racing-Cars/ros_ws/install/vesc_msgs:/home/adam/Sensor-Fusion-And-Autonomous-Racing-Cars/ros_ws/install/vesc:/home/adam/Sensor-Fusion-And-Autonomous-Racing-Cars/ros_ws/install/vesc_driver:/home/adam/Sensor-Fusion-And-Autonomous-Racing-Cars/ros_ws/install/vesc_ackermann:/home/adam/Sensor-Fusion-And-Autonomous-Racing-Cars/ros_ws/install/v4l2_camera:/home/adam/Sensor-Fusion-And-Autonomous-Racing-Cars/ros_ws/install/udp_driver:/home/adam/Sensor-Fusion-And-Autonomous-Racing-Cars/ros_ws/install/image_transport_plugins:/home/adam/Sensor-Fusion-And-Autonomous-Racing-Cars/ros_ws/install/theora_image_transport:/home/adam/Sensor-Fusion-And-Autonomous-Racing-Cars/ros_ws/install/serial_driver:/home/adam/Sensor-Fusion-And-Autonomous-Racing-Cars/ros_ws/install/ldlidar_ros2:/home/adam/Sensor-Fusion-And-Autonomous-Racing-Cars/ros_ws/install/io_context:/home/adam/Sensor-Fusion-And-Autonomous-Racing-Cars/ros_ws/install/compressed_image_transport:/home/adam/Sensor-Fusion-And-Autonomous-Racing-Cars/ros_ws/install/compressed_depth_image_transport:/home/adam/Sensor-Fusion-And-Autonomous-Racing-Cars/ros_ws/install/asio_cmake_module:/home/adam/Sensor-Fusion-And-Autonomous-Racing-Cars/ros_ws/install/steering_test_pkg:/home/adam/Sensor-Fusion-And-Autonomous-Racing-Cars/ros_ws/install/servo_controller:/home/adam/Sensor-Fusion-And-Autonomous-Racing-Cars/ros_ws/install/motor_controller:/home/adam/Sensor-Fusion-And-Autonomous-Racing-Cars/ros_ws/install/camera_sensor:/home/adam/Sensor-Fusion-And-Autonomous-Racing-Cars/ros_ws/install/arc_startup:/home/adam/Sensor-Fusion-And-Autonomous-Racing-Cars/ros_ws/install/arc_keyboard_control:/home/adam/Sensor-Fusion-And-Autonomous-Racing-Cars/ros_ws/install/arc_autonomous_ctrl:/opt/ros/foxy LD_LIBRARY_PATH=/home/adam/Sensor-Fusion-And-Autonomous-Racing-Cars/ros_ws/install/vesc_msgs/lib:/home/adam/Sensor-Fusion-And-Autonomous-Racing-Cars/ros_ws/install/vesc_driver/lib:/home/adam/Sensor-Fusion-And-Autonomous-Racing-Cars/ros_ws/install/vesc_ackermann/lib:/home/adam/Sensor-Fusion-And-Autonomous-Racing-Cars/ros_ws/install/v4l2_camera/lib:/home/adam/Sensor-Fusion-And-Autonomous-Racing-Cars/ros_ws/install/udp_driver/lib:/home/adam/Sensor-Fusion-And-Autonomous-Racing-Cars/ros_ws/install/theora_image_transport/lib:/home/adam/Sensor-Fusion-And-Autonomous-Racing-Cars/ros_ws/install/serial_driver/lib:/home/adam/Sensor-Fusion-And-Autonomous-Racing-Cars/ros_ws/install/io_context/lib:/home/adam/Sensor-Fusion-And-Autonomous-Racing-Cars/ros_ws/install/compressed_image_transport/lib:/home/adam/Sensor-Fusion-And-Autonomous-Racing-Cars/ros_ws/install/compressed_depth_image_transport/lib:/opt/ros/foxy/opt/yaml_cpp_vendor/lib:/opt/ros/foxy/opt/rviz_ogre_vendor/lib:/opt/ros/foxy/lib/aarch64-linux-gnu:/opt/ros/foxy/lib /usr/bin/cmake /home/adam/Sensor-Fusion-And-Autonomous-Racing-Cars/ros_ws/src/vesc_driver/vesc_ackermann -DCMAKE_INSTALL_PREFIX=/home/adam/Sensor-Fusion-And-Autonomous-Racing-Cars/ros_ws/install/vesc_ackermann
[175.220s] DEBUG:colcon.colcon_core.event_handler.log_command:Invoking command in '/home/adam/Sensor-Fusion-And-Autonomous-Racing-Cars/ros_ws/build/vesc_ackermann': CMAKE_PREFIX_PATH=/home/adam/Sensor-Fusion-And-Autonomous-Racing-Cars/ros_ws/install/vesc_msgs:/home/adam/Sensor-Fusion-And-Autonomous-Racing-Cars/ros_ws/install/vesc:/home/adam/Sensor-Fusion-And-Autonomous-Racing-Cars/ros_ws/install/vesc_driver:/home/adam/Sensor-Fusion-And-Autonomous-Racing-Cars/ros_ws/install/vesc_ackermann:/home/adam/Sensor-Fusion-And-Autonomous-Racing-Cars/ros_ws/install/v4l2_camera:/home/adam/Sensor-Fusion-And-Autonomous-Racing-Cars/ros_ws/install/udp_driver:/home/adam/Sensor-Fusion-And-Autonomous-Racing-Cars/ros_ws/install/image_transport_plugins:/home/adam/Sensor-Fusion-And-Autonomous-Racing-Cars/ros_ws/install/theora_image_transport:/home/adam/Sensor-Fusion-And-Autonomous-Racing-Cars/ros_ws/install/serial_driver:/home/adam/Sensor-Fusion-And-Autonomous-Racing-Cars/ros_ws/install/ldlidar_ros2:/home/adam/Sensor-Fusion-And-Autonomous-Racing-Cars/ros_ws/install/io_context:/home/adam/Sensor-Fusion-And-Autonomous-Racing-Cars/ros_ws/install/compressed_image_transport:/home/adam/Sensor-Fusion-And-Autonomous-Racing-Cars/ros_ws/install/compressed_depth_image_transport:/home/adam/Sensor-Fusion-And-Autonomous-Racing-Cars/ros_ws/install/asio_cmake_module:/home/adam/Sensor-Fusion-And-Autonomous-Racing-Cars/ros_ws/install/steering_test_pkg:/home/adam/Sensor-Fusion-And-Autonomous-Racing-Cars/ros_ws/install/servo_controller:/home/adam/Sensor-Fusion-And-Autonomous-Racing-Cars/ros_ws/install/motor_controller:/home/adam/Sensor-Fusion-And-Autonomous-Racing-Cars/ros_ws/install/camera_sensor:/home/adam/Sensor-Fusion-And-Autonomous-Racing-Cars/ros_ws/install/arc_startup:/home/adam/Sensor-Fusion-And-Autonomous-Racing-Cars/ros_ws/install/arc_keyboard_control:/home/adam/Sensor-Fusion-And-Autonomous-Racing-Cars/ros_ws/install/arc_autonomous_ctrl:/opt/ros/foxy LD_LIBRARY_PATH=/home/adam/Sensor-Fusion-And-Autonomous-Racing-Cars/ros_ws/install/vesc_msgs/lib:/home/adam/Sensor-Fusion-And-Autonomous-Racing-Cars/ros_ws/install/vesc_driver/lib:/home/adam/Sensor-Fusion-And-Autonomous-Racing-Cars/ros_ws/install/vesc_ackermann/lib:/home/adam/Sensor-Fusion-And-Autonomous-Racing-Cars/ros_ws/install/v4l2_camera/lib:/home/adam/Sensor-Fusion-And-Autonomous-Racing-Cars/ros_ws/install/udp_driver/lib:/home/adam/Sensor-Fusion-And-Autonomous-Racing-Cars/ros_ws/install/theora_image_transport/lib:/home/adam/Sensor-Fusion-And-Autonomous-Racing-Cars/ros_ws/install/serial_driver/lib:/home/adam/Sensor-Fusion-And-Autonomous-Racing-Cars/ros_ws/install/io_context/lib:/home/adam/Sensor-Fusion-And-Autonomous-Racing-Cars/ros_ws/install/compressed_image_transport/lib:/home/adam/Sensor-Fusion-And-Autonomous-Racing-Cars/ros_ws/install/compressed_depth_image_transport/lib:/opt/ros/foxy/opt/yaml_cpp_vendor/lib:/opt/ros/foxy/opt/rviz_ogre_vendor/lib:/opt/ros/foxy/lib/aarch64-linux-gnu:/opt/ros/foxy/lib /usr/bin/cmake --build /home/adam/Sensor-Fusion-And-Autonomous-Racing-Cars/ros_ws/build/vesc_ackermann -- -j4 -l4
[178.356s] DEBUG:colcon.colcon_core.event_handler.log_command:Invoking command in '/home/adam/Sensor-Fusion-And-Autonomous-Racing-Cars/ros_ws/src/arc_startup': PYTHONPATH=/home/adam/Sensor-Fusion-And-Autonomous-Racing-Cars/ros_ws/build/arc_startup/prefix_override:/home/adam/Sensor-Fusion-And-Autonomous-Racing-Cars/ros_ws/install/arc_startup/lib/python3.8/site-packages:${PYTHONPATH} /usr/bin/python3 setup.py egg_info --egg-base ../../build/arc_startup build --build-base /home/adam/Sensor-Fusion-And-Autonomous-Racing-Cars/ros_ws/build/arc_startup/build install --record /home/adam/Sensor-Fusion-And-Autonomous-Racing-Cars/ros_ws/build/arc_startup/install.log --install-scripts $base/lib/arc_startup --single-version-externally-managed
[181.704s] DEBUG:colcon.colcon_core.event_handler.log_command:Invoked command in '/home/adam/Sensor-Fusion-And-Autonomous-Racing-Cars/ros_ws/src/arc_startup' returned '0': PYTHONPATH=/home/adam/Sensor-Fusion-And-Autonomous-Racing-Cars/ros_ws/build/arc_startup/prefix_override:/home/adam/Sensor-Fusion-And-Autonomous-Racing-Cars/ros_ws/install/arc_startup/lib/python3.8/site-packages:${PYTHONPATH} /usr/bin/python3 setup.py egg_info --egg-base ../../build/arc_startup build --build-base /home/adam/Sensor-Fusion-And-Autonomous-Racing-Cars/ros_ws/build/arc_startup/build install --record /home/adam/Sensor-Fusion-And-Autonomous-Racing-Cars/ros_ws/build/arc_startup/install.log --install-scripts $base/lib/arc_startup --single-version-externally-managed
[182.189s] Level 1:colcon.colcon_core.environment:checking '/home/adam/Sensor-Fusion-And-Autonomous-Racing-Cars/ros_ws/install/arc_startup' for CMake module files
[182.192s] Level 1:colcon.colcon_core.environment:checking '/home/adam/Sensor-Fusion-And-Autonomous-Racing-Cars/ros_ws/install/arc_startup' for CMake config files
[182.204s] Level 1:colcon.colcon_core.environment:checking '/home/adam/Sensor-Fusion-And-Autonomous-Racing-Cars/ros_ws/install/arc_startup/lib'
[182.206s] Level 1:colcon.colcon_core.environment:checking '/home/adam/Sensor-Fusion-And-Autonomous-Racing-Cars/ros_ws/install/arc_startup/bin'
[182.208s] Level 1:colcon.colcon_core.environment:checking '/home/adam/Sensor-Fusion-And-Autonomous-Racing-Cars/ros_ws/install/arc_startup/lib/pkgconfig/arc_startup.pc'
[182.214s] Level 1:colcon.colcon_core.environment:checking '/home/adam/Sensor-Fusion-And-Autonomous-Racing-Cars/ros_ws/install/arc_startup/lib/python3.8/site-packages'
[182.216s] Level 1:colcon.colcon_core.shell:create_environment_hook('arc_startup', 'pythonpath')
[182.699s] INFO:colcon.colcon_core.shell:Creating environment hook '/home/adam/Sensor-Fusion-And-Autonomous-Racing-Cars/ros_ws/install/arc_startup/share/arc_startup/hook/pythonpath.ps1'
[182.703s] INFO:colcon.colcon_core.shell:Creating environment descriptor '/home/adam/Sensor-Fusion-And-Autonomous-Racing-Cars/ros_ws/install/arc_startup/share/arc_startup/hook/pythonpath.dsv'
[182.706s] INFO:colcon.colcon_core.shell:Creating environment hook '/home/adam/Sensor-Fusion-And-Autonomous-Racing-Cars/ros_ws/install/arc_startup/share/arc_startup/hook/pythonpath.sh'
[182.717s] Level 1:colcon.colcon_core.environment:checking '/home/adam/Sensor-Fusion-And-Autonomous-Racing-Cars/ros_ws/install/arc_startup/bin'
[182.719s] Level 1:colcon.colcon_core.environment:create_environment_scripts_only(arc_startup)
[183.275s] INFO:colcon.colcon_core.shell:Creating package script '/home/adam/Sensor-Fusion-And-Autonomous-Racing-Cars/ros_ws/install/arc_startup/share/arc_startup/package.ps1'
[183.282s] INFO:colcon.colcon_core.shell:Creating package descriptor '/home/adam/Sensor-Fusion-And-Autonomous-Racing-Cars/ros_ws/install/arc_startup/share/arc_startup/package.dsv'
[183.295s] INFO:colcon.colcon_core.shell:Creating package script '/home/adam/Sensor-Fusion-And-Autonomous-Racing-Cars/ros_ws/install/arc_startup/share/arc_startup/package.sh'
[183.303s] INFO:colcon.colcon_core.shell:Creating package script '/home/adam/Sensor-Fusion-And-Autonomous-Racing-Cars/ros_ws/install/arc_startup/share/arc_startup/package.bash'
[183.307s] INFO:colcon.colcon_core.shell:Creating package script '/home/adam/Sensor-Fusion-And-Autonomous-Racing-Cars/ros_ws/install/arc_startup/share/arc_startup/package.zsh'
[183.311s] Level 1:colcon.colcon_core.environment:create_file_with_runtime_dependencies(/home/adam/Sensor-Fusion-And-Autonomous-Racing-Cars/ros_ws/install/arc_startup/share/colcon-core/packages/arc_startup)
[183.320s] INFO:colcon.colcon_ros.task.ament_python.build:Building ROS package in '/home/adam/Sensor-Fusion-And-Autonomous-Racing-Cars/ros_ws/src/camera_sensor' with build type 'ament_python'
[183.324s] Level 1:colcon.colcon_core.shell:create_environment_hook('camera_sensor', 'ament_prefix_path')
[184.080s] INFO:colcon.colcon_core.shell:Creating environment hook '/home/adam/Sensor-Fusion-And-Autonomous-Racing-Cars/ros_ws/install/camera_sensor/share/camera_sensor/hook/ament_prefix_path.ps1'
[184.085s] INFO:colcon.colcon_core.shell:Creating environment descriptor '/home/adam/Sensor-Fusion-And-Autonomous-Racing-Cars/ros_ws/install/camera_sensor/share/camera_sensor/hook/ament_prefix_path.dsv'
[184.104s] INFO:colcon.colcon_core.shell:Creating environment hook '/home/adam/Sensor-Fusion-And-Autonomous-Racing-Cars/ros_ws/install/camera_sensor/share/camera_sensor/hook/ament_prefix_path.sh'
[184.746s] INFO:colcon.colcon_core.shell:Skip shell extension 'powershell' for command environment: Not usable outside of PowerShell
[184.747s] DEBUG:colcon.colcon_core.shell:Skip shell extension 'dsv' for command environment
[188.620s] INFO:colcon.colcon_core.task.python.build:Building Python package in '/home/adam/Sensor-Fusion-And-Autonomous-Racing-Cars/ros_ws/src/camera_sensor'
[189.198s] INFO:colcon.colcon_core.shell:Skip shell extension 'powershell' for command environment: Not usable outside of PowerShell
[189.201s] DEBUG:colcon.colcon_core.shell:Skip shell extension 'dsv' for command environment
[194.268s] DEBUG:colcon.colcon_core.event_handler.log_command:Invoking command in '/home/adam/Sensor-Fusion-And-Autonomous-Racing-Cars/ros_ws/src/camera_sensor': PYTHONPATH=/home/adam/Sensor-Fusion-And-Autonomous-Racing-Cars/ros_ws/build/camera_sensor/prefix_override:/home/adam/Sensor-Fusion-And-Autonomous-Racing-Cars/ros_ws/install/camera_sensor/lib/python3.8/site-packages:${PYTHONPATH} /usr/bin/python3 setup.py egg_info --egg-base ../../build/camera_sensor build --build-base /home/adam/Sensor-Fusion-And-Autonomous-Racing-Cars/ros_ws/build/camera_sensor/build install --record /home/adam/Sensor-Fusion-And-Autonomous-Racing-Cars/ros_ws/build/camera_sensor/install.log --install-scripts $base/lib/camera_sensor --single-version-externally-managed
[197.284s] DEBUG:colcon.colcon_core.event_handler.log_command:Invoked command in '/home/adam/Sensor-Fusion-And-Autonomous-Racing-Cars/ros_ws/src/camera_sensor' returned '0': PYTHONPATH=/home/adam/Sensor-Fusion-And-Autonomous-Racing-Cars/ros_ws/build/camera_sensor/prefix_override:/home/adam/Sensor-Fusion-And-Autonomous-Racing-Cars/ros_ws/install/camera_sensor/lib/python3.8/site-packages:${PYTHONPATH} /usr/bin/python3 setup.py egg_info --egg-base ../../build/camera_sensor build --build-base /home/adam/Sensor-Fusion-And-Autonomous-Racing-Cars/ros_ws/build/camera_sensor/build install --record /home/adam/Sensor-Fusion-And-Autonomous-Racing-Cars/ros_ws/build/camera_sensor/install.log --install-scripts $base/lib/camera_sensor --single-version-externally-managed
[197.710s] Level 1:colcon.colcon_core.environment:checking '/home/adam/Sensor-Fusion-And-Autonomous-Racing-Cars/ros_ws/install/camera_sensor' for CMake module files
[197.714s] Level 1:colcon.colcon_core.environment:checking '/home/adam/Sensor-Fusion-And-Autonomous-Racing-Cars/ros_ws/install/camera_sensor' for CMake config files
[197.721s] Level 1:colcon.colcon_core.environment:checking '/home/adam/Sensor-Fusion-And-Autonomous-Racing-Cars/ros_ws/install/camera_sensor/lib'
[197.723s] Level 1:colcon.colcon_core.environment:checking '/home/adam/Sensor-Fusion-And-Autonomous-Racing-Cars/ros_ws/install/camera_sensor/bin'
[197.724s] Level 1:colcon.colcon_core.environment:checking '/home/adam/Sensor-Fusion-And-Autonomous-Racing-Cars/ros_ws/install/camera_sensor/lib/pkgconfig/camera_sensor.pc'
[197.728s] Level 1:colcon.colcon_core.environment:checking '/home/adam/Sensor-Fusion-And-Autonomous-Racing-Cars/ros_ws/install/camera_sensor/lib/python3.8/site-packages'
[197.730s] Level 1:colcon.colcon_core.shell:create_environment_hook('camera_sensor', 'pythonpath')
[198.152s] INFO:colcon.colcon_core.shell:Creating environment hook '/home/adam/Sensor-Fusion-And-Autonomous-Racing-Cars/ros_ws/install/camera_sensor/share/camera_sensor/hook/pythonpath.ps1'
[198.155s] INFO:colcon.colcon_core.shell:Creating environment descriptor '/home/adam/Sensor-Fusion-And-Autonomous-Racing-Cars/ros_ws/install/camera_sensor/share/camera_sensor/hook/pythonpath.dsv'
[198.159s] INFO:colcon.colcon_core.shell:Creating environment hook '/home/adam/Sensor-Fusion-And-Autonomous-Racing-Cars/ros_ws/install/camera_sensor/share/camera_sensor/hook/pythonpath.sh'
[198.163s] Level 1:colcon.colcon_core.environment:checking '/home/adam/Sensor-Fusion-And-Autonomous-Racing-Cars/ros_ws/install/camera_sensor/bin'
[198.164s] Level 1:colcon.colcon_core.environment:create_environment_scripts_only(camera_sensor)
[198.587s] INFO:colcon.colcon_core.shell:Creating package script '/home/adam/Sensor-Fusion-And-Autonomous-Racing-Cars/ros_ws/install/camera_sensor/share/camera_sensor/package.ps1'
[198.592s] INFO:colcon.colcon_core.shell:Creating package descriptor '/home/adam/Sensor-Fusion-And-Autonomous-Racing-Cars/ros_ws/install/camera_sensor/share/camera_sensor/package.dsv'
[198.597s] INFO:colcon.colcon_core.shell:Creating package script '/home/adam/Sensor-Fusion-And-Autonomous-Racing-Cars/ros_ws/install/camera_sensor/share/camera_sensor/package.sh'
[198.601s] INFO:colcon.colcon_core.shell:Creating package script '/home/adam/Sensor-Fusion-And-Autonomous-Racing-Cars/ros_ws/install/camera_sensor/share/camera_sensor/package.bash'
[198.604s] INFO:colcon.colcon_core.shell:Creating package script '/home/adam/Sensor-Fusion-And-Autonomous-Racing-Cars/ros_ws/install/camera_sensor/share/camera_sensor/package.zsh'
[198.608s] Level 1:colcon.colcon_core.environment:create_file_with_runtime_dependencies(/home/adam/Sensor-Fusion-And-Autonomous-Racing-Cars/ros_ws/install/camera_sensor/share/colcon-core/packages/camera_sensor)
[198.616s] INFO:colcon.colcon_ros.task.ament_cmake.build:Building ROS package in '/home/adam/Sensor-Fusion-And-Autonomous-Racing-Cars/ros_ws/src/ldlidar_ros2' with build type 'ament_cmake'
[198.618s] INFO:colcon.colcon_cmake.task.cmake.build:Building CMake package in '/home/adam/Sensor-Fusion-And-Autonomous-Racing-Cars/ros_ws/src/ldlidar_ros2'
[199.101s] INFO:colcon.colcon_core.shell:Skip shell extension 'powershell' for command environment: Not usable outside of PowerShell
[199.102s] DEBUG:colcon.colcon_core.shell:Skip shell extension 'dsv' for command environment
[200.568s] DEBUG:colcon.colcon_core.event_handler.log_command:Invoking command in '/home/adam/Sensor-Fusion-And-Autonomous-Racing-Cars/ros_ws/build/ldlidar_ros2': CMAKE_PREFIX_PATH=${CMAKE_PREFIX_PATH}:/home/adam/Sensor-Fusion-And-Autonomous-Racing-Cars/ros_ws/install/steering_test_pkg:/home/adam/Sensor-Fusion-And-Autonomous-Racing-Cars/ros_ws/install/servo_controller:/home/adam/Sensor-Fusion-And-Autonomous-Racing-Cars/ros_ws/install/motor_controller:/home/adam/Sensor-Fusion-And-Autonomous-Racing-Cars/ros_ws/install/camera_sensor:/home/adam/Sensor-Fusion-And-Autonomous-Racing-Cars/ros_ws/install/arc_startup:/home/adam/Sensor-Fusion-And-Autonomous-Racing-Cars/ros_ws/install/arc_keyboard_control:/home/adam/Sensor-Fusion-And-Autonomous-Racing-Cars/ros_ws/install/arc_autonomous_ctrl:/opt/ros/foxy /usr/bin/cmake /home/adam/Sensor-Fusion-And-Autonomous-Racing-Cars/ros_ws/src/ldlidar_ros2 -DCMAKE_INSTALL_PREFIX=/home/adam/Sensor-Fusion-And-Autonomous-Racing-Cars/ros_ws/install/ldlidar_ros2
[215.485s] DEBUG:colcon.colcon_core.event_handler.log_command:Invoked command in '/home/adam/Sensor-Fusion-And-Autonomous-Racing-Cars/ros_ws/build/ldlidar_ros2' returned '0': CMAKE_PREFIX_PATH=${CMAKE_PREFIX_PATH}:/home/adam/Sensor-Fusion-And-Autonomous-Racing-Cars/ros_ws/install/steering_test_pkg:/home/adam/Sensor-Fusion-And-Autonomous-Racing-Cars/ros_ws/install/servo_controller:/home/adam/Sensor-Fusion-And-Autonomous-Racing-Cars/ros_ws/install/motor_controller:/home/adam/Sensor-Fusion-And-Autonomous-Racing-Cars/ros_ws/install/camera_sensor:/home/adam/Sensor-Fusion-And-Autonomous-Racing-Cars/ros_ws/install/arc_startup:/home/adam/Sensor-Fusion-And-Autonomous-Racing-Cars/ros_ws/install/arc_keyboard_control:/home/adam/Sensor-Fusion-And-Autonomous-Racing-Cars/ros_ws/install/arc_autonomous_ctrl:/opt/ros/foxy /usr/bin/cmake /home/adam/Sensor-Fusion-And-Autonomous-Racing-Cars/ros_ws/src/ldlidar_ros2 -DCMAKE_INSTALL_PREFIX=/home/adam/Sensor-Fusion-And-Autonomous-Racing-Cars/ros_ws/install/ldlidar_ros2
[215.505s] DEBUG:colcon.colcon_core.event_handler.log_command:Invoking command in '/home/adam/Sensor-Fusion-And-Autonomous-Racing-Cars/ros_ws/build/ldlidar_ros2': CMAKE_PREFIX_PATH=${CMAKE_PREFIX_PATH}:/home/adam/Sensor-Fusion-And-Autonomous-Racing-Cars/ros_ws/install/steering_test_pkg:/home/adam/Sensor-Fusion-And-Autonomous-Racing-Cars/ros_ws/install/servo_controller:/home/adam/Sensor-Fusion-And-Autonomous-Racing-Cars/ros_ws/install/motor_controller:/home/adam/Sensor-Fusion-And-Autonomous-Racing-Cars/ros_ws/install/camera_sensor:/home/adam/Sensor-Fusion-And-Autonomous-Racing-Cars/ros_ws/install/arc_startup:/home/adam/Sensor-Fusion-And-Autonomous-Racing-Cars/ros_ws/install/arc_keyboard_control:/home/adam/Sensor-Fusion-And-Autonomous-Racing-Cars/ros_ws/install/arc_autonomous_ctrl:/opt/ros/foxy /usr/bin/cmake --build /home/adam/Sensor-Fusion-And-Autonomous-Racing-Cars/ros_ws/build/ldlidar_ros2 -- -j4 -l4
[276.724s] DEBUG:colcon.colcon_core.event_handler.log_command:Invoked command in '/home/adam/Sensor-Fusion-And-Autonomous-Racing-Cars/ros_ws/build/ldlidar_ros2' returned '0': CMAKE_PREFIX_PATH=${CMAKE_PREFIX_PATH}:/home/adam/Sensor-Fusion-And-Autonomous-Racing-Cars/ros_ws/install/steering_test_pkg:/home/adam/Sensor-Fusion-And-Autonomous-Racing-Cars/ros_ws/install/servo_controller:/home/adam/Sensor-Fusion-And-Autonomous-Racing-Cars/ros_ws/install/motor_controller:/home/adam/Sensor-Fusion-And-Autonomous-Racing-Cars/ros_ws/install/camera_sensor:/home/adam/Sensor-Fusion-And-Autonomous-Racing-Cars/ros_ws/install/arc_startup:/home/adam/Sensor-Fusion-And-Autonomous-Racing-Cars/ros_ws/install/arc_keyboard_control:/home/adam/Sensor-Fusion-And-Autonomous-Racing-Cars/ros_ws/install/arc_autonomous_ctrl:/opt/ros/foxy /usr/bin/cmake --build /home/adam/Sensor-Fusion-And-Autonomous-Racing-Cars/ros_ws/build/ldlidar_ros2 -- -j4 -l4
[277.107s] DEBUG:colcon.colcon_core.event_handler.log_command:Invoking command in '/home/adam/Sensor-Fusion-And-Autonomous-Racing-Cars/ros_ws/build/ldlidar_ros2': CMAKE_PREFIX_PATH=${CMAKE_PREFIX_PATH}:/home/adam/Sensor-Fusion-And-Autonomous-Racing-Cars/ros_ws/install/steering_test_pkg:/home/adam/Sensor-Fusion-And-Autonomous-Racing-Cars/ros_ws/install/servo_controller:/home/adam/Sensor-Fusion-And-Autonomous-Racing-Cars/ros_ws/install/motor_controller:/home/adam/Sensor-Fusion-And-Autonomous-Racing-Cars/ros_ws/install/camera_sensor:/home/adam/Sensor-Fusion-And-Autonomous-Racing-Cars/ros_ws/install/arc_startup:/home/adam/Sensor-Fusion-And-Autonomous-Racing-Cars/ros_ws/install/arc_keyboard_control:/home/adam/Sensor-Fusion-And-Autonomous-Racing-Cars/ros_ws/install/arc_autonomous_ctrl:/opt/ros/foxy /usr/bin/cmake --install /home/adam/Sensor-Fusion-And-Autonomous-Racing-Cars/ros_ws/build/ldlidar_ros2
[277.348s] Level 1:colcon.colcon_core.environment:create_environment_scripts_only(ldlidar_ros2)
[277.356s] DEBUG:colcon.colcon_core.event_handler.log_command:Invoked command in '/home/adam/Sensor-Fusion-And-Autonomous-Racing-Cars/ros_ws/build/ldlidar_ros2' returned '0': CMAKE_PREFIX_PATH=${CMAKE_PREFIX_PATH}:/home/adam/Sensor-Fusion-And-Autonomous-Racing-Cars/ros_ws/install/steering_test_pkg:/home/adam/Sensor-Fusion-And-Autonomous-Racing-Cars/ros_ws/install/servo_controller:/home/adam/Sensor-Fusion-And-Autonomous-Racing-Cars/ros_ws/install/motor_controller:/home/adam/Sensor-Fusion-And-Autonomous-Racing-Cars/ros_ws/install/camera_sensor:/home/adam/Sensor-Fusion-And-Autonomous-Racing-Cars/ros_ws/install/arc_startup:/home/adam/Sensor-Fusion-And-Autonomous-Racing-Cars/ros_ws/install/arc_keyboard_control:/home/adam/Sensor-Fusion-And-Autonomous-Racing-Cars/ros_ws/install/arc_autonomous_ctrl:/opt/ros/foxy /usr/bin/cmake --install /home/adam/Sensor-Fusion-And-Autonomous-Racing-Cars/ros_ws/build/ldlidar_ros2
[277.762s] Level 1:colcon.colcon_core.environment:checking '/home/adam/Sensor-Fusion-And-Autonomous-Racing-Cars/ros_ws/install/ldlidar_ros2' for CMake module files
[277.767s] Level 1:colcon.colcon_core.environment:checking '/home/adam/Sensor-Fusion-And-Autonomous-Racing-Cars/ros_ws/install/ldlidar_ros2' for CMake config files
[277.772s] Level 1:colcon.colcon_core.shell:create_environment_hook('ldlidar_ros2', 'cmake_prefix_path')
[278.190s] INFO:colcon.colcon_core.shell:Creating environment hook '/home/adam/Sensor-Fusion-And-Autonomous-Racing-Cars/ros_ws/install/ldlidar_ros2/share/ldlidar_ros2/hook/cmake_prefix_path.ps1'
[278.198s] INFO:colcon.colcon_core.shell:Creating environment descriptor '/home/adam/Sensor-Fusion-And-Autonomous-Racing-Cars/ros_ws/install/ldlidar_ros2/share/ldlidar_ros2/hook/cmake_prefix_path.dsv'
[278.204s] INFO:colcon.colcon_core.shell:Creating environment hook '/home/adam/Sensor-Fusion-And-Autonomous-Racing-Cars/ros_ws/install/ldlidar_ros2/share/ldlidar_ros2/hook/cmake_prefix_path.sh'
[278.210s] Level 1:colcon.colcon_core.environment:checking '/home/adam/Sensor-Fusion-And-Autonomous-Racing-Cars/ros_ws/install/ldlidar_ros2/lib'
[278.212s] Level 1:colcon.colcon_core.environment:checking '/home/adam/Sensor-Fusion-And-Autonomous-Racing-Cars/ros_ws/install/ldlidar_ros2/bin'
[278.213s] Level 1:colcon.colcon_core.environment:checking '/home/adam/Sensor-Fusion-And-Autonomous-Racing-Cars/ros_ws/install/ldlidar_ros2/lib/pkgconfig/ldlidar_ros2.pc'
[278.215s] Level 1:colcon.colcon_core.environment:checking '/home/adam/Sensor-Fusion-And-Autonomous-Racing-Cars/ros_ws/install/ldlidar_ros2/lib/python3.8/site-packages'
[278.217s] Level 1:colcon.colcon_core.environment:checking '/home/adam/Sensor-Fusion-And-Autonomous-Racing-Cars/ros_ws/install/ldlidar_ros2/bin'
[278.660s] INFO:colcon.colcon_core.shell:Creating package script '/home/adam/Sensor-Fusion-And-Autonomous-Racing-Cars/ros_ws/install/ldlidar_ros2/share/ldlidar_ros2/package.ps1'
[278.666s] INFO:colcon.colcon_core.shell:Creating package descriptor '/home/adam/Sensor-Fusion-And-Autonomous-Racing-Cars/ros_ws/install/ldlidar_ros2/share/ldlidar_ros2/package.dsv'
[278.671s] INFO:colcon.colcon_core.shell:Creating package script '/home/adam/Sensor-Fusion-And-Autonomous-Racing-Cars/ros_ws/install/ldlidar_ros2/share/ldlidar_ros2/package.sh'
[278.676s] INFO:colcon.colcon_core.shell:Creating package script '/home/adam/Sensor-Fusion-And-Autonomous-Racing-Cars/ros_ws/install/ldlidar_ros2/share/ldlidar_ros2/package.bash'
[278.681s] INFO:colcon.colcon_core.shell:Creating package script '/home/adam/Sensor-Fusion-And-Autonomous-Racing-Cars/ros_ws/install/ldlidar_ros2/share/ldlidar_ros2/package.zsh'
[278.685s] Level 1:colcon.colcon_core.environment:create_file_with_runtime_dependencies(/home/adam/Sensor-Fusion-And-Autonomous-Racing-Cars/ros_ws/install/ldlidar_ros2/share/colcon-core/packages/ldlidar_ros2)
[279.468s] Level 1:colcon.colcon_core.environment:create_environment_scripts_only(ldlidar_ros2)
[280.051s] Level 1:colcon.colcon_core.environment:checking '/home/adam/Sensor-Fusion-And-Autonomous-Racing-Cars/ros_ws/install/ldlidar_ros2' for CMake module files
[280.057s] Level 1:colcon.colcon_core.environment:checking '/home/adam/Sensor-Fusion-And-Autonomous-Racing-Cars/ros_ws/install/ldlidar_ros2' for CMake config files
[280.064s] Level 1:colcon.colcon_core.shell:create_environment_hook('ldlidar_ros2', 'cmake_prefix_path')
[280.756s] INFO:colcon.colcon_core.shell:Creating environment hook '/home/adam/Sensor-Fusion-And-Autonomous-Racing-Cars/ros_ws/install/ldlidar_ros2/share/ldlidar_ros2/hook/cmake_prefix_path.ps1'
[280.763s] INFO:colcon.colcon_core.shell:Creating environment descriptor '/home/adam/Sensor-Fusion-And-Autonomous-Racing-Cars/ros_ws/install/ldlidar_ros2/share/ldlidar_ros2/hook/cmake_prefix_path.dsv'
[280.771s] INFO:colcon.colcon_core.shell:Creating environment hook '/home/adam/Sensor-Fusion-And-Autonomous-Racing-Cars/ros_ws/install/ldlidar_ros2/share/ldlidar_ros2/hook/cmake_prefix_path.sh'
[280.783s] Level 1:colcon.colcon_core.environment:checking '/home/adam/Sensor-Fusion-And-Autonomous-Racing-Cars/ros_ws/install/ldlidar_ros2/lib'
[280.785s] Level 1:colcon.colcon_core.environment:checking '/home/adam/Sensor-Fusion-And-Autonomous-Racing-Cars/ros_ws/install/ldlidar_ros2/bin'
[280.787s] Level 1:colcon.colcon_core.environment:checking '/home/adam/Sensor-Fusion-And-Autonomous-Racing-Cars/ros_ws/install/ldlidar_ros2/lib/pkgconfig/ldlidar_ros2.pc'
[280.790s] Level 1:colcon.colcon_core.environment:checking '/home/adam/Sensor-Fusion-And-Autonomous-Racing-Cars/ros_ws/install/ldlidar_ros2/lib/python3.8/site-packages'
[280.798s] Level 1:colcon.colcon_core.environment:checking '/home/adam/Sensor-Fusion-And-Autonomous-Racing-Cars/ros_ws/install/ldlidar_ros2/bin'
[281.355s] INFO:colcon.colcon_core.shell:Creating package script '/home/adam/Sensor-Fusion-And-Autonomous-Racing-Cars/ros_ws/install/ldlidar_ros2/share/ldlidar_ros2/package.ps1'
[281.364s] INFO:colcon.colcon_core.shell:Creating package descriptor '/home/adam/Sensor-Fusion-And-Autonomous-Racing-Cars/ros_ws/install/ldlidar_ros2/share/ldlidar_ros2/package.dsv'
[281.372s] INFO:colcon.colcon_core.shell:Creating package script '/home/adam/Sensor-Fusion-And-Autonomous-Racing-Cars/ros_ws/install/ldlidar_ros2/share/ldlidar_ros2/package.sh'
[281.379s] INFO:colcon.colcon_core.shell:Creating package script '/home/adam/Sensor-Fusion-And-Autonomous-Racing-Cars/ros_ws/install/ldlidar_ros2/share/ldlidar_ros2/package.bash'
[281.390s] INFO:colcon.colcon_core.shell:Creating package script '/home/adam/Sensor-Fusion-And-Autonomous-Racing-Cars/ros_ws/install/ldlidar_ros2/share/ldlidar_ros2/package.zsh'
[281.399s] Level 1:colcon.colcon_core.environment:create_file_with_runtime_dependencies(/home/adam/Sensor-Fusion-And-Autonomous-Racing-Cars/ros_ws/install/ldlidar_ros2/share/colcon-core/packages/ldlidar_ros2)
[281.422s] INFO:colcon.colcon_ros.task.ament_python.build:Building ROS package in '/home/adam/Sensor-Fusion-And-Autonomous-Racing-Cars/ros_ws/src/motor_controller' with build type 'ament_python'
[281.425s] Level 1:colcon.colcon_core.shell:create_environment_hook('motor_controller', 'ament_prefix_path')
[281.884s] INFO:colcon.colcon_core.shell:Creating environment hook '/home/adam/Sensor-Fusion-And-Autonomous-Racing-Cars/ros_ws/install/motor_controller/share/motor_controller/hook/ament_prefix_path.ps1'
[281.887s] INFO:colcon.colcon_core.shell:Creating environment descriptor '/home/adam/Sensor-Fusion-And-Autonomous-Racing-Cars/ros_ws/install/motor_controller/share/motor_controller/hook/ament_prefix_path.dsv'
[281.890s] INFO:colcon.colcon_core.shell:Creating environment hook '/home/adam/Sensor-Fusion-And-Autonomous-Racing-Cars/ros_ws/install/motor_controller/share/motor_controller/hook/ament_prefix_path.sh'
[282.311s] INFO:colcon.colcon_core.shell:Skip shell extension 'powershell' for command environment: Not usable outside of PowerShell
[282.312s] DEBUG:colcon.colcon_core.shell:Skip shell extension 'dsv' for command environment
[283.837s] DEBUG:colcon.colcon_core.event_handler.log_command:Invoked command in '/home/adam/Sensor-Fusion-And-Autonomous-Racing-Cars/ros_ws/build/serial_driver' returned '0': CMAKE_PREFIX_PATH=/home/adam/Sensor-Fusion-And-Autonomous-Racing-Cars/ros_ws/install/io_context:/home/adam/Sensor-Fusion-And-Autonomous-Racing-Cars/ros_ws/install/asio_cmake_module:/home/adam/Sensor-Fusion-And-Autonomous-Racing-Cars/ros_ws/install/vesc:/home/adam/Sensor-Fusion-And-Autonomous-Racing-Cars/ros_ws/install/vesc_driver:/home/adam/Sensor-Fusion-And-Autonomous-Racing-Cars/ros_ws/install/vesc_ackermann:/home/adam/Sensor-Fusion-And-Autonomous-Racing-Cars/ros_ws/install/vesc_msgs:/home/adam/Sensor-Fusion-And-Autonomous-Racing-Cars/ros_ws/install/v4l2_camera:/home/adam/Sensor-Fusion-And-Autonomous-Racing-Cars/ros_ws/install/udp_driver:/home/adam/Sensor-Fusion-And-Autonomous-Racing-Cars/ros_ws/install/image_transport_plugins:/home/adam/Sensor-Fusion-And-Autonomous-Racing-Cars/ros_ws/install/theora_image_transport:/home/adam/Sensor-Fusion-And-Autonomous-Racing-Cars/ros_ws/install/serial_driver:/home/adam/Sensor-Fusion-And-Autonomous-Racing-Cars/ros_ws/install/ldlidar_ros2:/home/adam/Sensor-Fusion-And-Autonomous-Racing-Cars/ros_ws/install/compressed_image_transport:/home/adam/Sensor-Fusion-And-Autonomous-Racing-Cars/ros_ws/install/compressed_depth_image_transport:/home/adam/Sensor-Fusion-And-Autonomous-Racing-Cars/ros_ws/install/steering_test_pkg:/home/adam/Sensor-Fusion-And-Autonomous-Racing-Cars/ros_ws/install/servo_controller:/home/adam/Sensor-Fusion-And-Autonomous-Racing-Cars/ros_ws/install/motor_controller:/home/adam/Sensor-Fusion-And-Autonomous-Racing-Cars/ros_ws/install/camera_sensor:/home/adam/Sensor-Fusion-And-Autonomous-Racing-Cars/ros_ws/install/arc_startup:/home/adam/Sensor-Fusion-And-Autonomous-Racing-Cars/ros_ws/install/arc_keyboard_control:/home/adam/Sensor-Fusion-And-Autonomous-Racing-Cars/ros_ws/install/arc_autonomous_ctrl:/opt/ros/foxy LD_LIBRARY_PATH=/home/adam/Sensor-Fusion-And-Autonomous-Racing-Cars/ros_ws/install/io_context/lib:/home/adam/Sensor-Fusion-And-Autonomous-Racing-Cars/ros_ws/install/vesc_driver/lib:/home/adam/Sensor-Fusion-And-Autonomous-Racing-Cars/ros_ws/install/vesc_ackermann/lib:/home/adam/Sensor-Fusion-And-Autonomous-Racing-Cars/ros_ws/install/vesc_msgs/lib:/home/adam/Sensor-Fusion-And-Autonomous-Racing-Cars/ros_ws/install/v4l2_camera/lib:/home/adam/Sensor-Fusion-And-Autonomous-Racing-Cars/ros_ws/install/udp_driver/lib:/home/adam/Sensor-Fusion-And-Autonomous-Racing-Cars/ros_ws/install/theora_image_transport/lib:/home/adam/Sensor-Fusion-And-Autonomous-Racing-Cars/ros_ws/install/serial_driver/lib:/home/adam/Sensor-Fusion-And-Autonomous-Racing-Cars/ros_ws/install/compressed_image_transport/lib:/home/adam/Sensor-Fusion-And-Autonomous-Racing-Cars/ros_ws/install/compressed_depth_image_transport/lib:/opt/ros/foxy/opt/yaml_cpp_vendor/lib:/opt/ros/foxy/opt/rviz_ogre_vendor/lib:/opt/ros/foxy/lib/aarch64-linux-gnu:/opt/ros/foxy/lib /usr/bin/cmake --build /home/adam/Sensor-Fusion-And-Autonomous-Racing-Cars/ros_ws/build/serial_driver -- -j4 -l4
[285.790s] INFO:colcon.colcon_core.task.python.build:Building Python package in '/home/adam/Sensor-Fusion-And-Autonomous-Racing-Cars/ros_ws/src/motor_controller'
[286.157s] INFO:colcon.colcon_core.shell:Skip shell extension 'powershell' for command environment: Not usable outside of PowerShell
[286.157s] DEBUG:colcon.colcon_core.shell:Skip shell extension 'dsv' for command environment
[287.253s] DEBUG:colcon.colcon_core.event_handler.log_command:Invoking command in '/home/adam/Sensor-Fusion-And-Autonomous-Racing-Cars/ros_ws/build/serial_driver': CMAKE_PREFIX_PATH=/home/adam/Sensor-Fusion-And-Autonomous-Racing-Cars/ros_ws/install/io_context:/home/adam/Sensor-Fusion-And-Autonomous-Racing-Cars/ros_ws/install/asio_cmake_module:/home/adam/Sensor-Fusion-And-Autonomous-Racing-Cars/ros_ws/install/vesc:/home/adam/Sensor-Fusion-And-Autonomous-Racing-Cars/ros_ws/install/vesc_driver:/home/adam/Sensor-Fusion-And-Autonomous-Racing-Cars/ros_ws/install/vesc_ackermann:/home/adam/Sensor-Fusion-And-Autonomous-Racing-Cars/ros_ws/install/vesc_msgs:/home/adam/Sensor-Fusion-And-Autonomous-Racing-Cars/ros_ws/install/v4l2_camera:/home/adam/Sensor-Fusion-And-Autonomous-Racing-Cars/ros_ws/install/udp_driver:/home/adam/Sensor-Fusion-And-Autonomous-Racing-Cars/ros_ws/install/image_transport_plugins:/home/adam/Sensor-Fusion-And-Autonomous-Racing-Cars/ros_ws/install/theora_image_transport:/home/adam/Sensor-Fusion-And-Autonomous-Racing-Cars/ros_ws/install/serial_driver:/home/adam/Sensor-Fusion-And-Autonomous-Racing-Cars/ros_ws/install/ldlidar_ros2:/home/adam/Sensor-Fusion-And-Autonomous-Racing-Cars/ros_ws/install/compressed_image_transport:/home/adam/Sensor-Fusion-And-Autonomous-Racing-Cars/ros_ws/install/compressed_depth_image_transport:/home/adam/Sensor-Fusion-And-Autonomous-Racing-Cars/ros_ws/install/steering_test_pkg:/home/adam/Sensor-Fusion-And-Autonomous-Racing-Cars/ros_ws/install/servo_controller:/home/adam/Sensor-Fusion-And-Autonomous-Racing-Cars/ros_ws/install/motor_controller:/home/adam/Sensor-Fusion-And-Autonomous-Racing-Cars/ros_ws/install/camera_sensor:/home/adam/Sensor-Fusion-And-Autonomous-Racing-Cars/ros_ws/install/arc_startup:/home/adam/Sensor-Fusion-And-Autonomous-Racing-Cars/ros_ws/install/arc_keyboard_control:/home/adam/Sensor-Fusion-And-Autonomous-Racing-Cars/ros_ws/install/arc_autonomous_ctrl:/opt/ros/foxy LD_LIBRARY_PATH=/home/adam/Sensor-Fusion-And-Autonomous-Racing-Cars/ros_ws/install/io_context/lib:/home/adam/Sensor-Fusion-And-Autonomous-Racing-Cars/ros_ws/install/vesc_driver/lib:/home/adam/Sensor-Fusion-And-Autonomous-Racing-Cars/ros_ws/install/vesc_ackermann/lib:/home/adam/Sensor-Fusion-And-Autonomous-Racing-Cars/ros_ws/install/vesc_msgs/lib:/home/adam/Sensor-Fusion-And-Autonomous-Racing-Cars/ros_ws/install/v4l2_camera/lib:/home/adam/Sensor-Fusion-And-Autonomous-Racing-Cars/ros_ws/install/udp_driver/lib:/home/adam/Sensor-Fusion-And-Autonomous-Racing-Cars/ros_ws/install/theora_image_transport/lib:/home/adam/Sensor-Fusion-And-Autonomous-Racing-Cars/ros_ws/install/serial_driver/lib:/home/adam/Sensor-Fusion-And-Autonomous-Racing-Cars/ros_ws/install/compressed_image_transport/lib:/home/adam/Sensor-Fusion-And-Autonomous-Racing-Cars/ros_ws/install/compressed_depth_image_transport/lib:/opt/ros/foxy/opt/yaml_cpp_vendor/lib:/opt/ros/foxy/opt/rviz_ogre_vendor/lib:/opt/ros/foxy/lib/aarch64-linux-gnu:/opt/ros/foxy/lib /usr/bin/cmake --install /home/adam/Sensor-Fusion-And-Autonomous-Racing-Cars/ros_ws/build/serial_driver
[287.554s] Level 1:colcon.colcon_core.environment:create_environment_scripts_only(serial_driver)
[287.564s] DEBUG:colcon.colcon_core.event_handler.log_command:Invoked command in '/home/adam/Sensor-Fusion-And-Autonomous-Racing-Cars/ros_ws/build/serial_driver' returned '0': CMAKE_PREFIX_PATH=/home/adam/Sensor-Fusion-And-Autonomous-Racing-Cars/ros_ws/install/io_context:/home/adam/Sensor-Fusion-And-Autonomous-Racing-Cars/ros_ws/install/asio_cmake_module:/home/adam/Sensor-Fusion-And-Autonomous-Racing-Cars/ros_ws/install/vesc:/home/adam/Sensor-Fusion-And-Autonomous-Racing-Cars/ros_ws/install/vesc_driver:/home/adam/Sensor-Fusion-And-Autonomous-Racing-Cars/ros_ws/install/vesc_ackermann:/home/adam/Sensor-Fusion-And-Autonomous-Racing-Cars/ros_ws/install/vesc_msgs:/home/adam/Sensor-Fusion-And-Autonomous-Racing-Cars/ros_ws/install/v4l2_camera:/home/adam/Sensor-Fusion-And-Autonomous-Racing-Cars/ros_ws/install/udp_driver:/home/adam/Sensor-Fusion-And-Autonomous-Racing-Cars/ros_ws/install/image_transport_plugins:/home/adam/Sensor-Fusion-And-Autonomous-Racing-Cars/ros_ws/install/theora_image_transport:/home/adam/Sensor-Fusion-And-Autonomous-Racing-Cars/ros_ws/install/serial_driver:/home/adam/Sensor-Fusion-And-Autonomous-Racing-Cars/ros_ws/install/ldlidar_ros2:/home/adam/Sensor-Fusion-And-Autonomous-Racing-Cars/ros_ws/install/compressed_image_transport:/home/adam/Sensor-Fusion-And-Autonomous-Racing-Cars/ros_ws/install/compressed_depth_image_transport:/home/adam/Sensor-Fusion-And-Autonomous-Racing-Cars/ros_ws/install/steering_test_pkg:/home/adam/Sensor-Fusion-And-Autonomous-Racing-Cars/ros_ws/install/servo_controller:/home/adam/Sensor-Fusion-And-Autonomous-Racing-Cars/ros_ws/install/motor_controller:/home/adam/Sensor-Fusion-And-Autonomous-Racing-Cars/ros_ws/install/camera_sensor:/home/adam/Sensor-Fusion-And-Autonomous-Racing-Cars/ros_ws/install/arc_startup:/home/adam/Sensor-Fusion-And-Autonomous-Racing-Cars/ros_ws/install/arc_keyboard_control:/home/adam/Sensor-Fusion-And-Autonomous-Racing-Cars/ros_ws/install/arc_autonomous_ctrl:/opt/ros/foxy LD_LIBRARY_PATH=/home/adam/Sensor-Fusion-And-Autonomous-Racing-Cars/ros_ws/install/io_context/lib:/home/adam/Sensor-Fusion-And-Autonomous-Racing-Cars/ros_ws/install/vesc_driver/lib:/home/adam/Sensor-Fusion-And-Autonomous-Racing-Cars/ros_ws/install/vesc_ackermann/lib:/home/adam/Sensor-Fusion-And-Autonomous-Racing-Cars/ros_ws/install/vesc_msgs/lib:/home/adam/Sensor-Fusion-And-Autonomous-Racing-Cars/ros_ws/install/v4l2_camera/lib:/home/adam/Sensor-Fusion-And-Autonomous-Racing-Cars/ros_ws/install/udp_driver/lib:/home/adam/Sensor-Fusion-And-Autonomous-Racing-Cars/ros_ws/install/theora_image_transport/lib:/home/adam/Sensor-Fusion-And-Autonomous-Racing-Cars/ros_ws/install/serial_driver/lib:/home/adam/Sensor-Fusion-And-Autonomous-Racing-Cars/ros_ws/install/compressed_image_transport/lib:/home/adam/Sensor-Fusion-And-Autonomous-Racing-Cars/ros_ws/install/compressed_depth_image_transport/lib:/opt/ros/foxy/opt/yaml_cpp_vendor/lib:/opt/ros/foxy/opt/rviz_ogre_vendor/lib:/opt/ros/foxy/lib/aarch64-linux-gnu:/opt/ros/foxy/lib /usr/bin/cmake --install /home/adam/Sensor-Fusion-And-Autonomous-Racing-Cars/ros_ws/build/serial_driver
[287.951s] Level 1:colcon.colcon_core.environment:checking '/home/adam/Sensor-Fusion-And-Autonomous-Racing-Cars/ros_ws/install/serial_driver' for CMake module files
[287.955s] Level 1:colcon.colcon_core.environment:checking '/home/adam/Sensor-Fusion-And-Autonomous-Racing-Cars/ros_ws/install/serial_driver' for CMake config files
[287.960s] Level 1:colcon.colcon_core.shell:create_environment_hook('serial_driver', 'cmake_prefix_path')
[288.314s] INFO:colcon.colcon_core.shell:Creating environment hook '/home/adam/Sensor-Fusion-And-Autonomous-Racing-Cars/ros_ws/install/serial_driver/share/serial_driver/hook/cmake_prefix_path.ps1'
[288.317s] INFO:colcon.colcon_core.shell:Creating environment descriptor '/home/adam/Sensor-Fusion-And-Autonomous-Racing-Cars/ros_ws/install/serial_driver/share/serial_driver/hook/cmake_prefix_path.dsv'
[288.320s] INFO:colcon.colcon_core.shell:Creating environment hook '/home/adam/Sensor-Fusion-And-Autonomous-Racing-Cars/ros_ws/install/serial_driver/share/serial_driver/hook/cmake_prefix_path.sh'
[288.324s] Level 1:colcon.colcon_core.environment:checking '/home/adam/Sensor-Fusion-And-Autonomous-Racing-Cars/ros_ws/install/serial_driver/lib'
[288.326s] Level 1:colcon.colcon_core.shell:create_environment_hook('serial_driver', 'ld_library_path_lib')
[288.686s] INFO:colcon.colcon_core.shell:Creating environment hook '/home/adam/Sensor-Fusion-And-Autonomous-Racing-Cars/ros_ws/install/serial_driver/share/serial_driver/hook/ld_library_path_lib.ps1'
[288.689s] INFO:colcon.colcon_core.shell:Creating environment descriptor '/home/adam/Sensor-Fusion-And-Autonomous-Racing-Cars/ros_ws/install/serial_driver/share/serial_driver/hook/ld_library_path_lib.dsv'
[288.692s] INFO:colcon.colcon_core.shell:Creating environment hook '/home/adam/Sensor-Fusion-And-Autonomous-Racing-Cars/ros_ws/install/serial_driver/share/serial_driver/hook/ld_library_path_lib.sh'
[288.695s] Level 1:colcon.colcon_core.environment:checking '/home/adam/Sensor-Fusion-And-Autonomous-Racing-Cars/ros_ws/install/serial_driver/bin'
[288.697s] Level 1:colcon.colcon_core.environment:checking '/home/adam/Sensor-Fusion-And-Autonomous-Racing-Cars/ros_ws/install/serial_driver/lib/pkgconfig/serial_driver.pc'
[288.699s] Level 1:colcon.colcon_core.environment:checking '/home/adam/Sensor-Fusion-And-Autonomous-Racing-Cars/ros_ws/install/serial_driver/lib/python3.8/site-packages'
[288.701s] Level 1:colcon.colcon_core.environment:checking '/home/adam/Sensor-Fusion-And-Autonomous-Racing-Cars/ros_ws/install/serial_driver/bin'
[289.091s] INFO:colcon.colcon_core.shell:Creating package script '/home/adam/Sensor-Fusion-And-Autonomous-Racing-Cars/ros_ws/install/serial_driver/share/serial_driver/package.ps1'
[289.096s] INFO:colcon.colcon_core.shell:Creating package descriptor '/home/adam/Sensor-Fusion-And-Autonomous-Racing-Cars/ros_ws/install/serial_driver/share/serial_driver/package.dsv'
[289.100s] INFO:colcon.colcon_core.shell:Creating package script '/home/adam/Sensor-Fusion-And-Autonomous-Racing-Cars/ros_ws/install/serial_driver/share/serial_driver/package.sh'
[289.104s] INFO:colcon.colcon_core.shell:Creating package script '/home/adam/Sensor-Fusion-And-Autonomous-Racing-Cars/ros_ws/install/serial_driver/share/serial_driver/package.bash'
[289.109s] INFO:colcon.colcon_core.shell:Creating package script '/home/adam/Sensor-Fusion-And-Autonomous-Racing-Cars/ros_ws/install/serial_driver/share/serial_driver/package.zsh'
[289.112s] Level 1:colcon.colcon_core.environment:create_file_with_runtime_dependencies(/home/adam/Sensor-Fusion-And-Autonomous-Racing-Cars/ros_ws/install/serial_driver/share/colcon-core/packages/serial_driver)
[290.070s] Level 1:colcon.colcon_core.environment:create_environment_scripts_only(serial_driver)
[290.599s] Level 1:colcon.colcon_core.environment:checking '/home/adam/Sensor-Fusion-And-Autonomous-Racing-Cars/ros_ws/install/serial_driver' for CMake module files
[290.604s] Level 1:colcon.colcon_core.environment:checking '/home/adam/Sensor-Fusion-And-Autonomous-Racing-Cars/ros_ws/install/serial_driver' for CMake config files
[290.609s] Level 1:colcon.colcon_core.shell:create_environment_hook('serial_driver', 'cmake_prefix_path')
[290.972s] INFO:colcon.colcon_core.shell:Creating environment hook '/home/adam/Sensor-Fusion-And-Autonomous-Racing-Cars/ros_ws/install/serial_driver/share/serial_driver/hook/cmake_prefix_path.ps1'
[290.975s] INFO:colcon.colcon_core.shell:Creating environment descriptor '/home/adam/Sensor-Fusion-And-Autonomous-Racing-Cars/ros_ws/install/serial_driver/share/serial_driver/hook/cmake_prefix_path.dsv'
[290.978s] INFO:colcon.colcon_core.shell:Creating environment hook '/home/adam/Sensor-Fusion-And-Autonomous-Racing-Cars/ros_ws/install/serial_driver/share/serial_driver/hook/cmake_prefix_path.sh'
[290.981s] Level 1:colcon.colcon_core.environment:checking '/home/adam/Sensor-Fusion-And-Autonomous-Racing-Cars/ros_ws/install/serial_driver/lib'
[290.982s] Level 1:colcon.colcon_core.shell:create_environment_hook('serial_driver', 'ld_library_path_lib')
[291.341s] INFO:colcon.colcon_core.shell:Creating environment hook '/home/adam/Sensor-Fusion-And-Autonomous-Racing-Cars/ros_ws/install/serial_driver/share/serial_driver/hook/ld_library_path_lib.ps1'
[291.345s] INFO:colcon.colcon_core.shell:Creating environment descriptor '/home/adam/Sensor-Fusion-And-Autonomous-Racing-Cars/ros_ws/install/serial_driver/share/serial_driver/hook/ld_library_path_lib.dsv'
[291.348s] INFO:colcon.colcon_core.shell:Creating environment hook '/home/adam/Sensor-Fusion-And-Autonomous-Racing-Cars/ros_ws/install/serial_driver/share/serial_driver/hook/ld_library_path_lib.sh'
[291.352s] Level 1:colcon.colcon_core.environment:checking '/home/adam/Sensor-Fusion-And-Autonomous-Racing-Cars/ros_ws/install/serial_driver/bin'
[291.353s] Level 1:colcon.colcon_core.environment:checking '/home/adam/Sensor-Fusion-And-Autonomous-Racing-Cars/ros_ws/install/serial_driver/lib/pkgconfig/serial_driver.pc'
[291.355s] Level 1:colcon.colcon_core.environment:checking '/home/adam/Sensor-Fusion-And-Autonomous-Racing-Cars/ros_ws/install/serial_driver/lib/python3.8/site-packages'
[291.356s] Level 1:colcon.colcon_core.environment:checking '/home/adam/Sensor-Fusion-And-Autonomous-Racing-Cars/ros_ws/install/serial_driver/bin'
[291.783s] INFO:colcon.colcon_core.shell:Creating package script '/home/adam/Sensor-Fusion-And-Autonomous-Racing-Cars/ros_ws/install/serial_driver/share/serial_driver/package.ps1'
[291.788s] INFO:colcon.colcon_core.shell:Creating package descriptor '/home/adam/Sensor-Fusion-And-Autonomous-Racing-Cars/ros_ws/install/serial_driver/share/serial_driver/package.dsv'
[291.792s] INFO:colcon.colcon_core.shell:Creating package script '/home/adam/Sensor-Fusion-And-Autonomous-Racing-Cars/ros_ws/install/serial_driver/share/serial_driver/package.sh'
[291.796s] INFO:colcon.colcon_core.shell:Creating package script '/home/adam/Sensor-Fusion-And-Autonomous-Racing-Cars/ros_ws/install/serial_driver/share/serial_driver/package.bash'
[291.799s] INFO:colcon.colcon_core.shell:Creating package script '/home/adam/Sensor-Fusion-And-Autonomous-Racing-Cars/ros_ws/install/serial_driver/share/serial_driver/package.zsh'
[291.803s] Level 1:colcon.colcon_core.environment:create_file_with_runtime_dependencies(/home/adam/Sensor-Fusion-And-Autonomous-Racing-Cars/ros_ws/install/serial_driver/share/colcon-core/packages/serial_driver)
[291.809s] INFO:colcon.colcon_ros.task.ament_cmake.build:Building ROS package in '/home/adam/Sensor-Fusion-And-Autonomous-Racing-Cars/ros_ws/src/vesc_driver/vesc_driver' with build type 'ament_cmake'
[291.810s] INFO:colcon.colcon_cmake.task.cmake.build:Building CMake package in '/home/adam/Sensor-Fusion-And-Autonomous-Racing-Cars/ros_ws/src/vesc_driver/vesc_driver'
[292.117s] INFO:colcon.colcon_core.shell:Skip shell extension 'powershell' for command environment: Not usable outside of PowerShell
[292.117s] DEBUG:colcon.colcon_core.shell:Skip shell extension 'dsv' for command environment
[293.018s] DEBUG:colcon.colcon_core.event_handler.log_command:Invoking command in '/home/adam/Sensor-Fusion-And-Autonomous-Racing-Cars/ros_ws/src/motor_controller': PYTHONPATH=/home/adam/Sensor-Fusion-And-Autonomous-Racing-Cars/ros_ws/build/motor_controller/prefix_override:/home/adam/Sensor-Fusion-And-Autonomous-Racing-Cars/ros_ws/install/motor_controller/lib/python3.8/site-packages:${PYTHONPATH} /usr/bin/python3 setup.py egg_info --egg-base ../../build/motor_controller build --build-base /home/adam/Sensor-Fusion-And-Autonomous-Racing-Cars/ros_ws/build/motor_controller/build install --record /home/adam/Sensor-Fusion-And-Autonomous-Racing-Cars/ros_ws/build/motor_controller/install.log --install-scripts $base/lib/motor_controller --single-version-externally-managed
[293.034s] DEBUG:colcon.colcon_core.event_handler.log_command:Invoked command in '/home/adam/Sensor-Fusion-And-Autonomous-Racing-Cars/ros_ws/build/vesc_ackermann' returned '0': CMAKE_PREFIX_PATH=/home/adam/Sensor-Fusion-And-Autonomous-Racing-Cars/ros_ws/install/vesc_msgs:/home/adam/Sensor-Fusion-And-Autonomous-Racing-Cars/ros_ws/install/vesc:/home/adam/Sensor-Fusion-And-Autonomous-Racing-Cars/ros_ws/install/vesc_driver:/home/adam/Sensor-Fusion-And-Autonomous-Racing-Cars/ros_ws/install/vesc_ackermann:/home/adam/Sensor-Fusion-And-Autonomous-Racing-Cars/ros_ws/install/v4l2_camera:/home/adam/Sensor-Fusion-And-Autonomous-Racing-Cars/ros_ws/install/udp_driver:/home/adam/Sensor-Fusion-And-Autonomous-Racing-Cars/ros_ws/install/image_transport_plugins:/home/adam/Sensor-Fusion-And-Autonomous-Racing-Cars/ros_ws/install/theora_image_transport:/home/adam/Sensor-Fusion-And-Autonomous-Racing-Cars/ros_ws/install/serial_driver:/home/adam/Sensor-Fusion-And-Autonomous-Racing-Cars/ros_ws/install/ldlidar_ros2:/home/adam/Sensor-Fusion-And-Autonomous-Racing-Cars/ros_ws/install/io_context:/home/adam/Sensor-Fusion-And-Autonomous-Racing-Cars/ros_ws/install/compressed_image_transport:/home/adam/Sensor-Fusion-And-Autonomous-Racing-Cars/ros_ws/install/compressed_depth_image_transport:/home/adam/Sensor-Fusion-And-Autonomous-Racing-Cars/ros_ws/install/asio_cmake_module:/home/adam/Sensor-Fusion-And-Autonomous-Racing-Cars/ros_ws/install/steering_test_pkg:/home/adam/Sensor-Fusion-And-Autonomous-Racing-Cars/ros_ws/install/servo_controller:/home/adam/Sensor-Fusion-And-Autonomous-Racing-Cars/ros_ws/install/motor_controller:/home/adam/Sensor-Fusion-And-Autonomous-Racing-Cars/ros_ws/install/camera_sensor:/home/adam/Sensor-Fusion-And-Autonomous-Racing-Cars/ros_ws/install/arc_startup:/home/adam/Sensor-Fusion-And-Autonomous-Racing-Cars/ros_ws/install/arc_keyboard_control:/home/adam/Sensor-Fusion-And-Autonomous-Racing-Cars/ros_ws/install/arc_autonomous_ctrl:/opt/ros/foxy LD_LIBRARY_PATH=/home/adam/Sensor-Fusion-And-Autonomous-Racing-Cars/ros_ws/install/vesc_msgs/lib:/home/adam/Sensor-Fusion-And-Autonomous-Racing-Cars/ros_ws/install/vesc_driver/lib:/home/adam/Sensor-Fusion-And-Autonomous-Racing-Cars/ros_ws/install/vesc_ackermann/lib:/home/adam/Sensor-Fusion-And-Autonomous-Racing-Cars/ros_ws/install/v4l2_camera/lib:/home/adam/Sensor-Fusion-And-Autonomous-Racing-Cars/ros_ws/install/udp_driver/lib:/home/adam/Sensor-Fusion-And-Autonomous-Racing-Cars/ros_ws/install/theora_image_transport/lib:/home/adam/Sensor-Fusion-And-Autonomous-Racing-Cars/ros_ws/install/serial_driver/lib:/home/adam/Sensor-Fusion-And-Autonomous-Racing-Cars/ros_ws/install/io_context/lib:/home/adam/Sensor-Fusion-And-Autonomous-Racing-Cars/ros_ws/install/compressed_image_transport/lib:/home/adam/Sensor-Fusion-And-Autonomous-Racing-Cars/ros_ws/install/compressed_depth_image_transport/lib:/opt/ros/foxy/opt/yaml_cpp_vendor/lib:/opt/ros/foxy/opt/rviz_ogre_vendor/lib:/opt/ros/foxy/lib/aarch64-linux-gnu:/opt/ros/foxy/lib /usr/bin/cmake --build /home/adam/Sensor-Fusion-And-Autonomous-Racing-Cars/ros_ws/build/vesc_ackermann -- -j4 -l4
[293.095s] DEBUG:colcon.colcon_core.event_handler.log_command:Invoking command in '/home/adam/Sensor-Fusion-And-Autonomous-Racing-Cars/ros_ws/build/vesc_driver': CMAKE_PREFIX_PATH=/home/adam/Sensor-Fusion-And-Autonomous-Racing-Cars/ros_ws/install/serial_driver:/home/adam/Sensor-Fusion-And-Autonomous-Racing-Cars/ros_ws/install/io_context:/home/adam/Sensor-Fusion-And-Autonomous-Racing-Cars/ros_ws/install/vesc_msgs:/home/adam/Sensor-Fusion-And-Autonomous-Racing-Cars/ros_ws/install/vesc:/home/adam/Sensor-Fusion-And-Autonomous-Racing-Cars/ros_ws/install/vesc_driver:/home/adam/Sensor-Fusion-And-Autonomous-Racing-Cars/ros_ws/install/vesc_ackermann:/home/adam/Sensor-Fusion-And-Autonomous-Racing-Cars/ros_ws/install/v4l2_camera:/home/adam/Sensor-Fusion-And-Autonomous-Racing-Cars/ros_ws/install/udp_driver:/home/adam/Sensor-Fusion-And-Autonomous-Racing-Cars/ros_ws/install/image_transport_plugins:/home/adam/Sensor-Fusion-And-Autonomous-Racing-Cars/ros_ws/install/theora_image_transport:/home/adam/Sensor-Fusion-And-Autonomous-Racing-Cars/ros_ws/install/ldlidar_ros2:/home/adam/Sensor-Fusion-And-Autonomous-Racing-Cars/ros_ws/install/compressed_image_transport:/home/adam/Sensor-Fusion-And-Autonomous-Racing-Cars/ros_ws/install/compressed_depth_image_transport:/home/adam/Sensor-Fusion-And-Autonomous-Racing-Cars/ros_ws/install/asio_cmake_module:/home/adam/Sensor-Fusion-And-Autonomous-Racing-Cars/ros_ws/install/steering_test_pkg:/home/adam/Sensor-Fusion-And-Autonomous-Racing-Cars/ros_ws/install/servo_controller:/home/adam/Sensor-Fusion-And-Autonomous-Racing-Cars/ros_ws/install/motor_controller:/home/adam/Sensor-Fusion-And-Autonomous-Racing-Cars/ros_ws/install/camera_sensor:/home/adam/Sensor-Fusion-And-Autonomous-Racing-Cars/ros_ws/install/arc_startup:/home/adam/Sensor-Fusion-And-Autonomous-Racing-Cars/ros_ws/install/arc_keyboard_control:/home/adam/Sensor-Fusion-And-Autonomous-Racing-Cars/ros_ws/install/arc_autonomous_ctrl:/opt/ros/foxy LD_LIBRARY_PATH=/home/adam/Sensor-Fusion-And-Autonomous-Racing-Cars/ros_ws/install/serial_driver/lib:/home/adam/Sensor-Fusion-And-Autonomous-Racing-Cars/ros_ws/install/io_context/lib:/home/adam/Sensor-Fusion-And-Autonomous-Racing-Cars/ros_ws/install/vesc_msgs/lib:/home/adam/Sensor-Fusion-And-Autonomous-Racing-Cars/ros_ws/install/vesc_driver/lib:/home/adam/Sensor-Fusion-And-Autonomous-Racing-Cars/ros_ws/install/vesc_ackermann/lib:/home/adam/Sensor-Fusion-And-Autonomous-Racing-Cars/ros_ws/install/v4l2_camera/lib:/home/adam/Sensor-Fusion-And-Autonomous-Racing-Cars/ros_ws/install/udp_driver/lib:/home/adam/Sensor-Fusion-And-Autonomous-Racing-Cars/ros_ws/install/theora_image_transport/lib:/home/adam/Sensor-Fusion-And-Autonomous-Racing-Cars/ros_ws/install/compressed_image_transport/lib:/home/adam/Sensor-Fusion-And-Autonomous-Racing-Cars/ros_ws/install/compressed_depth_image_transport/lib:/opt/ros/foxy/opt/yaml_cpp_vendor/lib:/opt/ros/foxy/opt/rviz_ogre_vendor/lib:/opt/ros/foxy/lib/aarch64-linux-gnu:/opt/ros/foxy/lib /usr/bin/cmake /home/adam/Sensor-Fusion-And-Autonomous-Racing-Cars/ros_ws/src/vesc_driver/vesc_driver -DCMAKE_INSTALL_PREFIX=/home/adam/Sensor-Fusion-And-Autonomous-Racing-Cars/ros_ws/install/vesc_driver
[293.389s] DEBUG:colcon.colcon_core.event_handler.log_command:Invoking command in '/home/adam/Sensor-Fusion-And-Autonomous-Racing-Cars/ros_ws/build/vesc_ackermann': CMAKE_PREFIX_PATH=/home/adam/Sensor-Fusion-And-Autonomous-Racing-Cars/ros_ws/install/vesc_msgs:/home/adam/Sensor-Fusion-And-Autonomous-Racing-Cars/ros_ws/install/vesc:/home/adam/Sensor-Fusion-And-Autonomous-Racing-Cars/ros_ws/install/vesc_driver:/home/adam/Sensor-Fusion-And-Autonomous-Racing-Cars/ros_ws/install/vesc_ackermann:/home/adam/Sensor-Fusion-And-Autonomous-Racing-Cars/ros_ws/install/v4l2_camera:/home/adam/Sensor-Fusion-And-Autonomous-Racing-Cars/ros_ws/install/udp_driver:/home/adam/Sensor-Fusion-And-Autonomous-Racing-Cars/ros_ws/install/image_transport_plugins:/home/adam/Sensor-Fusion-And-Autonomous-Racing-Cars/ros_ws/install/theora_image_transport:/home/adam/Sensor-Fusion-And-Autonomous-Racing-Cars/ros_ws/install/serial_driver:/home/adam/Sensor-Fusion-And-Autonomous-Racing-Cars/ros_ws/install/ldlidar_ros2:/home/adam/Sensor-Fusion-And-Autonomous-Racing-Cars/ros_ws/install/io_context:/home/adam/Sensor-Fusion-And-Autonomous-Racing-Cars/ros_ws/install/compressed_image_transport:/home/adam/Sensor-Fusion-And-Autonomous-Racing-Cars/ros_ws/install/compressed_depth_image_transport:/home/adam/Sensor-Fusion-And-Autonomous-Racing-Cars/ros_ws/install/asio_cmake_module:/home/adam/Sensor-Fusion-And-Autonomous-Racing-Cars/ros_ws/install/steering_test_pkg:/home/adam/Sensor-Fusion-And-Autonomous-Racing-Cars/ros_ws/install/servo_controller:/home/adam/Sensor-Fusion-And-Autonomous-Racing-Cars/ros_ws/install/motor_controller:/home/adam/Sensor-Fusion-And-Autonomous-Racing-Cars/ros_ws/install/camera_sensor:/home/adam/Sensor-Fusion-And-Autonomous-Racing-Cars/ros_ws/install/arc_startup:/home/adam/Sensor-Fusion-And-Autonomous-Racing-Cars/ros_ws/install/arc_keyboard_control:/home/adam/Sensor-Fusion-And-Autonomous-Racing-Cars/ros_ws/install/arc_autonomous_ctrl:/opt/ros/foxy LD_LIBRARY_PATH=/home/adam/Sensor-Fusion-And-Autonomous-Racing-Cars/ros_ws/install/vesc_msgs/lib:/home/adam/Sensor-Fusion-And-Autonomous-Racing-Cars/ros_ws/install/vesc_driver/lib:/home/adam/Sensor-Fusion-And-Autonomous-Racing-Cars/ros_ws/install/vesc_ackermann/lib:/home/adam/Sensor-Fusion-And-Autonomous-Racing-Cars/ros_ws/install/v4l2_camera/lib:/home/adam/Sensor-Fusion-And-Autonomous-Racing-Cars/ros_ws/install/udp_driver/lib:/home/adam/Sensor-Fusion-And-Autonomous-Racing-Cars/ros_ws/install/theora_image_transport/lib:/home/adam/Sensor-Fusion-And-Autonomous-Racing-Cars/ros_ws/install/serial_driver/lib:/home/adam/Sensor-Fusion-And-Autonomous-Racing-Cars/ros_ws/install/io_context/lib:/home/adam/Sensor-Fusion-And-Autonomous-Racing-Cars/ros_ws/install/compressed_image_transport/lib:/home/adam/Sensor-Fusion-And-Autonomous-Racing-Cars/ros_ws/install/compressed_depth_image_transport/lib:/opt/ros/foxy/opt/yaml_cpp_vendor/lib:/opt/ros/foxy/opt/rviz_ogre_vendor/lib:/opt/ros/foxy/lib/aarch64-linux-gnu:/opt/ros/foxy/lib /usr/bin/cmake --install /home/adam/Sensor-Fusion-And-Autonomous-Racing-Cars/ros_ws/build/vesc_ackermann
[293.647s] Level 1:colcon.colcon_core.environment:create_environment_scripts_only(vesc_ackermann)
[293.649s] DEBUG:colcon.colcon_core.event_handler.log_command:Invoked command in '/home/adam/Sensor-Fusion-And-Autonomous-Racing-Cars/ros_ws/build/vesc_ackermann' returned '0': CMAKE_PREFIX_PATH=/home/adam/Sensor-Fusion-And-Autonomous-Racing-Cars/ros_ws/install/vesc_msgs:/home/adam/Sensor-Fusion-And-Autonomous-Racing-Cars/ros_ws/install/vesc:/home/adam/Sensor-Fusion-And-Autonomous-Racing-Cars/ros_ws/install/vesc_driver:/home/adam/Sensor-Fusion-And-Autonomous-Racing-Cars/ros_ws/install/vesc_ackermann:/home/adam/Sensor-Fusion-And-Autonomous-Racing-Cars/ros_ws/install/v4l2_camera:/home/adam/Sensor-Fusion-And-Autonomous-Racing-Cars/ros_ws/install/udp_driver:/home/adam/Sensor-Fusion-And-Autonomous-Racing-Cars/ros_ws/install/image_transport_plugins:/home/adam/Sensor-Fusion-And-Autonomous-Racing-Cars/ros_ws/install/theora_image_transport:/home/adam/Sensor-Fusion-And-Autonomous-Racing-Cars/ros_ws/install/serial_driver:/home/adam/Sensor-Fusion-And-Autonomous-Racing-Cars/ros_ws/install/ldlidar_ros2:/home/adam/Sensor-Fusion-And-Autonomous-Racing-Cars/ros_ws/install/io_context:/home/adam/Sensor-Fusion-And-Autonomous-Racing-Cars/ros_ws/install/compressed_image_transport:/home/adam/Sensor-Fusion-And-Autonomous-Racing-Cars/ros_ws/install/compressed_depth_image_transport:/home/adam/Sensor-Fusion-And-Autonomous-Racing-Cars/ros_ws/install/asio_cmake_module:/home/adam/Sensor-Fusion-And-Autonomous-Racing-Cars/ros_ws/install/steering_test_pkg:/home/adam/Sensor-Fusion-And-Autonomous-Racing-Cars/ros_ws/install/servo_controller:/home/adam/Sensor-Fusion-And-Autonomous-Racing-Cars/ros_ws/install/motor_controller:/home/adam/Sensor-Fusion-And-Autonomous-Racing-Cars/ros_ws/install/camera_sensor:/home/adam/Sensor-Fusion-And-Autonomous-Racing-Cars/ros_ws/install/arc_startup:/home/adam/Sensor-Fusion-And-Autonomous-Racing-Cars/ros_ws/install/arc_keyboard_control:/home/adam/Sensor-Fusion-And-Autonomous-Racing-Cars/ros_ws/install/arc_autonomous_ctrl:/opt/ros/foxy LD_LIBRARY_PATH=/home/adam/Sensor-Fusion-And-Autonomous-Racing-Cars/ros_ws/install/vesc_msgs/lib:/home/adam/Sensor-Fusion-And-Autonomous-Racing-Cars/ros_ws/install/vesc_driver/lib:/home/adam/Sensor-Fusion-And-Autonomous-Racing-Cars/ros_ws/install/vesc_ackermann/lib:/home/adam/Sensor-Fusion-And-Autonomous-Racing-Cars/ros_ws/install/v4l2_camera/lib:/home/adam/Sensor-Fusion-And-Autonomous-Racing-Cars/ros_ws/install/udp_driver/lib:/home/adam/Sensor-Fusion-And-Autonomous-Racing-Cars/ros_ws/install/theora_image_transport/lib:/home/adam/Sensor-Fusion-And-Autonomous-Racing-Cars/ros_ws/install/serial_driver/lib:/home/adam/Sensor-Fusion-And-Autonomous-Racing-Cars/ros_ws/install/io_context/lib:/home/adam/Sensor-Fusion-And-Autonomous-Racing-Cars/ros_ws/install/compressed_image_transport/lib:/home/adam/Sensor-Fusion-And-Autonomous-Racing-Cars/ros_ws/install/compressed_depth_image_transport/lib:/opt/ros/foxy/opt/yaml_cpp_vendor/lib:/opt/ros/foxy/opt/rviz_ogre_vendor/lib:/opt/ros/foxy/lib/aarch64-linux-gnu:/opt/ros/foxy/lib /usr/bin/cmake --install /home/adam/Sensor-Fusion-And-Autonomous-Racing-Cars/ros_ws/build/vesc_ackermann
[294.061s] Level 1:colcon.colcon_core.environment:checking '/home/adam/Sensor-Fusion-And-Autonomous-Racing-Cars/ros_ws/install/vesc_ackermann' for CMake module files
[294.065s] Level 1:colcon.colcon_core.environment:checking '/home/adam/Sensor-Fusion-And-Autonomous-Racing-Cars/ros_ws/install/vesc_ackermann' for CMake config files
[294.069s] Level 1:colcon.colcon_core.shell:create_environment_hook('vesc_ackermann', 'cmake_prefix_path')
[294.440s] INFO:colcon.colcon_core.shell:Creating environment hook '/home/adam/Sensor-Fusion-And-Autonomous-Racing-Cars/ros_ws/install/vesc_ackermann/share/vesc_ackermann/hook/cmake_prefix_path.ps1'
[294.445s] INFO:colcon.colcon_core.shell:Creating environment descriptor '/home/adam/Sensor-Fusion-And-Autonomous-Racing-Cars/ros_ws/install/vesc_ackermann/share/vesc_ackermann/hook/cmake_prefix_path.dsv'
[294.451s] INFO:colcon.colcon_core.shell:Creating environment hook '/home/adam/Sensor-Fusion-And-Autonomous-Racing-Cars/ros_ws/install/vesc_ackermann/share/vesc_ackermann/hook/cmake_prefix_path.sh'
[294.455s] Level 1:colcon.colcon_core.environment:checking '/home/adam/Sensor-Fusion-And-Autonomous-Racing-Cars/ros_ws/install/vesc_ackermann/lib'
[294.456s] Level 1:colcon.colcon_core.shell:create_environment_hook('vesc_ackermann', 'ld_library_path_lib')
[294.849s] INFO:colcon.colcon_core.shell:Creating environment hook '/home/adam/Sensor-Fusion-And-Autonomous-Racing-Cars/ros_ws/install/vesc_ackermann/share/vesc_ackermann/hook/ld_library_path_lib.ps1'
[294.853s] INFO:colcon.colcon_core.shell:Creating environment descriptor '/home/adam/Sensor-Fusion-And-Autonomous-Racing-Cars/ros_ws/install/vesc_ackermann/share/vesc_ackermann/hook/ld_library_path_lib.dsv'
[294.855s] INFO:colcon.colcon_core.shell:Creating environment hook '/home/adam/Sensor-Fusion-And-Autonomous-Racing-Cars/ros_ws/install/vesc_ackermann/share/vesc_ackermann/hook/ld_library_path_lib.sh'
[294.858s] Level 1:colcon.colcon_core.environment:checking '/home/adam/Sensor-Fusion-And-Autonomous-Racing-Cars/ros_ws/install/vesc_ackermann/bin'
[294.859s] Level 1:colcon.colcon_core.environment:checking '/home/adam/Sensor-Fusion-And-Autonomous-Racing-Cars/ros_ws/install/vesc_ackermann/lib/pkgconfig/vesc_ackermann.pc'
[294.860s] Level 1:colcon.colcon_core.environment:checking '/home/adam/Sensor-Fusion-And-Autonomous-Racing-Cars/ros_ws/install/vesc_ackermann/lib/python3.8/site-packages'
[294.862s] Level 1:colcon.colcon_core.environment:checking '/home/adam/Sensor-Fusion-And-Autonomous-Racing-Cars/ros_ws/install/vesc_ackermann/bin'
[295.240s] INFO:colcon.colcon_core.shell:Creating package script '/home/adam/Sensor-Fusion-And-Autonomous-Racing-Cars/ros_ws/install/vesc_ackermann/share/vesc_ackermann/package.ps1'
[295.243s] INFO:colcon.colcon_core.shell:Creating package descriptor '/home/adam/Sensor-Fusion-And-Autonomous-Racing-Cars/ros_ws/install/vesc_ackermann/share/vesc_ackermann/package.dsv'
[295.246s] INFO:colcon.colcon_core.shell:Creating package script '/home/adam/Sensor-Fusion-And-Autonomous-Racing-Cars/ros_ws/install/vesc_ackermann/share/vesc_ackermann/package.sh'
[295.249s] INFO:colcon.colcon_core.shell:Creating package script '/home/adam/Sensor-Fusion-And-Autonomous-Racing-Cars/ros_ws/install/vesc_ackermann/share/vesc_ackermann/package.bash'
[295.252s] INFO:colcon.colcon_core.shell:Creating package script '/home/adam/Sensor-Fusion-And-Autonomous-Racing-Cars/ros_ws/install/vesc_ackermann/share/vesc_ackermann/package.zsh'
[295.255s] Level 1:colcon.colcon_core.environment:create_file_with_runtime_dependencies(/home/adam/Sensor-Fusion-And-Autonomous-Racing-Cars/ros_ws/install/vesc_ackermann/share/colcon-core/packages/vesc_ackermann)
[295.606s] DEBUG:colcon.colcon_core.event_handler.log_command:Invoked command in '/home/adam/Sensor-Fusion-And-Autonomous-Racing-Cars/ros_ws/src/motor_controller' returned '0': PYTHONPATH=/home/adam/Sensor-Fusion-And-Autonomous-Racing-Cars/ros_ws/build/motor_controller/prefix_override:/home/adam/Sensor-Fusion-And-Autonomous-Racing-Cars/ros_ws/install/motor_controller/lib/python3.8/site-packages:${PYTHONPATH} /usr/bin/python3 setup.py egg_info --egg-base ../../build/motor_controller build --build-base /home/adam/Sensor-Fusion-And-Autonomous-Racing-Cars/ros_ws/build/motor_controller/build install --record /home/adam/Sensor-Fusion-And-Autonomous-Racing-Cars/ros_ws/build/motor_controller/install.log --install-scripts $base/lib/motor_controller --single-version-externally-managed
[295.989s] Level 1:colcon.colcon_core.environment:checking '/home/adam/Sensor-Fusion-And-Autonomous-Racing-Cars/ros_ws/install/motor_controller' for CMake module files
[295.992s] Level 1:colcon.colcon_core.environment:checking '/home/adam/Sensor-Fusion-And-Autonomous-Racing-Cars/ros_ws/install/motor_controller' for CMake config files
[295.995s] Level 1:colcon.colcon_core.environment:checking '/home/adam/Sensor-Fusion-And-Autonomous-Racing-Cars/ros_ws/install/motor_controller/lib'
[295.996s] Level 1:colcon.colcon_core.environment:checking '/home/adam/Sensor-Fusion-And-Autonomous-Racing-Cars/ros_ws/install/motor_controller/bin'
[295.997s] Level 1:colcon.colcon_core.environment:checking '/home/adam/Sensor-Fusion-And-Autonomous-Racing-Cars/ros_ws/install/motor_controller/lib/pkgconfig/motor_controller.pc'
[295.998s] Level 1:colcon.colcon_core.environment:checking '/home/adam/Sensor-Fusion-And-Autonomous-Racing-Cars/ros_ws/install/motor_controller/lib/python3.8/site-packages'
[295.998s] Level 1:colcon.colcon_core.shell:create_environment_hook('motor_controller', 'pythonpath')
[296.461s] INFO:colcon.colcon_core.shell:Creating environment hook '/home/adam/Sensor-Fusion-And-Autonomous-Racing-Cars/ros_ws/install/motor_controller/share/motor_controller/hook/pythonpath.ps1'
[296.463s] INFO:colcon.colcon_core.shell:Creating environment descriptor '/home/adam/Sensor-Fusion-And-Autonomous-Racing-Cars/ros_ws/install/motor_controller/share/motor_controller/hook/pythonpath.dsv'
[296.465s] INFO:colcon.colcon_core.shell:Creating environment hook '/home/adam/Sensor-Fusion-And-Autonomous-Racing-Cars/ros_ws/install/motor_controller/share/motor_controller/hook/pythonpath.sh'
[296.468s] Level 1:colcon.colcon_core.environment:checking '/home/adam/Sensor-Fusion-And-Autonomous-Racing-Cars/ros_ws/install/motor_controller/bin'
[296.468s] Level 1:colcon.colcon_core.environment:create_environment_scripts_only(motor_controller)
[296.893s] INFO:colcon.colcon_core.shell:Creating package script '/home/adam/Sensor-Fusion-And-Autonomous-Racing-Cars/ros_ws/install/motor_controller/share/motor_controller/package.ps1'
[296.896s] INFO:colcon.colcon_core.shell:Creating package descriptor '/home/adam/Sensor-Fusion-And-Autonomous-Racing-Cars/ros_ws/install/motor_controller/share/motor_controller/package.dsv'
[296.901s] INFO:colcon.colcon_core.shell:Creating package script '/home/adam/Sensor-Fusion-And-Autonomous-Racing-Cars/ros_ws/install/motor_controller/share/motor_controller/package.sh'
[296.906s] INFO:colcon.colcon_core.shell:Creating package script '/home/adam/Sensor-Fusion-And-Autonomous-Racing-Cars/ros_ws/install/motor_controller/share/motor_controller/package.bash'
[296.909s] INFO:colcon.colcon_core.shell:Creating package script '/home/adam/Sensor-Fusion-And-Autonomous-Racing-Cars/ros_ws/install/motor_controller/share/motor_controller/package.zsh'
[296.913s] Level 1:colcon.colcon_core.environment:create_file_with_runtime_dependencies(/home/adam/Sensor-Fusion-And-Autonomous-Racing-Cars/ros_ws/install/motor_controller/share/colcon-core/packages/motor_controller)
[296.920s] INFO:colcon.colcon_ros.task.ament_python.build:Building ROS package in '/home/adam/Sensor-Fusion-And-Autonomous-Racing-Cars/ros_ws/src/servo_controller' with build type 'ament_python'
[296.922s] Level 1:colcon.colcon_core.shell:create_environment_hook('servo_controller', 'ament_prefix_path')
[297.374s] INFO:colcon.colcon_core.shell:Creating environment hook '/home/adam/Sensor-Fusion-And-Autonomous-Racing-Cars/ros_ws/install/servo_controller/share/servo_controller/hook/ament_prefix_path.ps1'
[297.377s] INFO:colcon.colcon_core.shell:Creating environment descriptor '/home/adam/Sensor-Fusion-And-Autonomous-Racing-Cars/ros_ws/install/servo_controller/share/servo_controller/hook/ament_prefix_path.dsv'
[297.380s] INFO:colcon.colcon_core.shell:Creating environment hook '/home/adam/Sensor-Fusion-And-Autonomous-Racing-Cars/ros_ws/install/servo_controller/share/servo_controller/hook/ament_prefix_path.sh'
[297.778s] INFO:colcon.colcon_core.shell:Skip shell extension 'powershell' for command environment: Not usable outside of PowerShell
[297.779s] DEBUG:colcon.colcon_core.shell:Skip shell extension 'dsv' for command environment
[299.057s] Level 1:colcon.colcon_core.environment:create_environment_scripts_only(vesc_ackermann)
[299.355s] Level 1:colcon.colcon_core.environment:checking '/home/adam/Sensor-Fusion-And-Autonomous-Racing-Cars/ros_ws/install/vesc_ackermann' for CMake module files
[299.358s] Level 1:colcon.colcon_core.environment:checking '/home/adam/Sensor-Fusion-And-Autonomous-Racing-Cars/ros_ws/install/vesc_ackermann' for CMake config files
[299.361s] Level 1:colcon.colcon_core.shell:create_environment_hook('vesc_ackermann', 'cmake_prefix_path')
[299.657s] INFO:colcon.colcon_core.shell:Creating environment hook '/home/adam/Sensor-Fusion-And-Autonomous-Racing-Cars/ros_ws/install/vesc_ackermann/share/vesc_ackermann/hook/cmake_prefix_path.ps1'
[299.660s] INFO:colcon.colcon_core.shell:Creating environment descriptor '/home/adam/Sensor-Fusion-And-Autonomous-Racing-Cars/ros_ws/install/vesc_ackermann/share/vesc_ackermann/hook/cmake_prefix_path.dsv'
[299.662s] INFO:colcon.colcon_core.shell:Creating environment hook '/home/adam/Sensor-Fusion-And-Autonomous-Racing-Cars/ros_ws/install/vesc_ackermann/share/vesc_ackermann/hook/cmake_prefix_path.sh'
[299.666s] Level 1:colcon.colcon_core.environment:checking '/home/adam/Sensor-Fusion-And-Autonomous-Racing-Cars/ros_ws/install/vesc_ackermann/lib'
[299.667s] Level 1:colcon.colcon_core.shell:create_environment_hook('vesc_ackermann', 'ld_library_path_lib')
[299.961s] INFO:colcon.colcon_core.shell:Creating environment hook '/home/adam/Sensor-Fusion-And-Autonomous-Racing-Cars/ros_ws/install/vesc_ackermann/share/vesc_ackermann/hook/ld_library_path_lib.ps1'
[299.963s] INFO:colcon.colcon_core.shell:Creating environment descriptor '/home/adam/Sensor-Fusion-And-Autonomous-Racing-Cars/ros_ws/install/vesc_ackermann/share/vesc_ackermann/hook/ld_library_path_lib.dsv'
[299.966s] INFO:colcon.colcon_core.shell:Creating environment hook '/home/adam/Sensor-Fusion-And-Autonomous-Racing-Cars/ros_ws/install/vesc_ackermann/share/vesc_ackermann/hook/ld_library_path_lib.sh'
[299.968s] Level 1:colcon.colcon_core.environment:checking '/home/adam/Sensor-Fusion-And-Autonomous-Racing-Cars/ros_ws/install/vesc_ackermann/bin'
[299.969s] Level 1:colcon.colcon_core.environment:checking '/home/adam/Sensor-Fusion-And-Autonomous-Racing-Cars/ros_ws/install/vesc_ackermann/lib/pkgconfig/vesc_ackermann.pc'
[299.970s] Level 1:colcon.colcon_core.environment:checking '/home/adam/Sensor-Fusion-And-Autonomous-Racing-Cars/ros_ws/install/vesc_ackermann/lib/python3.8/site-packages'
[299.971s] Level 1:colcon.colcon_core.environment:checking '/home/adam/Sensor-Fusion-And-Autonomous-Racing-Cars/ros_ws/install/vesc_ackermann/bin'
[300.304s] INFO:colcon.colcon_core.shell:Creating package script '/home/adam/Sensor-Fusion-And-Autonomous-Racing-Cars/ros_ws/install/vesc_ackermann/share/vesc_ackermann/package.ps1'
[300.308s] INFO:colcon.colcon_core.shell:Creating package descriptor '/home/adam/Sensor-Fusion-And-Autonomous-Racing-Cars/ros_ws/install/vesc_ackermann/share/vesc_ackermann/package.dsv'
[300.312s] INFO:colcon.colcon_core.shell:Creating package script '/home/adam/Sensor-Fusion-And-Autonomous-Racing-Cars/ros_ws/install/vesc_ackermann/share/vesc_ackermann/package.sh'
[300.315s] INFO:colcon.colcon_core.shell:Creating package script '/home/adam/Sensor-Fusion-And-Autonomous-Racing-Cars/ros_ws/install/vesc_ackermann/share/vesc_ackermann/package.bash'
[300.318s] INFO:colcon.colcon_core.shell:Creating package script '/home/adam/Sensor-Fusion-And-Autonomous-Racing-Cars/ros_ws/install/vesc_ackermann/share/vesc_ackermann/package.zsh'
[300.321s] Level 1:colcon.colcon_core.environment:create_file_with_runtime_dependencies(/home/adam/Sensor-Fusion-And-Autonomous-Racing-Cars/ros_ws/install/vesc_ackermann/share/colcon-core/packages/vesc_ackermann)
[300.326s] INFO:colcon.colcon_ros.task.ament_python.build:Building ROS package in '/home/adam/Sensor-Fusion-And-Autonomous-Racing-Cars/ros_ws/src/steering_test_pkg' with build type 'ament_python'
[300.327s] Level 1:colcon.colcon_core.shell:create_environment_hook('steering_test_pkg', 'ament_prefix_path')
[300.629s] INFO:colcon.colcon_core.shell:Creating environment hook '/home/adam/Sensor-Fusion-And-Autonomous-Racing-Cars/ros_ws/install/steering_test_pkg/share/steering_test_pkg/hook/ament_prefix_path.ps1'
[300.631s] INFO:colcon.colcon_core.shell:Creating environment descriptor '/home/adam/Sensor-Fusion-And-Autonomous-Racing-Cars/ros_ws/install/steering_test_pkg/share/steering_test_pkg/hook/ament_prefix_path.dsv'
[300.633s] INFO:colcon.colcon_core.shell:Creating environment hook '/home/adam/Sensor-Fusion-And-Autonomous-Racing-Cars/ros_ws/install/steering_test_pkg/share/steering_test_pkg/hook/ament_prefix_path.sh'
[300.941s] INFO:colcon.colcon_core.shell:Skip shell extension 'powershell' for command environment: Not usable outside of PowerShell
[300.941s] DEBUG:colcon.colcon_core.shell:Skip shell extension 'dsv' for command environment
[303.694s] INFO:colcon.colcon_core.task.python.build:Building Python package in '/home/adam/Sensor-Fusion-And-Autonomous-Racing-Cars/ros_ws/src/servo_controller'
[304.048s] INFO:colcon.colcon_core.shell:Skip shell extension 'powershell' for command environment: Not usable outside of PowerShell
[304.049s] DEBUG:colcon.colcon_core.shell:Skip shell extension 'dsv' for command environment
[306.687s] INFO:colcon.colcon_core.task.python.build:Building Python package in '/home/adam/Sensor-Fusion-And-Autonomous-Racing-Cars/ros_ws/src/steering_test_pkg'
[307.011s] INFO:colcon.colcon_core.shell:Skip shell extension 'powershell' for command environment: Not usable outside of PowerShell
[307.011s] DEBUG:colcon.colcon_core.shell:Skip shell extension 'dsv' for command environment
[308.848s] DEBUG:colcon.colcon_core.event_handler.log_command:Invoked command in '/home/adam/Sensor-Fusion-And-Autonomous-Racing-Cars/ros_ws/build/vesc_driver' returned '0': CMAKE_PREFIX_PATH=/home/adam/Sensor-Fusion-And-Autonomous-Racing-Cars/ros_ws/install/serial_driver:/home/adam/Sensor-Fusion-And-Autonomous-Racing-Cars/ros_ws/install/io_context:/home/adam/Sensor-Fusion-And-Autonomous-Racing-Cars/ros_ws/install/vesc_msgs:/home/adam/Sensor-Fusion-And-Autonomous-Racing-Cars/ros_ws/install/vesc:/home/adam/Sensor-Fusion-And-Autonomous-Racing-Cars/ros_ws/install/vesc_driver:/home/adam/Sensor-Fusion-And-Autonomous-Racing-Cars/ros_ws/install/vesc_ackermann:/home/adam/Sensor-Fusion-And-Autonomous-Racing-Cars/ros_ws/install/v4l2_camera:/home/adam/Sensor-Fusion-And-Autonomous-Racing-Cars/ros_ws/install/udp_driver:/home/adam/Sensor-Fusion-And-Autonomous-Racing-Cars/ros_ws/install/image_transport_plugins:/home/adam/Sensor-Fusion-And-Autonomous-Racing-Cars/ros_ws/install/theora_image_transport:/home/adam/Sensor-Fusion-And-Autonomous-Racing-Cars/ros_ws/install/ldlidar_ros2:/home/adam/Sensor-Fusion-And-Autonomous-Racing-Cars/ros_ws/install/compressed_image_transport:/home/adam/Sensor-Fusion-And-Autonomous-Racing-Cars/ros_ws/install/compressed_depth_image_transport:/home/adam/Sensor-Fusion-And-Autonomous-Racing-Cars/ros_ws/install/asio_cmake_module:/home/adam/Sensor-Fusion-And-Autonomous-Racing-Cars/ros_ws/install/steering_test_pkg:/home/adam/Sensor-Fusion-And-Autonomous-Racing-Cars/ros_ws/install/servo_controller:/home/adam/Sensor-Fusion-And-Autonomous-Racing-Cars/ros_ws/install/motor_controller:/home/adam/Sensor-Fusion-And-Autonomous-Racing-Cars/ros_ws/install/camera_sensor:/home/adam/Sensor-Fusion-And-Autonomous-Racing-Cars/ros_ws/install/arc_startup:/home/adam/Sensor-Fusion-And-Autonomous-Racing-Cars/ros_ws/install/arc_keyboard_control:/home/adam/Sensor-Fusion-And-Autonomous-Racing-Cars/ros_ws/install/arc_autonomous_ctrl:/opt/ros/foxy LD_LIBRARY_PATH=/home/adam/Sensor-Fusion-And-Autonomous-Racing-Cars/ros_ws/install/serial_driver/lib:/home/adam/Sensor-Fusion-And-Autonomous-Racing-Cars/ros_ws/install/io_context/lib:/home/adam/Sensor-Fusion-And-Autonomous-Racing-Cars/ros_ws/install/vesc_msgs/lib:/home/adam/Sensor-Fusion-And-Autonomous-Racing-Cars/ros_ws/install/vesc_driver/lib:/home/adam/Sensor-Fusion-And-Autonomous-Racing-Cars/ros_ws/install/vesc_ackermann/lib:/home/adam/Sensor-Fusion-And-Autonomous-Racing-Cars/ros_ws/install/v4l2_camera/lib:/home/adam/Sensor-Fusion-And-Autonomous-Racing-Cars/ros_ws/install/udp_driver/lib:/home/adam/Sensor-Fusion-And-Autonomous-Racing-Cars/ros_ws/install/theora_image_transport/lib:/home/adam/Sensor-Fusion-And-Autonomous-Racing-Cars/ros_ws/install/compressed_image_transport/lib:/home/adam/Sensor-Fusion-And-Autonomous-Racing-Cars/ros_ws/install/compressed_depth_image_transport/lib:/opt/ros/foxy/opt/yaml_cpp_vendor/lib:/opt/ros/foxy/opt/rviz_ogre_vendor/lib:/opt/ros/foxy/lib/aarch64-linux-gnu:/opt/ros/foxy/lib /usr/bin/cmake /home/adam/Sensor-Fusion-And-Autonomous-Racing-Cars/ros_ws/src/vesc_driver/vesc_driver -DCMAKE_INSTALL_PREFIX=/home/adam/Sensor-Fusion-And-Autonomous-Racing-Cars/ros_ws/install/vesc_driver
[308.855s] DEBUG:colcon.colcon_core.event_handler.log_command:Invoking command in '/home/adam/Sensor-Fusion-And-Autonomous-Racing-Cars/ros_ws/build/vesc_driver': CMAKE_PREFIX_PATH=/home/adam/Sensor-Fusion-And-Autonomous-Racing-Cars/ros_ws/install/serial_driver:/home/adam/Sensor-Fusion-And-Autonomous-Racing-Cars/ros_ws/install/io_context:/home/adam/Sensor-Fusion-And-Autonomous-Racing-Cars/ros_ws/install/vesc_msgs:/home/adam/Sensor-Fusion-And-Autonomous-Racing-Cars/ros_ws/install/vesc:/home/adam/Sensor-Fusion-And-Autonomous-Racing-Cars/ros_ws/install/vesc_driver:/home/adam/Sensor-Fusion-And-Autonomous-Racing-Cars/ros_ws/install/vesc_ackermann:/home/adam/Sensor-Fusion-And-Autonomous-Racing-Cars/ros_ws/install/v4l2_camera:/home/adam/Sensor-Fusion-And-Autonomous-Racing-Cars/ros_ws/install/udp_driver:/home/adam/Sensor-Fusion-And-Autonomous-Racing-Cars/ros_ws/install/image_transport_plugins:/home/adam/Sensor-Fusion-And-Autonomous-Racing-Cars/ros_ws/install/theora_image_transport:/home/adam/Sensor-Fusion-And-Autonomous-Racing-Cars/ros_ws/install/ldlidar_ros2:/home/adam/Sensor-Fusion-And-Autonomous-Racing-Cars/ros_ws/install/compressed_image_transport:/home/adam/Sensor-Fusion-And-Autonomous-Racing-Cars/ros_ws/install/compressed_depth_image_transport:/home/adam/Sensor-Fusion-And-Autonomous-Racing-Cars/ros_ws/install/asio_cmake_module:/home/adam/Sensor-Fusion-And-Autonomous-Racing-Cars/ros_ws/install/steering_test_pkg:/home/adam/Sensor-Fusion-And-Autonomous-Racing-Cars/ros_ws/install/servo_controller:/home/adam/Sensor-Fusion-And-Autonomous-Racing-Cars/ros_ws/install/motor_controller:/home/adam/Sensor-Fusion-And-Autonomous-Racing-Cars/ros_ws/install/camera_sensor:/home/adam/Sensor-Fusion-And-Autonomous-Racing-Cars/ros_ws/install/arc_startup:/home/adam/Sensor-Fusion-And-Autonomous-Racing-Cars/ros_ws/install/arc_keyboard_control:/home/adam/Sensor-Fusion-And-Autonomous-Racing-Cars/ros_ws/install/arc_autonomous_ctrl:/opt/ros/foxy LD_LIBRARY_PATH=/home/adam/Sensor-Fusion-And-Autonomous-Racing-Cars/ros_ws/install/serial_driver/lib:/home/adam/Sensor-Fusion-And-Autonomous-Racing-Cars/ros_ws/install/io_context/lib:/home/adam/Sensor-Fusion-And-Autonomous-Racing-Cars/ros_ws/install/vesc_msgs/lib:/home/adam/Sensor-Fusion-And-Autonomous-Racing-Cars/ros_ws/install/vesc_driver/lib:/home/adam/Sensor-Fusion-And-Autonomous-Racing-Cars/ros_ws/install/vesc_ackermann/lib:/home/adam/Sensor-Fusion-And-Autonomous-Racing-Cars/ros_ws/install/v4l2_camera/lib:/home/adam/Sensor-Fusion-And-Autonomous-Racing-Cars/ros_ws/install/udp_driver/lib:/home/adam/Sensor-Fusion-And-Autonomous-Racing-Cars/ros_ws/install/theora_image_transport/lib:/home/adam/Sensor-Fusion-And-Autonomous-Racing-Cars/ros_ws/install/compressed_image_transport/lib:/home/adam/Sensor-Fusion-And-Autonomous-Racing-Cars/ros_ws/install/compressed_depth_image_transport/lib:/opt/ros/foxy/opt/yaml_cpp_vendor/lib:/opt/ros/foxy/opt/rviz_ogre_vendor/lib:/opt/ros/foxy/lib/aarch64-linux-gnu:/opt/ros/foxy/lib /usr/bin/cmake --build /home/adam/Sensor-Fusion-And-Autonomous-Racing-Cars/ros_ws/build/vesc_driver -- -j4 -l4
[311.019s] DEBUG:colcon.colcon_core.event_handler.log_command:Invoking command in '/home/adam/Sensor-Fusion-And-Autonomous-Racing-Cars/ros_ws/src/servo_controller': PYTHONPATH=/home/adam/Sensor-Fusion-And-Autonomous-Racing-Cars/ros_ws/build/servo_controller/prefix_override:/home/adam/Sensor-Fusion-And-Autonomous-Racing-Cars/ros_ws/install/servo_controller/lib/python3.8/site-packages:${PYTHONPATH} /usr/bin/python3 setup.py egg_info --egg-base ../../build/servo_controller build --build-base /home/adam/Sensor-Fusion-And-Autonomous-Racing-Cars/ros_ws/build/servo_controller/build install --record /home/adam/Sensor-Fusion-And-Autonomous-Racing-Cars/ros_ws/build/servo_controller/install.log --install-scripts $base/lib/servo_controller --single-version-externally-managed
[311.267s] DEBUG:colcon.colcon_core.event_handler.log_command:Invoking command in '/home/adam/Sensor-Fusion-And-Autonomous-Racing-Cars/ros_ws/src/steering_test_pkg': PYTHONPATH=/home/adam/Sensor-Fusion-And-Autonomous-Racing-Cars/ros_ws/build/steering_test_pkg/prefix_override:/home/adam/Sensor-Fusion-And-Autonomous-Racing-Cars/ros_ws/install/steering_test_pkg/lib/python3.8/site-packages:${PYTHONPATH} /usr/bin/python3 setup.py egg_info --egg-base ../../build/steering_test_pkg build --build-base /home/adam/Sensor-Fusion-And-Autonomous-Racing-Cars/ros_ws/build/steering_test_pkg/build install --record /home/adam/Sensor-Fusion-And-Autonomous-Racing-Cars/ros_ws/build/steering_test_pkg/install.log --install-scripts $base/lib/steering_test_pkg --single-version-externally-managed
[313.880s] DEBUG:colcon.colcon_core.event_handler.log_command:Invoked command in '/home/adam/Sensor-Fusion-And-Autonomous-Racing-Cars/ros_ws/src/servo_controller' returned '0': PYTHONPATH=/home/adam/Sensor-Fusion-And-Autonomous-Racing-Cars/ros_ws/build/servo_controller/prefix_override:/home/adam/Sensor-Fusion-And-Autonomous-Racing-Cars/ros_ws/install/servo_controller/lib/python3.8/site-packages:${PYTHONPATH} /usr/bin/python3 setup.py egg_info --egg-base ../../build/servo_controller build --build-base /home/adam/Sensor-Fusion-And-Autonomous-Racing-Cars/ros_ws/build/servo_controller/build install --record /home/adam/Sensor-Fusion-And-Autonomous-Racing-Cars/ros_ws/build/servo_controller/install.log --install-scripts $base/lib/servo_controller --single-version-externally-managed
[314.392s] Level 1:colcon.colcon_core.environment:checking '/home/adam/Sensor-Fusion-And-Autonomous-Racing-Cars/ros_ws/install/servo_controller' for CMake module files
[314.395s] Level 1:colcon.colcon_core.environment:checking '/home/adam/Sensor-Fusion-And-Autonomous-Racing-Cars/ros_ws/install/servo_controller' for CMake config files
[314.399s] Level 1:colcon.colcon_core.environment:checking '/home/adam/Sensor-Fusion-And-Autonomous-Racing-Cars/ros_ws/install/servo_controller/lib'
[314.400s] Level 1:colcon.colcon_core.environment:checking '/home/adam/Sensor-Fusion-And-Autonomous-Racing-Cars/ros_ws/install/servo_controller/bin'
[314.400s] Level 1:colcon.colcon_core.environment:checking '/home/adam/Sensor-Fusion-And-Autonomous-Racing-Cars/ros_ws/install/servo_controller/lib/pkgconfig/servo_controller.pc'
[314.402s] Level 1:colcon.colcon_core.environment:checking '/home/adam/Sensor-Fusion-And-Autonomous-Racing-Cars/ros_ws/install/servo_controller/lib/python3.8/site-packages'
[314.402s] Level 1:colcon.colcon_core.shell:create_environment_hook('servo_controller', 'pythonpath')
[314.753s] INFO:colcon.colcon_core.shell:Creating environment hook '/home/adam/Sensor-Fusion-And-Autonomous-Racing-Cars/ros_ws/install/servo_controller/share/servo_controller/hook/pythonpath.ps1'
[314.755s] INFO:colcon.colcon_core.shell:Creating environment descriptor '/home/adam/Sensor-Fusion-And-Autonomous-Racing-Cars/ros_ws/install/servo_controller/share/servo_controller/hook/pythonpath.dsv'
[314.758s] INFO:colcon.colcon_core.shell:Creating environment hook '/home/adam/Sensor-Fusion-And-Autonomous-Racing-Cars/ros_ws/install/servo_controller/share/servo_controller/hook/pythonpath.sh'
[314.761s] Level 1:colcon.colcon_core.environment:checking '/home/adam/Sensor-Fusion-And-Autonomous-Racing-Cars/ros_ws/install/servo_controller/bin'
[314.761s] Level 1:colcon.colcon_core.environment:create_environment_scripts_only(servo_controller)
[315.115s] INFO:colcon.colcon_core.shell:Creating package script '/home/adam/Sensor-Fusion-And-Autonomous-Racing-Cars/ros_ws/install/servo_controller/share/servo_controller/package.ps1'
[315.119s] INFO:colcon.colcon_core.shell:Creating package descriptor '/home/adam/Sensor-Fusion-And-Autonomous-Racing-Cars/ros_ws/install/servo_controller/share/servo_controller/package.dsv'
[315.123s] INFO:colcon.colcon_core.shell:Creating package script '/home/adam/Sensor-Fusion-And-Autonomous-Racing-Cars/ros_ws/install/servo_controller/share/servo_controller/package.sh'
[315.127s] INFO:colcon.colcon_core.shell:Creating package script '/home/adam/Sensor-Fusion-And-Autonomous-Racing-Cars/ros_ws/install/servo_controller/share/servo_controller/package.bash'
[315.130s] INFO:colcon.colcon_core.shell:Creating package script '/home/adam/Sensor-Fusion-And-Autonomous-Racing-Cars/ros_ws/install/servo_controller/share/servo_controller/package.zsh'
[315.134s] Level 1:colcon.colcon_core.environment:create_file_with_runtime_dependencies(/home/adam/Sensor-Fusion-And-Autonomous-Racing-Cars/ros_ws/install/servo_controller/share/colcon-core/packages/servo_controller)
[315.141s] INFO:colcon.colcon_ros.task.ament_cmake.build:Building ROS package in '/home/adam/Sensor-Fusion-And-Autonomous-Racing-Cars/ros_ws/src/transport_drivers/udp_driver' with build type 'ament_cmake'
[315.143s] INFO:colcon.colcon_cmake.task.cmake.build:Building CMake package in '/home/adam/Sensor-Fusion-And-Autonomous-Racing-Cars/ros_ws/src/transport_drivers/udp_driver'
[315.526s] INFO:colcon.colcon_core.shell:Skip shell extension 'powershell' for command environment: Not usable outside of PowerShell
[315.527s] DEBUG:colcon.colcon_core.shell:Skip shell extension 'dsv' for command environment
[316.637s] DEBUG:colcon.colcon_core.event_handler.log_command:Invoked command in '/home/adam/Sensor-Fusion-And-Autonomous-Racing-Cars/ros_ws/src/steering_test_pkg' returned '0': PYTHONPATH=/home/adam/Sensor-Fusion-And-Autonomous-Racing-Cars/ros_ws/build/steering_test_pkg/prefix_override:/home/adam/Sensor-Fusion-And-Autonomous-Racing-Cars/ros_ws/install/steering_test_pkg/lib/python3.8/site-packages:${PYTHONPATH} /usr/bin/python3 setup.py egg_info --egg-base ../../build/steering_test_pkg build --build-base /home/adam/Sensor-Fusion-And-Autonomous-Racing-Cars/ros_ws/build/steering_test_pkg/build install --record /home/adam/Sensor-Fusion-And-Autonomous-Racing-Cars/ros_ws/build/steering_test_pkg/install.log --install-scripts $base/lib/steering_test_pkg --single-version-externally-managed
[317.001s] Level 1:colcon.colcon_core.environment:checking '/home/adam/Sensor-Fusion-And-Autonomous-Racing-Cars/ros_ws/install/steering_test_pkg' for CMake module files
[317.005s] Level 1:colcon.colcon_core.environment:checking '/home/adam/Sensor-Fusion-And-Autonomous-Racing-Cars/ros_ws/install/steering_test_pkg' for CMake config files
[317.009s] Level 1:colcon.colcon_core.environment:checking '/home/adam/Sensor-Fusion-And-Autonomous-Racing-Cars/ros_ws/install/steering_test_pkg/lib'
[317.010s] Level 1:colcon.colcon_core.environment:checking '/home/adam/Sensor-Fusion-And-Autonomous-Racing-Cars/ros_ws/install/steering_test_pkg/bin'
[317.011s] Level 1:colcon.colcon_core.environment:checking '/home/adam/Sensor-Fusion-And-Autonomous-Racing-Cars/ros_ws/install/steering_test_pkg/lib/pkgconfig/steering_test_pkg.pc'
[317.012s] Level 1:colcon.colcon_core.environment:checking '/home/adam/Sensor-Fusion-And-Autonomous-Racing-Cars/ros_ws/install/steering_test_pkg/lib/python3.8/site-packages'
[317.012s] Level 1:colcon.colcon_core.shell:create_environment_hook('steering_test_pkg', 'pythonpath')
[317.370s] INFO:colcon.colcon_core.shell:Creating environment hook '/home/adam/Sensor-Fusion-And-Autonomous-Racing-Cars/ros_ws/install/steering_test_pkg/share/steering_test_pkg/hook/pythonpath.ps1'
[317.372s] INFO:colcon.colcon_core.shell:Creating environment descriptor '/home/adam/Sensor-Fusion-And-Autonomous-Racing-Cars/ros_ws/install/steering_test_pkg/share/steering_test_pkg/hook/pythonpath.dsv'
[317.375s] INFO:colcon.colcon_core.shell:Creating environment hook '/home/adam/Sensor-Fusion-And-Autonomous-Racing-Cars/ros_ws/install/steering_test_pkg/share/steering_test_pkg/hook/pythonpath.sh'
[317.378s] Level 1:colcon.colcon_core.environment:checking '/home/adam/Sensor-Fusion-And-Autonomous-Racing-Cars/ros_ws/install/steering_test_pkg/bin'
[317.379s] Level 1:colcon.colcon_core.environment:create_environment_scripts_only(steering_test_pkg)
[317.742s] INFO:colcon.colcon_core.shell:Creating package script '/home/adam/Sensor-Fusion-And-Autonomous-Racing-Cars/ros_ws/install/steering_test_pkg/share/steering_test_pkg/package.ps1'
[317.745s] INFO:colcon.colcon_core.shell:Creating package descriptor '/home/adam/Sensor-Fusion-And-Autonomous-Racing-Cars/ros_ws/install/steering_test_pkg/share/steering_test_pkg/package.dsv'
[317.748s] INFO:colcon.colcon_core.shell:Creating package script '/home/adam/Sensor-Fusion-And-Autonomous-Racing-Cars/ros_ws/install/steering_test_pkg/share/steering_test_pkg/package.sh'
[317.751s] INFO:colcon.colcon_core.shell:Creating package script '/home/adam/Sensor-Fusion-And-Autonomous-Racing-Cars/ros_ws/install/steering_test_pkg/share/steering_test_pkg/package.bash'
[317.753s] INFO:colcon.colcon_core.shell:Creating package script '/home/adam/Sensor-Fusion-And-Autonomous-Racing-Cars/ros_ws/install/steering_test_pkg/share/steering_test_pkg/package.zsh'
[317.755s] Level 1:colcon.colcon_core.environment:create_file_with_runtime_dependencies(/home/adam/Sensor-Fusion-And-Autonomous-Racing-Cars/ros_ws/install/steering_test_pkg/share/colcon-core/packages/steering_test_pkg)
[317.782s] DEBUG:colcon.colcon_core.event_handler.log_command:Invoking command in '/home/adam/Sensor-Fusion-And-Autonomous-Racing-Cars/ros_ws/build/udp_driver': CMAKE_PREFIX_PATH=/home/adam/Sensor-Fusion-And-Autonomous-Racing-Cars/ros_ws/install/io_context:/home/adam/Sensor-Fusion-And-Autonomous-Racing-Cars/ros_ws/install/asio_cmake_module:/home/adam/Sensor-Fusion-And-Autonomous-Racing-Cars/ros_ws/install/vesc:/home/adam/Sensor-Fusion-And-Autonomous-Racing-Cars/ros_ws/install/vesc_driver:/home/adam/Sensor-Fusion-And-Autonomous-Racing-Cars/ros_ws/install/vesc_ackermann:/home/adam/Sensor-Fusion-And-Autonomous-Racing-Cars/ros_ws/install/vesc_msgs:/home/adam/Sensor-Fusion-And-Autonomous-Racing-Cars/ros_ws/install/v4l2_camera:/home/adam/Sensor-Fusion-And-Autonomous-Racing-Cars/ros_ws/install/udp_driver:/home/adam/Sensor-Fusion-And-Autonomous-Racing-Cars/ros_ws/install/image_transport_plugins:/home/adam/Sensor-Fusion-And-Autonomous-Racing-Cars/ros_ws/install/theora_image_transport:/home/adam/Sensor-Fusion-And-Autonomous-Racing-Cars/ros_ws/install/serial_driver:/home/adam/Sensor-Fusion-And-Autonomous-Racing-Cars/ros_ws/install/ldlidar_ros2:/home/adam/Sensor-Fusion-And-Autonomous-Racing-Cars/ros_ws/install/compressed_image_transport:/home/adam/Sensor-Fusion-And-Autonomous-Racing-Cars/ros_ws/install/compressed_depth_image_transport:/home/adam/Sensor-Fusion-And-Autonomous-Racing-Cars/ros_ws/install/steering_test_pkg:/home/adam/Sensor-Fusion-And-Autonomous-Racing-Cars/ros_ws/install/servo_controller:/home/adam/Sensor-Fusion-And-Autonomous-Racing-Cars/ros_ws/install/motor_controller:/home/adam/Sensor-Fusion-And-Autonomous-Racing-Cars/ros_ws/install/camera_sensor:/home/adam/Sensor-Fusion-And-Autonomous-Racing-Cars/ros_ws/install/arc_startup:/home/adam/Sensor-Fusion-And-Autonomous-Racing-Cars/ros_ws/install/arc_keyboard_control:/home/adam/Sensor-Fusion-And-Autonomous-Racing-Cars/ros_ws/install/arc_autonomous_ctrl:/opt/ros/foxy LD_LIBRARY_PATH=/home/adam/Sensor-Fusion-And-Autonomous-Racing-Cars/ros_ws/install/io_context/lib:/home/adam/Sensor-Fusion-And-Autonomous-Racing-Cars/ros_ws/install/vesc_driver/lib:/home/adam/Sensor-Fusion-And-Autonomous-Racing-Cars/ros_ws/install/vesc_ackermann/lib:/home/adam/Sensor-Fusion-And-Autonomous-Racing-Cars/ros_ws/install/vesc_msgs/lib:/home/adam/Sensor-Fusion-And-Autonomous-Racing-Cars/ros_ws/install/v4l2_camera/lib:/home/adam/Sensor-Fusion-And-Autonomous-Racing-Cars/ros_ws/install/udp_driver/lib:/home/adam/Sensor-Fusion-And-Autonomous-Racing-Cars/ros_ws/install/theora_image_transport/lib:/home/adam/Sensor-Fusion-And-Autonomous-Racing-Cars/ros_ws/install/serial_driver/lib:/home/adam/Sensor-Fusion-And-Autonomous-Racing-Cars/ros_ws/install/compressed_image_transport/lib:/home/adam/Sensor-Fusion-And-Autonomous-Racing-Cars/ros_ws/install/compressed_depth_image_transport/lib:/opt/ros/foxy/opt/yaml_cpp_vendor/lib:/opt/ros/foxy/opt/rviz_ogre_vendor/lib:/opt/ros/foxy/lib/aarch64-linux-gnu:/opt/ros/foxy/lib /usr/bin/cmake /home/adam/Sensor-Fusion-And-Autonomous-Racing-Cars/ros_ws/src/transport_drivers/udp_driver -DCMAKE_INSTALL_PREFIX=/home/adam/Sensor-Fusion-And-Autonomous-Racing-Cars/ros_ws/install/udp_driver
[332.651s] DEBUG:colcon.colcon_core.event_handler.log_command:Invoked command in '/home/adam/Sensor-Fusion-And-Autonomous-Racing-Cars/ros_ws/build/udp_driver' returned '0': CMAKE_PREFIX_PATH=/home/adam/Sensor-Fusion-And-Autonomous-Racing-Cars/ros_ws/install/io_context:/home/adam/Sensor-Fusion-And-Autonomous-Racing-Cars/ros_ws/install/asio_cmake_module:/home/adam/Sensor-Fusion-And-Autonomous-Racing-Cars/ros_ws/install/vesc:/home/adam/Sensor-Fusion-And-Autonomous-Racing-Cars/ros_ws/install/vesc_driver:/home/adam/Sensor-Fusion-And-Autonomous-Racing-Cars/ros_ws/install/vesc_ackermann:/home/adam/Sensor-Fusion-And-Autonomous-Racing-Cars/ros_ws/install/vesc_msgs:/home/adam/Sensor-Fusion-And-Autonomous-Racing-Cars/ros_ws/install/v4l2_camera:/home/adam/Sensor-Fusion-And-Autonomous-Racing-Cars/ros_ws/install/udp_driver:/home/adam/Sensor-Fusion-And-Autonomous-Racing-Cars/ros_ws/install/image_transport_plugins:/home/adam/Sensor-Fusion-And-Autonomous-Racing-Cars/ros_ws/install/theora_image_transport:/home/adam/Sensor-Fusion-And-Autonomous-Racing-Cars/ros_ws/install/serial_driver:/home/adam/Sensor-Fusion-And-Autonomous-Racing-Cars/ros_ws/install/ldlidar_ros2:/home/adam/Sensor-Fusion-And-Autonomous-Racing-Cars/ros_ws/install/compressed_image_transport:/home/adam/Sensor-Fusion-And-Autonomous-Racing-Cars/ros_ws/install/compressed_depth_image_transport:/home/adam/Sensor-Fusion-And-Autonomous-Racing-Cars/ros_ws/install/steering_test_pkg:/home/adam/Sensor-Fusion-And-Autonomous-Racing-Cars/ros_ws/install/servo_controller:/home/adam/Sensor-Fusion-And-Autonomous-Racing-Cars/ros_ws/install/motor_controller:/home/adam/Sensor-Fusion-And-Autonomous-Racing-Cars/ros_ws/install/camera_sensor:/home/adam/Sensor-Fusion-And-Autonomous-Racing-Cars/ros_ws/install/arc_startup:/home/adam/Sensor-Fusion-And-Autonomous-Racing-Cars/ros_ws/install/arc_keyboard_control:/home/adam/Sensor-Fusion-And-Autonomous-Racing-Cars/ros_ws/install/arc_autonomous_ctrl:/opt/ros/foxy LD_LIBRARY_PATH=/home/adam/Sensor-Fusion-And-Autonomous-Racing-Cars/ros_ws/install/io_context/lib:/home/adam/Sensor-Fusion-And-Autonomous-Racing-Cars/ros_ws/install/vesc_driver/lib:/home/adam/Sensor-Fusion-And-Autonomous-Racing-Cars/ros_ws/install/vesc_ackermann/lib:/home/adam/Sensor-Fusion-And-Autonomous-Racing-Cars/ros_ws/install/vesc_msgs/lib:/home/adam/Sensor-Fusion-And-Autonomous-Racing-Cars/ros_ws/install/v4l2_camera/lib:/home/adam/Sensor-Fusion-And-Autonomous-Racing-Cars/ros_ws/install/udp_driver/lib:/home/adam/Sensor-Fusion-And-Autonomous-Racing-Cars/ros_ws/install/theora_image_transport/lib:/home/adam/Sensor-Fusion-And-Autonomous-Racing-Cars/ros_ws/install/serial_driver/lib:/home/adam/Sensor-Fusion-And-Autonomous-Racing-Cars/ros_ws/install/compressed_image_transport/lib:/home/adam/Sensor-Fusion-And-Autonomous-Racing-Cars/ros_ws/install/compressed_depth_image_transport/lib:/opt/ros/foxy/opt/yaml_cpp_vendor/lib:/opt/ros/foxy/opt/rviz_ogre_vendor/lib:/opt/ros/foxy/lib/aarch64-linux-gnu:/opt/ros/foxy/lib /usr/bin/cmake /home/adam/Sensor-Fusion-And-Autonomous-Racing-Cars/ros_ws/src/transport_drivers/udp_driver -DCMAKE_INSTALL_PREFIX=/home/adam/Sensor-Fusion-And-Autonomous-Racing-Cars/ros_ws/install/udp_driver
[332.659s] DEBUG:colcon.colcon_core.event_handler.log_command:Invoking command in '/home/adam/Sensor-Fusion-And-Autonomous-Racing-Cars/ros_ws/build/udp_driver': CMAKE_PREFIX_PATH=/home/adam/Sensor-Fusion-And-Autonomous-Racing-Cars/ros_ws/install/io_context:/home/adam/Sensor-Fusion-And-Autonomous-Racing-Cars/ros_ws/install/asio_cmake_module:/home/adam/Sensor-Fusion-And-Autonomous-Racing-Cars/ros_ws/install/vesc:/home/adam/Sensor-Fusion-And-Autonomous-Racing-Cars/ros_ws/install/vesc_driver:/home/adam/Sensor-Fusion-And-Autonomous-Racing-Cars/ros_ws/install/vesc_ackermann:/home/adam/Sensor-Fusion-And-Autonomous-Racing-Cars/ros_ws/install/vesc_msgs:/home/adam/Sensor-Fusion-And-Autonomous-Racing-Cars/ros_ws/install/v4l2_camera:/home/adam/Sensor-Fusion-And-Autonomous-Racing-Cars/ros_ws/install/udp_driver:/home/adam/Sensor-Fusion-And-Autonomous-Racing-Cars/ros_ws/install/image_transport_plugins:/home/adam/Sensor-Fusion-And-Autonomous-Racing-Cars/ros_ws/install/theora_image_transport:/home/adam/Sensor-Fusion-And-Autonomous-Racing-Cars/ros_ws/install/serial_driver:/home/adam/Sensor-Fusion-And-Autonomous-Racing-Cars/ros_ws/install/ldlidar_ros2:/home/adam/Sensor-Fusion-And-Autonomous-Racing-Cars/ros_ws/install/compressed_image_transport:/home/adam/Sensor-Fusion-And-Autonomous-Racing-Cars/ros_ws/install/compressed_depth_image_transport:/home/adam/Sensor-Fusion-And-Autonomous-Racing-Cars/ros_ws/install/steering_test_pkg:/home/adam/Sensor-Fusion-And-Autonomous-Racing-Cars/ros_ws/install/servo_controller:/home/adam/Sensor-Fusion-And-Autonomous-Racing-Cars/ros_ws/install/motor_controller:/home/adam/Sensor-Fusion-And-Autonomous-Racing-Cars/ros_ws/install/camera_sensor:/home/adam/Sensor-Fusion-And-Autonomous-Racing-Cars/ros_ws/install/arc_startup:/home/adam/Sensor-Fusion-And-Autonomous-Racing-Cars/ros_ws/install/arc_keyboard_control:/home/adam/Sensor-Fusion-And-Autonomous-Racing-Cars/ros_ws/install/arc_autonomous_ctrl:/opt/ros/foxy LD_LIBRARY_PATH=/home/adam/Sensor-Fusion-And-Autonomous-Racing-Cars/ros_ws/install/io_context/lib:/home/adam/Sensor-Fusion-And-Autonomous-Racing-Cars/ros_ws/install/vesc_driver/lib:/home/adam/Sensor-Fusion-And-Autonomous-Racing-Cars/ros_ws/install/vesc_ackermann/lib:/home/adam/Sensor-Fusion-And-Autonomous-Racing-Cars/ros_ws/install/vesc_msgs/lib:/home/adam/Sensor-Fusion-And-Autonomous-Racing-Cars/ros_ws/install/v4l2_camera/lib:/home/adam/Sensor-Fusion-And-Autonomous-Racing-Cars/ros_ws/install/udp_driver/lib:/home/adam/Sensor-Fusion-And-Autonomous-Racing-Cars/ros_ws/install/theora_image_transport/lib:/home/adam/Sensor-Fusion-And-Autonomous-Racing-Cars/ros_ws/install/serial_driver/lib:/home/adam/Sensor-Fusion-And-Autonomous-Racing-Cars/ros_ws/install/compressed_image_transport/lib:/home/adam/Sensor-Fusion-And-Autonomous-Racing-Cars/ros_ws/install/compressed_depth_image_transport/lib:/opt/ros/foxy/opt/yaml_cpp_vendor/lib:/opt/ros/foxy/opt/rviz_ogre_vendor/lib:/opt/ros/foxy/lib/aarch64-linux-gnu:/opt/ros/foxy/lib /usr/bin/cmake --build /home/adam/Sensor-Fusion-And-Autonomous-Racing-Cars/ros_ws/build/udp_driver -- -j4 -l4
[361.501s] DEBUG:colcon.colcon_core.event_handler.log_command:Invoked command in '/home/adam/Sensor-Fusion-And-Autonomous-Racing-Cars/ros_ws/build/image_transport' returned '0': CMAKE_PREFIX_PATH=${CMAKE_PREFIX_PATH}:/home/adam/Sensor-Fusion-And-Autonomous-Racing-Cars/ros_ws/install/steering_test_pkg:/home/adam/Sensor-Fusion-And-Autonomous-Racing-Cars/ros_ws/install/servo_controller:/home/adam/Sensor-Fusion-And-Autonomous-Racing-Cars/ros_ws/install/motor_controller:/home/adam/Sensor-Fusion-And-Autonomous-Racing-Cars/ros_ws/install/camera_sensor:/home/adam/Sensor-Fusion-And-Autonomous-Racing-Cars/ros_ws/install/arc_startup:/home/adam/Sensor-Fusion-And-Autonomous-Racing-Cars/ros_ws/install/arc_keyboard_control:/home/adam/Sensor-Fusion-And-Autonomous-Racing-Cars/ros_ws/install/arc_autonomous_ctrl:/opt/ros/foxy /usr/bin/cmake --build /home/adam/Sensor-Fusion-And-Autonomous-Racing-Cars/ros_ws/build/image_transport -- -j4 -l4
[362.096s] DEBUG:colcon.colcon_core.event_handler.log_command:Invoking command in '/home/adam/Sensor-Fusion-And-Autonomous-Racing-Cars/ros_ws/build/image_transport': CMAKE_PREFIX_PATH=${CMAKE_PREFIX_PATH}:/home/adam/Sensor-Fusion-And-Autonomous-Racing-Cars/ros_ws/install/steering_test_pkg:/home/adam/Sensor-Fusion-And-Autonomous-Racing-Cars/ros_ws/install/servo_controller:/home/adam/Sensor-Fusion-And-Autonomous-Racing-Cars/ros_ws/install/motor_controller:/home/adam/Sensor-Fusion-And-Autonomous-Racing-Cars/ros_ws/install/camera_sensor:/home/adam/Sensor-Fusion-And-Autonomous-Racing-Cars/ros_ws/install/arc_startup:/home/adam/Sensor-Fusion-And-Autonomous-Racing-Cars/ros_ws/install/arc_keyboard_control:/home/adam/Sensor-Fusion-And-Autonomous-Racing-Cars/ros_ws/install/arc_autonomous_ctrl:/opt/ros/foxy /usr/bin/cmake --install /home/adam/Sensor-Fusion-And-Autonomous-Racing-Cars/ros_ws/build/image_transport
[362.390s] Level 1:colcon.colcon_core.environment:create_environment_scripts_only(image_transport)
[362.393s] DEBUG:colcon.colcon_core.event_handler.log_command:Invoked command in '/home/adam/Sensor-Fusion-And-Autonomous-Racing-Cars/ros_ws/build/image_transport' returned '0': CMAKE_PREFIX_PATH=${CMAKE_PREFIX_PATH}:/home/adam/Sensor-Fusion-And-Autonomous-Racing-Cars/ros_ws/install/steering_test_pkg:/home/adam/Sensor-Fusion-And-Autonomous-Racing-Cars/ros_ws/install/servo_controller:/home/adam/Sensor-Fusion-And-Autonomous-Racing-Cars/ros_ws/install/motor_controller:/home/adam/Sensor-Fusion-And-Autonomous-Racing-Cars/ros_ws/install/camera_sensor:/home/adam/Sensor-Fusion-And-Autonomous-Racing-Cars/ros_ws/install/arc_startup:/home/adam/Sensor-Fusion-And-Autonomous-Racing-Cars/ros_ws/install/arc_keyboard_control:/home/adam/Sensor-Fusion-And-Autonomous-Racing-Cars/ros_ws/install/arc_autonomous_ctrl:/opt/ros/foxy /usr/bin/cmake --install /home/adam/Sensor-Fusion-And-Autonomous-Racing-Cars/ros_ws/build/image_transport
[362.760s] Level 1:colcon.colcon_core.environment:checking '/home/adam/Sensor-Fusion-And-Autonomous-Racing-Cars/ros_ws/install/image_transport' for CMake module files
[362.764s] Level 1:colcon.colcon_core.environment:checking '/home/adam/Sensor-Fusion-And-Autonomous-Racing-Cars/ros_ws/install/image_transport' for CMake config files
[362.767s] Level 1:colcon.colcon_core.shell:create_environment_hook('image_transport', 'cmake_prefix_path')
[363.118s] INFO:colcon.colcon_core.shell:Creating environment hook '/home/adam/Sensor-Fusion-And-Autonomous-Racing-Cars/ros_ws/install/image_transport/share/image_transport/hook/cmake_prefix_path.ps1'
[363.120s] INFO:colcon.colcon_core.shell:Creating environment descriptor '/home/adam/Sensor-Fusion-And-Autonomous-Racing-Cars/ros_ws/install/image_transport/share/image_transport/hook/cmake_prefix_path.dsv'
[363.122s] INFO:colcon.colcon_core.shell:Creating environment hook '/home/adam/Sensor-Fusion-And-Autonomous-Racing-Cars/ros_ws/install/image_transport/share/image_transport/hook/cmake_prefix_path.sh'
[363.125s] Level 1:colcon.colcon_core.environment:checking '/home/adam/Sensor-Fusion-And-Autonomous-Racing-Cars/ros_ws/install/image_transport/lib'
[363.126s] Level 1:colcon.colcon_core.shell:create_environment_hook('image_transport', 'ld_library_path_lib')
[363.567s] INFO:colcon.colcon_core.shell:Creating environment hook '/home/adam/Sensor-Fusion-And-Autonomous-Racing-Cars/ros_ws/install/image_transport/share/image_transport/hook/ld_library_path_lib.ps1'
[363.571s] INFO:colcon.colcon_core.shell:Creating environment descriptor '/home/adam/Sensor-Fusion-And-Autonomous-Racing-Cars/ros_ws/install/image_transport/share/image_transport/hook/ld_library_path_lib.dsv'
[363.575s] INFO:colcon.colcon_core.shell:Creating environment hook '/home/adam/Sensor-Fusion-And-Autonomous-Racing-Cars/ros_ws/install/image_transport/share/image_transport/hook/ld_library_path_lib.sh'
[363.579s] Level 1:colcon.colcon_core.environment:checking '/home/adam/Sensor-Fusion-And-Autonomous-Racing-Cars/ros_ws/install/image_transport/bin'
[363.580s] Level 1:colcon.colcon_core.environment:checking '/home/adam/Sensor-Fusion-And-Autonomous-Racing-Cars/ros_ws/install/image_transport/lib/pkgconfig/image_transport.pc'
[363.583s] Level 1:colcon.colcon_core.environment:checking '/home/adam/Sensor-Fusion-And-Autonomous-Racing-Cars/ros_ws/install/image_transport/lib/python3.8/site-packages'
[363.585s] Level 1:colcon.colcon_core.environment:checking '/home/adam/Sensor-Fusion-And-Autonomous-Racing-Cars/ros_ws/install/image_transport/bin'
[364.156s] INFO:colcon.colcon_core.shell:Creating package script '/home/adam/Sensor-Fusion-And-Autonomous-Racing-Cars/ros_ws/install/image_transport/share/image_transport/package.ps1'
[364.163s] INFO:colcon.colcon_core.shell:Creating package descriptor '/home/adam/Sensor-Fusion-And-Autonomous-Racing-Cars/ros_ws/install/image_transport/share/image_transport/package.dsv'
[364.169s] INFO:colcon.colcon_core.shell:Creating package script '/home/adam/Sensor-Fusion-And-Autonomous-Racing-Cars/ros_ws/install/image_transport/share/image_transport/package.sh'
[364.175s] INFO:colcon.colcon_core.shell:Creating package script '/home/adam/Sensor-Fusion-And-Autonomous-Racing-Cars/ros_ws/install/image_transport/share/image_transport/package.bash'
[364.179s] INFO:colcon.colcon_core.shell:Creating package script '/home/adam/Sensor-Fusion-And-Autonomous-Racing-Cars/ros_ws/install/image_transport/share/image_transport/package.zsh'
[364.187s] Level 1:colcon.colcon_core.environment:create_file_with_runtime_dependencies(/home/adam/Sensor-Fusion-And-Autonomous-Racing-Cars/ros_ws/install/image_transport/share/colcon-core/packages/image_transport)
[365.308s] Level 1:colcon.colcon_core.environment:create_environment_scripts_only(image_transport)
[365.719s] Level 1:colcon.colcon_core.environment:checking '/home/adam/Sensor-Fusion-And-Autonomous-Racing-Cars/ros_ws/install/image_transport' for CMake module files
[365.723s] Level 1:colcon.colcon_core.environment:checking '/home/adam/Sensor-Fusion-And-Autonomous-Racing-Cars/ros_ws/install/image_transport' for CMake config files
[365.725s] Level 1:colcon.colcon_core.shell:create_environment_hook('image_transport', 'cmake_prefix_path')
[366.072s] INFO:colcon.colcon_core.shell:Creating environment hook '/home/adam/Sensor-Fusion-And-Autonomous-Racing-Cars/ros_ws/install/image_transport/share/image_transport/hook/cmake_prefix_path.ps1'
[366.075s] INFO:colcon.colcon_core.shell:Creating environment descriptor '/home/adam/Sensor-Fusion-And-Autonomous-Racing-Cars/ros_ws/install/image_transport/share/image_transport/hook/cmake_prefix_path.dsv'
[366.077s] INFO:colcon.colcon_core.shell:Creating environment hook '/home/adam/Sensor-Fusion-And-Autonomous-Racing-Cars/ros_ws/install/image_transport/share/image_transport/hook/cmake_prefix_path.sh'
[366.081s] Level 1:colcon.colcon_core.environment:checking '/home/adam/Sensor-Fusion-And-Autonomous-Racing-Cars/ros_ws/install/image_transport/lib'
[366.081s] Level 1:colcon.colcon_core.shell:create_environment_hook('image_transport', 'ld_library_path_lib')
[366.406s] INFO:colcon.colcon_core.shell:Creating environment hook '/home/adam/Sensor-Fusion-And-Autonomous-Racing-Cars/ros_ws/install/image_transport/share/image_transport/hook/ld_library_path_lib.ps1'
[366.410s] INFO:colcon.colcon_core.shell:Creating environment descriptor '/home/adam/Sensor-Fusion-And-Autonomous-Racing-Cars/ros_ws/install/image_transport/share/image_transport/hook/ld_library_path_lib.dsv'
[366.412s] INFO:colcon.colcon_core.shell:Creating environment hook '/home/adam/Sensor-Fusion-And-Autonomous-Racing-Cars/ros_ws/install/image_transport/share/image_transport/hook/ld_library_path_lib.sh'
[366.415s] Level 1:colcon.colcon_core.environment:checking '/home/adam/Sensor-Fusion-And-Autonomous-Racing-Cars/ros_ws/install/image_transport/bin'
[366.416s] Level 1:colcon.colcon_core.environment:checking '/home/adam/Sensor-Fusion-And-Autonomous-Racing-Cars/ros_ws/install/image_transport/lib/pkgconfig/image_transport.pc'
[366.417s] Level 1:colcon.colcon_core.environment:checking '/home/adam/Sensor-Fusion-And-Autonomous-Racing-Cars/ros_ws/install/image_transport/lib/python3.8/site-packages'
[366.419s] Level 1:colcon.colcon_core.environment:checking '/home/adam/Sensor-Fusion-And-Autonomous-Racing-Cars/ros_ws/install/image_transport/bin'
[366.736s] INFO:colcon.colcon_core.shell:Creating package script '/home/adam/Sensor-Fusion-And-Autonomous-Racing-Cars/ros_ws/install/image_transport/share/image_transport/package.ps1'
[366.740s] INFO:colcon.colcon_core.shell:Creating package descriptor '/home/adam/Sensor-Fusion-And-Autonomous-Racing-Cars/ros_ws/install/image_transport/share/image_transport/package.dsv'
[366.745s] INFO:colcon.colcon_core.shell:Creating package script '/home/adam/Sensor-Fusion-And-Autonomous-Racing-Cars/ros_ws/install/image_transport/share/image_transport/package.sh'
[366.750s] INFO:colcon.colcon_core.shell:Creating package script '/home/adam/Sensor-Fusion-And-Autonomous-Racing-Cars/ros_ws/install/image_transport/share/image_transport/package.bash'
[366.754s] INFO:colcon.colcon_core.shell:Creating package script '/home/adam/Sensor-Fusion-And-Autonomous-Racing-Cars/ros_ws/install/image_transport/share/image_transport/package.zsh'
[366.758s] Level 1:colcon.colcon_core.environment:create_file_with_runtime_dependencies(/home/adam/Sensor-Fusion-And-Autonomous-Racing-Cars/ros_ws/install/image_transport/share/colcon-core/packages/image_transport)
[366.762s] INFO:colcon.colcon_ros.task.ament_cmake.build:Building ROS package in '/home/adam/Sensor-Fusion-And-Autonomous-Racing-Cars/ros_ws/src/image_transport_plugins/compressed_depth_image_transport' with build type 'ament_cmake'
[366.764s] INFO:colcon.colcon_cmake.task.cmake.build:Building CMake package in '/home/adam/Sensor-Fusion-And-Autonomous-Racing-Cars/ros_ws/src/image_transport_plugins/compressed_depth_image_transport'
[367.244s] INFO:colcon.colcon_core.shell:Skip shell extension 'powershell' for command environment: Not usable outside of PowerShell
[367.244s] DEBUG:colcon.colcon_core.shell:Skip shell extension 'dsv' for command environment
[368.308s] INFO:colcon.colcon_ros.task.ament_cmake.build:Building ROS package in '/home/adam/Sensor-Fusion-And-Autonomous-Racing-Cars/ros_ws/src/image_transport_plugins/compressed_image_transport' with build type 'ament_cmake'
[368.309s] INFO:colcon.colcon_cmake.task.cmake.build:Building CMake package in '/home/adam/Sensor-Fusion-And-Autonomous-Racing-Cars/ros_ws/src/image_transport_plugins/compressed_image_transport'
[368.659s] INFO:colcon.colcon_core.shell:Skip shell extension 'powershell' for command environment: Not usable outside of PowerShell
[368.660s] DEBUG:colcon.colcon_core.shell:Skip shell extension 'dsv' for command environment
[369.834s] DEBUG:colcon.colcon_core.event_handler.log_command:Invoking command in '/home/adam/Sensor-Fusion-And-Autonomous-Racing-Cars/ros_ws/build/compressed_depth_image_transport': AMENT_PREFIX_PATH=/home/adam/Sensor-Fusion-And-Autonomous-Racing-Cars/ros_ws/install/image_transport:${AMENT_PREFIX_PATH} CMAKE_PREFIX_PATH=/home/adam/Sensor-Fusion-And-Autonomous-Racing-Cars/ros_ws/install/image_transport:/home/adam/Sensor-Fusion-And-Autonomous-Racing-Cars/ros_ws/install/vesc:/home/adam/Sensor-Fusion-And-Autonomous-Racing-Cars/ros_ws/install/vesc_driver:/home/adam/Sensor-Fusion-And-Autonomous-Racing-Cars/ros_ws/install/vesc_ackermann:/home/adam/Sensor-Fusion-And-Autonomous-Racing-Cars/ros_ws/install/vesc_msgs:/home/adam/Sensor-Fusion-And-Autonomous-Racing-Cars/ros_ws/install/v4l2_camera:/home/adam/Sensor-Fusion-And-Autonomous-Racing-Cars/ros_ws/install/udp_driver:/home/adam/Sensor-Fusion-And-Autonomous-Racing-Cars/ros_ws/install/image_transport_plugins:/home/adam/Sensor-Fusion-And-Autonomous-Racing-Cars/ros_ws/install/theora_image_transport:/home/adam/Sensor-Fusion-And-Autonomous-Racing-Cars/ros_ws/install/serial_driver:/home/adam/Sensor-Fusion-And-Autonomous-Racing-Cars/ros_ws/install/ldlidar_ros2:/home/adam/Sensor-Fusion-And-Autonomous-Racing-Cars/ros_ws/install/io_context:/home/adam/Sensor-Fusion-And-Autonomous-Racing-Cars/ros_ws/install/compressed_image_transport:/home/adam/Sensor-Fusion-And-Autonomous-Racing-Cars/ros_ws/install/compressed_depth_image_transport:/home/adam/Sensor-Fusion-And-Autonomous-Racing-Cars/ros_ws/install/asio_cmake_module:/home/adam/Sensor-Fusion-And-Autonomous-Racing-Cars/ros_ws/install/steering_test_pkg:/home/adam/Sensor-Fusion-And-Autonomous-Racing-Cars/ros_ws/install/servo_controller:/home/adam/Sensor-Fusion-And-Autonomous-Racing-Cars/ros_ws/install/motor_controller:/home/adam/Sensor-Fusion-And-Autonomous-Racing-Cars/ros_ws/install/camera_sensor:/home/adam/Sensor-Fusion-And-Autonomous-Racing-Cars/ros_ws/install/arc_startup:/home/adam/Sensor-Fusion-And-Autonomous-Racing-Cars/ros_ws/install/arc_keyboard_control:/home/adam/Sensor-Fusion-And-Autonomous-Racing-Cars/ros_ws/install/arc_autonomous_ctrl:/opt/ros/foxy LD_LIBRARY_PATH=/home/adam/Sensor-Fusion-And-Autonomous-Racing-Cars/ros_ws/install/image_transport/lib:${LD_LIBRARY_PATH} /usr/bin/cmake /home/adam/Sensor-Fusion-And-Autonomous-Racing-Cars/ros_ws/src/image_transport_plugins/compressed_depth_image_transport -DCMAKE_INSTALL_PREFIX=/home/adam/Sensor-Fusion-And-Autonomous-Racing-Cars/ros_ws/install/compressed_depth_image_transport
[369.868s] DEBUG:colcon.colcon_core.event_handler.log_command:Invoking command in '/home/adam/Sensor-Fusion-And-Autonomous-Racing-Cars/ros_ws/build/compressed_image_transport': AMENT_PREFIX_PATH=/home/adam/Sensor-Fusion-And-Autonomous-Racing-Cars/ros_ws/install/image_transport:${AMENT_PREFIX_PATH} CMAKE_PREFIX_PATH=/home/adam/Sensor-Fusion-And-Autonomous-Racing-Cars/ros_ws/install/image_transport:/home/adam/Sensor-Fusion-And-Autonomous-Racing-Cars/ros_ws/install/vesc:/home/adam/Sensor-Fusion-And-Autonomous-Racing-Cars/ros_ws/install/vesc_driver:/home/adam/Sensor-Fusion-And-Autonomous-Racing-Cars/ros_ws/install/vesc_ackermann:/home/adam/Sensor-Fusion-And-Autonomous-Racing-Cars/ros_ws/install/vesc_msgs:/home/adam/Sensor-Fusion-And-Autonomous-Racing-Cars/ros_ws/install/v4l2_camera:/home/adam/Sensor-Fusion-And-Autonomous-Racing-Cars/ros_ws/install/udp_driver:/home/adam/Sensor-Fusion-And-Autonomous-Racing-Cars/ros_ws/install/image_transport_plugins:/home/adam/Sensor-Fusion-And-Autonomous-Racing-Cars/ros_ws/install/theora_image_transport:/home/adam/Sensor-Fusion-And-Autonomous-Racing-Cars/ros_ws/install/serial_driver:/home/adam/Sensor-Fusion-And-Autonomous-Racing-Cars/ros_ws/install/ldlidar_ros2:/home/adam/Sensor-Fusion-And-Autonomous-Racing-Cars/ros_ws/install/io_context:/home/adam/Sensor-Fusion-And-Autonomous-Racing-Cars/ros_ws/install/compressed_image_transport:/home/adam/Sensor-Fusion-And-Autonomous-Racing-Cars/ros_ws/install/compressed_depth_image_transport:/home/adam/Sensor-Fusion-And-Autonomous-Racing-Cars/ros_ws/install/asio_cmake_module:/home/adam/Sensor-Fusion-And-Autonomous-Racing-Cars/ros_ws/install/steering_test_pkg:/home/adam/Sensor-Fusion-And-Autonomous-Racing-Cars/ros_ws/install/servo_controller:/home/adam/Sensor-Fusion-And-Autonomous-Racing-Cars/ros_ws/install/motor_controller:/home/adam/Sensor-Fusion-And-Autonomous-Racing-Cars/ros_ws/install/camera_sensor:/home/adam/Sensor-Fusion-And-Autonomous-Racing-Cars/ros_ws/install/arc_startup:/home/adam/Sensor-Fusion-And-Autonomous-Racing-Cars/ros_ws/install/arc_keyboard_control:/home/adam/Sensor-Fusion-And-Autonomous-Racing-Cars/ros_ws/install/arc_autonomous_ctrl:/opt/ros/foxy LD_LIBRARY_PATH=/home/adam/Sensor-Fusion-And-Autonomous-Racing-Cars/ros_ws/install/image_transport/lib:${LD_LIBRARY_PATH} /usr/bin/cmake /home/adam/Sensor-Fusion-And-Autonomous-Racing-Cars/ros_ws/src/image_transport_plugins/compressed_image_transport -DCMAKE_INSTALL_PREFIX=/home/adam/Sensor-Fusion-And-Autonomous-Racing-Cars/ros_ws/install/compressed_image_transport
[384.245s] DEBUG:colcon.colcon_core.event_handler.log_command:Invoked command in '/home/adam/Sensor-Fusion-And-Autonomous-Racing-Cars/ros_ws/build/compressed_depth_image_transport' returned '0': AMENT_PREFIX_PATH=/home/adam/Sensor-Fusion-And-Autonomous-Racing-Cars/ros_ws/install/image_transport:${AMENT_PREFIX_PATH} CMAKE_PREFIX_PATH=/home/adam/Sensor-Fusion-And-Autonomous-Racing-Cars/ros_ws/install/image_transport:/home/adam/Sensor-Fusion-And-Autonomous-Racing-Cars/ros_ws/install/vesc:/home/adam/Sensor-Fusion-And-Autonomous-Racing-Cars/ros_ws/install/vesc_driver:/home/adam/Sensor-Fusion-And-Autonomous-Racing-Cars/ros_ws/install/vesc_ackermann:/home/adam/Sensor-Fusion-And-Autonomous-Racing-Cars/ros_ws/install/vesc_msgs:/home/adam/Sensor-Fusion-And-Autonomous-Racing-Cars/ros_ws/install/v4l2_camera:/home/adam/Sensor-Fusion-And-Autonomous-Racing-Cars/ros_ws/install/udp_driver:/home/adam/Sensor-Fusion-And-Autonomous-Racing-Cars/ros_ws/install/image_transport_plugins:/home/adam/Sensor-Fusion-And-Autonomous-Racing-Cars/ros_ws/install/theora_image_transport:/home/adam/Sensor-Fusion-And-Autonomous-Racing-Cars/ros_ws/install/serial_driver:/home/adam/Sensor-Fusion-And-Autonomous-Racing-Cars/ros_ws/install/ldlidar_ros2:/home/adam/Sensor-Fusion-And-Autonomous-Racing-Cars/ros_ws/install/io_context:/home/adam/Sensor-Fusion-And-Autonomous-Racing-Cars/ros_ws/install/compressed_image_transport:/home/adam/Sensor-Fusion-And-Autonomous-Racing-Cars/ros_ws/install/compressed_depth_image_transport:/home/adam/Sensor-Fusion-And-Autonomous-Racing-Cars/ros_ws/install/asio_cmake_module:/home/adam/Sensor-Fusion-And-Autonomous-Racing-Cars/ros_ws/install/steering_test_pkg:/home/adam/Sensor-Fusion-And-Autonomous-Racing-Cars/ros_ws/install/servo_controller:/home/adam/Sensor-Fusion-And-Autonomous-Racing-Cars/ros_ws/install/motor_controller:/home/adam/Sensor-Fusion-And-Autonomous-Racing-Cars/ros_ws/install/camera_sensor:/home/adam/Sensor-Fusion-And-Autonomous-Racing-Cars/ros_ws/install/arc_startup:/home/adam/Sensor-Fusion-And-Autonomous-Racing-Cars/ros_ws/install/arc_keyboard_control:/home/adam/Sensor-Fusion-And-Autonomous-Racing-Cars/ros_ws/install/arc_autonomous_ctrl:/opt/ros/foxy LD_LIBRARY_PATH=/home/adam/Sensor-Fusion-And-Autonomous-Racing-Cars/ros_ws/install/image_transport/lib:${LD_LIBRARY_PATH} /usr/bin/cmake /home/adam/Sensor-Fusion-And-Autonomous-Racing-Cars/ros_ws/src/image_transport_plugins/compressed_depth_image_transport -DCMAKE_INSTALL_PREFIX=/home/adam/Sensor-Fusion-And-Autonomous-Racing-Cars/ros_ws/install/compressed_depth_image_transport
[384.263s] DEBUG:colcon.colcon_core.event_handler.log_command:Invoking command in '/home/adam/Sensor-Fusion-And-Autonomous-Racing-Cars/ros_ws/build/compressed_depth_image_transport': AMENT_PREFIX_PATH=/home/adam/Sensor-Fusion-And-Autonomous-Racing-Cars/ros_ws/install/image_transport:${AMENT_PREFIX_PATH} CMAKE_PREFIX_PATH=/home/adam/Sensor-Fusion-And-Autonomous-Racing-Cars/ros_ws/install/image_transport:/home/adam/Sensor-Fusion-And-Autonomous-Racing-Cars/ros_ws/install/vesc:/home/adam/Sensor-Fusion-And-Autonomous-Racing-Cars/ros_ws/install/vesc_driver:/home/adam/Sensor-Fusion-And-Autonomous-Racing-Cars/ros_ws/install/vesc_ackermann:/home/adam/Sensor-Fusion-And-Autonomous-Racing-Cars/ros_ws/install/vesc_msgs:/home/adam/Sensor-Fusion-And-Autonomous-Racing-Cars/ros_ws/install/v4l2_camera:/home/adam/Sensor-Fusion-And-Autonomous-Racing-Cars/ros_ws/install/udp_driver:/home/adam/Sensor-Fusion-And-Autonomous-Racing-Cars/ros_ws/install/image_transport_plugins:/home/adam/Sensor-Fusion-And-Autonomous-Racing-Cars/ros_ws/install/theora_image_transport:/home/adam/Sensor-Fusion-And-Autonomous-Racing-Cars/ros_ws/install/serial_driver:/home/adam/Sensor-Fusion-And-Autonomous-Racing-Cars/ros_ws/install/ldlidar_ros2:/home/adam/Sensor-Fusion-And-Autonomous-Racing-Cars/ros_ws/install/io_context:/home/adam/Sensor-Fusion-And-Autonomous-Racing-Cars/ros_ws/install/compressed_image_transport:/home/adam/Sensor-Fusion-And-Autonomous-Racing-Cars/ros_ws/install/compressed_depth_image_transport:/home/adam/Sensor-Fusion-And-Autonomous-Racing-Cars/ros_ws/install/asio_cmake_module:/home/adam/Sensor-Fusion-And-Autonomous-Racing-Cars/ros_ws/install/steering_test_pkg:/home/adam/Sensor-Fusion-And-Autonomous-Racing-Cars/ros_ws/install/servo_controller:/home/adam/Sensor-Fusion-And-Autonomous-Racing-Cars/ros_ws/install/motor_controller:/home/adam/Sensor-Fusion-And-Autonomous-Racing-Cars/ros_ws/install/camera_sensor:/home/adam/Sensor-Fusion-And-Autonomous-Racing-Cars/ros_ws/install/arc_startup:/home/adam/Sensor-Fusion-And-Autonomous-Racing-Cars/ros_ws/install/arc_keyboard_control:/home/adam/Sensor-Fusion-And-Autonomous-Racing-Cars/ros_ws/install/arc_autonomous_ctrl:/opt/ros/foxy LD_LIBRARY_PATH=/home/adam/Sensor-Fusion-And-Autonomous-Racing-Cars/ros_ws/install/image_transport/lib:${LD_LIBRARY_PATH} /usr/bin/cmake --build /home/adam/Sensor-Fusion-And-Autonomous-Racing-Cars/ros_ws/build/compressed_depth_image_transport -- -j4 -l4
[384.309s] DEBUG:colcon.colcon_core.event_handler.log_command:Invoked command in '/home/adam/Sensor-Fusion-And-Autonomous-Racing-Cars/ros_ws/build/compressed_image_transport' returned '0': AMENT_PREFIX_PATH=/home/adam/Sensor-Fusion-And-Autonomous-Racing-Cars/ros_ws/install/image_transport:${AMENT_PREFIX_PATH} CMAKE_PREFIX_PATH=/home/adam/Sensor-Fusion-And-Autonomous-Racing-Cars/ros_ws/install/image_transport:/home/adam/Sensor-Fusion-And-Autonomous-Racing-Cars/ros_ws/install/vesc:/home/adam/Sensor-Fusion-And-Autonomous-Racing-Cars/ros_ws/install/vesc_driver:/home/adam/Sensor-Fusion-And-Autonomous-Racing-Cars/ros_ws/install/vesc_ackermann:/home/adam/Sensor-Fusion-And-Autonomous-Racing-Cars/ros_ws/install/vesc_msgs:/home/adam/Sensor-Fusion-And-Autonomous-Racing-Cars/ros_ws/install/v4l2_camera:/home/adam/Sensor-Fusion-And-Autonomous-Racing-Cars/ros_ws/install/udp_driver:/home/adam/Sensor-Fusion-And-Autonomous-Racing-Cars/ros_ws/install/image_transport_plugins:/home/adam/Sensor-Fusion-And-Autonomous-Racing-Cars/ros_ws/install/theora_image_transport:/home/adam/Sensor-Fusion-And-Autonomous-Racing-Cars/ros_ws/install/serial_driver:/home/adam/Sensor-Fusion-And-Autonomous-Racing-Cars/ros_ws/install/ldlidar_ros2:/home/adam/Sensor-Fusion-And-Autonomous-Racing-Cars/ros_ws/install/io_context:/home/adam/Sensor-Fusion-And-Autonomous-Racing-Cars/ros_ws/install/compressed_image_transport:/home/adam/Sensor-Fusion-And-Autonomous-Racing-Cars/ros_ws/install/compressed_depth_image_transport:/home/adam/Sensor-Fusion-And-Autonomous-Racing-Cars/ros_ws/install/asio_cmake_module:/home/adam/Sensor-Fusion-And-Autonomous-Racing-Cars/ros_ws/install/steering_test_pkg:/home/adam/Sensor-Fusion-And-Autonomous-Racing-Cars/ros_ws/install/servo_controller:/home/adam/Sensor-Fusion-And-Autonomous-Racing-Cars/ros_ws/install/motor_controller:/home/adam/Sensor-Fusion-And-Autonomous-Racing-Cars/ros_ws/install/camera_sensor:/home/adam/Sensor-Fusion-And-Autonomous-Racing-Cars/ros_ws/install/arc_startup:/home/adam/Sensor-Fusion-And-Autonomous-Racing-Cars/ros_ws/install/arc_keyboard_control:/home/adam/Sensor-Fusion-And-Autonomous-Racing-Cars/ros_ws/install/arc_autonomous_ctrl:/opt/ros/foxy LD_LIBRARY_PATH=/home/adam/Sensor-Fusion-And-Autonomous-Racing-Cars/ros_ws/install/image_transport/lib:${LD_LIBRARY_PATH} /usr/bin/cmake /home/adam/Sensor-Fusion-And-Autonomous-Racing-Cars/ros_ws/src/image_transport_plugins/compressed_image_transport -DCMAKE_INSTALL_PREFIX=/home/adam/Sensor-Fusion-And-Autonomous-Racing-Cars/ros_ws/install/compressed_image_transport
[384.313s] DEBUG:colcon.colcon_core.event_handler.log_command:Invoking command in '/home/adam/Sensor-Fusion-And-Autonomous-Racing-Cars/ros_ws/build/compressed_image_transport': AMENT_PREFIX_PATH=/home/adam/Sensor-Fusion-And-Autonomous-Racing-Cars/ros_ws/install/image_transport:${AMENT_PREFIX_PATH} CMAKE_PREFIX_PATH=/home/adam/Sensor-Fusion-And-Autonomous-Racing-Cars/ros_ws/install/image_transport:/home/adam/Sensor-Fusion-And-Autonomous-Racing-Cars/ros_ws/install/vesc:/home/adam/Sensor-Fusion-And-Autonomous-Racing-Cars/ros_ws/install/vesc_driver:/home/adam/Sensor-Fusion-And-Autonomous-Racing-Cars/ros_ws/install/vesc_ackermann:/home/adam/Sensor-Fusion-And-Autonomous-Racing-Cars/ros_ws/install/vesc_msgs:/home/adam/Sensor-Fusion-And-Autonomous-Racing-Cars/ros_ws/install/v4l2_camera:/home/adam/Sensor-Fusion-And-Autonomous-Racing-Cars/ros_ws/install/udp_driver:/home/adam/Sensor-Fusion-And-Autonomous-Racing-Cars/ros_ws/install/image_transport_plugins:/home/adam/Sensor-Fusion-And-Autonomous-Racing-Cars/ros_ws/install/theora_image_transport:/home/adam/Sensor-Fusion-And-Autonomous-Racing-Cars/ros_ws/install/serial_driver:/home/adam/Sensor-Fusion-And-Autonomous-Racing-Cars/ros_ws/install/ldlidar_ros2:/home/adam/Sensor-Fusion-And-Autonomous-Racing-Cars/ros_ws/install/io_context:/home/adam/Sensor-Fusion-And-Autonomous-Racing-Cars/ros_ws/install/compressed_image_transport:/home/adam/Sensor-Fusion-And-Autonomous-Racing-Cars/ros_ws/install/compressed_depth_image_transport:/home/adam/Sensor-Fusion-And-Autonomous-Racing-Cars/ros_ws/install/asio_cmake_module:/home/adam/Sensor-Fusion-And-Autonomous-Racing-Cars/ros_ws/install/steering_test_pkg:/home/adam/Sensor-Fusion-And-Autonomous-Racing-Cars/ros_ws/install/servo_controller:/home/adam/Sensor-Fusion-And-Autonomous-Racing-Cars/ros_ws/install/motor_controller:/home/adam/Sensor-Fusion-And-Autonomous-Racing-Cars/ros_ws/install/camera_sensor:/home/adam/Sensor-Fusion-And-Autonomous-Racing-Cars/ros_ws/install/arc_startup:/home/adam/Sensor-Fusion-And-Autonomous-Racing-Cars/ros_ws/install/arc_keyboard_control:/home/adam/Sensor-Fusion-And-Autonomous-Racing-Cars/ros_ws/install/arc_autonomous_ctrl:/opt/ros/foxy LD_LIBRARY_PATH=/home/adam/Sensor-Fusion-And-Autonomous-Racing-Cars/ros_ws/install/image_transport/lib:${LD_LIBRARY_PATH} /usr/bin/cmake --build /home/adam/Sensor-Fusion-And-Autonomous-Racing-Cars/ros_ws/build/compressed_image_transport -- -j4 -l4
[389.172s] DEBUG:colcon.colcon_core.event_handler.log_command:Invoked command in '/home/adam/Sensor-Fusion-And-Autonomous-Racing-Cars/ros_ws/build/vesc_driver' returned '0': CMAKE_PREFIX_PATH=/home/adam/Sensor-Fusion-And-Autonomous-Racing-Cars/ros_ws/install/serial_driver:/home/adam/Sensor-Fusion-And-Autonomous-Racing-Cars/ros_ws/install/io_context:/home/adam/Sensor-Fusion-And-Autonomous-Racing-Cars/ros_ws/install/vesc_msgs:/home/adam/Sensor-Fusion-And-Autonomous-Racing-Cars/ros_ws/install/vesc:/home/adam/Sensor-Fusion-And-Autonomous-Racing-Cars/ros_ws/install/vesc_driver:/home/adam/Sensor-Fusion-And-Autonomous-Racing-Cars/ros_ws/install/vesc_ackermann:/home/adam/Sensor-Fusion-And-Autonomous-Racing-Cars/ros_ws/install/v4l2_camera:/home/adam/Sensor-Fusion-And-Autonomous-Racing-Cars/ros_ws/install/udp_driver:/home/adam/Sensor-Fusion-And-Autonomous-Racing-Cars/ros_ws/install/image_transport_plugins:/home/adam/Sensor-Fusion-And-Autonomous-Racing-Cars/ros_ws/install/theora_image_transport:/home/adam/Sensor-Fusion-And-Autonomous-Racing-Cars/ros_ws/install/ldlidar_ros2:/home/adam/Sensor-Fusion-And-Autonomous-Racing-Cars/ros_ws/install/compressed_image_transport:/home/adam/Sensor-Fusion-And-Autonomous-Racing-Cars/ros_ws/install/compressed_depth_image_transport:/home/adam/Sensor-Fusion-And-Autonomous-Racing-Cars/ros_ws/install/asio_cmake_module:/home/adam/Sensor-Fusion-And-Autonomous-Racing-Cars/ros_ws/install/steering_test_pkg:/home/adam/Sensor-Fusion-And-Autonomous-Racing-Cars/ros_ws/install/servo_controller:/home/adam/Sensor-Fusion-And-Autonomous-Racing-Cars/ros_ws/install/motor_controller:/home/adam/Sensor-Fusion-And-Autonomous-Racing-Cars/ros_ws/install/camera_sensor:/home/adam/Sensor-Fusion-And-Autonomous-Racing-Cars/ros_ws/install/arc_startup:/home/adam/Sensor-Fusion-And-Autonomous-Racing-Cars/ros_ws/install/arc_keyboard_control:/home/adam/Sensor-Fusion-And-Autonomous-Racing-Cars/ros_ws/install/arc_autonomous_ctrl:/opt/ros/foxy LD_LIBRARY_PATH=/home/adam/Sensor-Fusion-And-Autonomous-Racing-Cars/ros_ws/install/serial_driver/lib:/home/adam/Sensor-Fusion-And-Autonomous-Racing-Cars/ros_ws/install/io_context/lib:/home/adam/Sensor-Fusion-And-Autonomous-Racing-Cars/ros_ws/install/vesc_msgs/lib:/home/adam/Sensor-Fusion-And-Autonomous-Racing-Cars/ros_ws/install/vesc_driver/lib:/home/adam/Sensor-Fusion-And-Autonomous-Racing-Cars/ros_ws/install/vesc_ackermann/lib:/home/adam/Sensor-Fusion-And-Autonomous-Racing-Cars/ros_ws/install/v4l2_camera/lib:/home/adam/Sensor-Fusion-And-Autonomous-Racing-Cars/ros_ws/install/udp_driver/lib:/home/adam/Sensor-Fusion-And-Autonomous-Racing-Cars/ros_ws/install/theora_image_transport/lib:/home/adam/Sensor-Fusion-And-Autonomous-Racing-Cars/ros_ws/install/compressed_image_transport/lib:/home/adam/Sensor-Fusion-And-Autonomous-Racing-Cars/ros_ws/install/compressed_depth_image_transport/lib:/opt/ros/foxy/opt/yaml_cpp_vendor/lib:/opt/ros/foxy/opt/rviz_ogre_vendor/lib:/opt/ros/foxy/lib/aarch64-linux-gnu:/opt/ros/foxy/lib /usr/bin/cmake --build /home/adam/Sensor-Fusion-And-Autonomous-Racing-Cars/ros_ws/build/vesc_driver -- -j4 -l4
[390.432s] DEBUG:colcon.colcon_core.event_handler.log_command:Invoking command in '/home/adam/Sensor-Fusion-And-Autonomous-Racing-Cars/ros_ws/build/vesc_driver': CMAKE_PREFIX_PATH=/home/adam/Sensor-Fusion-And-Autonomous-Racing-Cars/ros_ws/install/serial_driver:/home/adam/Sensor-Fusion-And-Autonomous-Racing-Cars/ros_ws/install/io_context:/home/adam/Sensor-Fusion-And-Autonomous-Racing-Cars/ros_ws/install/vesc_msgs:/home/adam/Sensor-Fusion-And-Autonomous-Racing-Cars/ros_ws/install/vesc:/home/adam/Sensor-Fusion-And-Autonomous-Racing-Cars/ros_ws/install/vesc_driver:/home/adam/Sensor-Fusion-And-Autonomous-Racing-Cars/ros_ws/install/vesc_ackermann:/home/adam/Sensor-Fusion-And-Autonomous-Racing-Cars/ros_ws/install/v4l2_camera:/home/adam/Sensor-Fusion-And-Autonomous-Racing-Cars/ros_ws/install/udp_driver:/home/adam/Sensor-Fusion-And-Autonomous-Racing-Cars/ros_ws/install/image_transport_plugins:/home/adam/Sensor-Fusion-And-Autonomous-Racing-Cars/ros_ws/install/theora_image_transport:/home/adam/Sensor-Fusion-And-Autonomous-Racing-Cars/ros_ws/install/ldlidar_ros2:/home/adam/Sensor-Fusion-And-Autonomous-Racing-Cars/ros_ws/install/compressed_image_transport:/home/adam/Sensor-Fusion-And-Autonomous-Racing-Cars/ros_ws/install/compressed_depth_image_transport:/home/adam/Sensor-Fusion-And-Autonomous-Racing-Cars/ros_ws/install/asio_cmake_module:/home/adam/Sensor-Fusion-And-Autonomous-Racing-Cars/ros_ws/install/steering_test_pkg:/home/adam/Sensor-Fusion-And-Autonomous-Racing-Cars/ros_ws/install/servo_controller:/home/adam/Sensor-Fusion-And-Autonomous-Racing-Cars/ros_ws/install/motor_controller:/home/adam/Sensor-Fusion-And-Autonomous-Racing-Cars/ros_ws/install/camera_sensor:/home/adam/Sensor-Fusion-And-Autonomous-Racing-Cars/ros_ws/install/arc_startup:/home/adam/Sensor-Fusion-And-Autonomous-Racing-Cars/ros_ws/install/arc_keyboard_control:/home/adam/Sensor-Fusion-And-Autonomous-Racing-Cars/ros_ws/install/arc_autonomous_ctrl:/opt/ros/foxy LD_LIBRARY_PATH=/home/adam/Sensor-Fusion-And-Autonomous-Racing-Cars/ros_ws/install/serial_driver/lib:/home/adam/Sensor-Fusion-And-Autonomous-Racing-Cars/ros_ws/install/io_context/lib:/home/adam/Sensor-Fusion-And-Autonomous-Racing-Cars/ros_ws/install/vesc_msgs/lib:/home/adam/Sensor-Fusion-And-Autonomous-Racing-Cars/ros_ws/install/vesc_driver/lib:/home/adam/Sensor-Fusion-And-Autonomous-Racing-Cars/ros_ws/install/vesc_ackermann/lib:/home/adam/Sensor-Fusion-And-Autonomous-Racing-Cars/ros_ws/install/v4l2_camera/lib:/home/adam/Sensor-Fusion-And-Autonomous-Racing-Cars/ros_ws/install/udp_driver/lib:/home/adam/Sensor-Fusion-And-Autonomous-Racing-Cars/ros_ws/install/theora_image_transport/lib:/home/adam/Sensor-Fusion-And-Autonomous-Racing-Cars/ros_ws/install/compressed_image_transport/lib:/home/adam/Sensor-Fusion-And-Autonomous-Racing-Cars/ros_ws/install/compressed_depth_image_transport/lib:/opt/ros/foxy/opt/yaml_cpp_vendor/lib:/opt/ros/foxy/opt/rviz_ogre_vendor/lib:/opt/ros/foxy/lib/aarch64-linux-gnu:/opt/ros/foxy/lib /usr/bin/cmake --install /home/adam/Sensor-Fusion-And-Autonomous-Racing-Cars/ros_ws/build/vesc_driver
[390.686s] Level 1:colcon.colcon_core.environment:create_environment_scripts_only(vesc_driver)
[390.689s] DEBUG:colcon.colcon_core.event_handler.log_command:Invoked command in '/home/adam/Sensor-Fusion-And-Autonomous-Racing-Cars/ros_ws/build/vesc_driver' returned '0': CMAKE_PREFIX_PATH=/home/adam/Sensor-Fusion-And-Autonomous-Racing-Cars/ros_ws/install/serial_driver:/home/adam/Sensor-Fusion-And-Autonomous-Racing-Cars/ros_ws/install/io_context:/home/adam/Sensor-Fusion-And-Autonomous-Racing-Cars/ros_ws/install/vesc_msgs:/home/adam/Sensor-Fusion-And-Autonomous-Racing-Cars/ros_ws/install/vesc:/home/adam/Sensor-Fusion-And-Autonomous-Racing-Cars/ros_ws/install/vesc_driver:/home/adam/Sensor-Fusion-And-Autonomous-Racing-Cars/ros_ws/install/vesc_ackermann:/home/adam/Sensor-Fusion-And-Autonomous-Racing-Cars/ros_ws/install/v4l2_camera:/home/adam/Sensor-Fusion-And-Autonomous-Racing-Cars/ros_ws/install/udp_driver:/home/adam/Sensor-Fusion-And-Autonomous-Racing-Cars/ros_ws/install/image_transport_plugins:/home/adam/Sensor-Fusion-And-Autonomous-Racing-Cars/ros_ws/install/theora_image_transport:/home/adam/Sensor-Fusion-And-Autonomous-Racing-Cars/ros_ws/install/ldlidar_ros2:/home/adam/Sensor-Fusion-And-Autonomous-Racing-Cars/ros_ws/install/compressed_image_transport:/home/adam/Sensor-Fusion-And-Autonomous-Racing-Cars/ros_ws/install/compressed_depth_image_transport:/home/adam/Sensor-Fusion-And-Autonomous-Racing-Cars/ros_ws/install/asio_cmake_module:/home/adam/Sensor-Fusion-And-Autonomous-Racing-Cars/ros_ws/install/steering_test_pkg:/home/adam/Sensor-Fusion-And-Autonomous-Racing-Cars/ros_ws/install/servo_controller:/home/adam/Sensor-Fusion-And-Autonomous-Racing-Cars/ros_ws/install/motor_controller:/home/adam/Sensor-Fusion-And-Autonomous-Racing-Cars/ros_ws/install/camera_sensor:/home/adam/Sensor-Fusion-And-Autonomous-Racing-Cars/ros_ws/install/arc_startup:/home/adam/Sensor-Fusion-And-Autonomous-Racing-Cars/ros_ws/install/arc_keyboard_control:/home/adam/Sensor-Fusion-And-Autonomous-Racing-Cars/ros_ws/install/arc_autonomous_ctrl:/opt/ros/foxy LD_LIBRARY_PATH=/home/adam/Sensor-Fusion-And-Autonomous-Racing-Cars/ros_ws/install/serial_driver/lib:/home/adam/Sensor-Fusion-And-Autonomous-Racing-Cars/ros_ws/install/io_context/lib:/home/adam/Sensor-Fusion-And-Autonomous-Racing-Cars/ros_ws/install/vesc_msgs/lib:/home/adam/Sensor-Fusion-And-Autonomous-Racing-Cars/ros_ws/install/vesc_driver/lib:/home/adam/Sensor-Fusion-And-Autonomous-Racing-Cars/ros_ws/install/vesc_ackermann/lib:/home/adam/Sensor-Fusion-And-Autonomous-Racing-Cars/ros_ws/install/v4l2_camera/lib:/home/adam/Sensor-Fusion-And-Autonomous-Racing-Cars/ros_ws/install/udp_driver/lib:/home/adam/Sensor-Fusion-And-Autonomous-Racing-Cars/ros_ws/install/theora_image_transport/lib:/home/adam/Sensor-Fusion-And-Autonomous-Racing-Cars/ros_ws/install/compressed_image_transport/lib:/home/adam/Sensor-Fusion-And-Autonomous-Racing-Cars/ros_ws/install/compressed_depth_image_transport/lib:/opt/ros/foxy/opt/yaml_cpp_vendor/lib:/opt/ros/foxy/opt/rviz_ogre_vendor/lib:/opt/ros/foxy/lib/aarch64-linux-gnu:/opt/ros/foxy/lib /usr/bin/cmake --install /home/adam/Sensor-Fusion-And-Autonomous-Racing-Cars/ros_ws/build/vesc_driver
[391.436s] Level 1:colcon.colcon_core.environment:checking '/home/adam/Sensor-Fusion-And-Autonomous-Racing-Cars/ros_ws/install/vesc_driver' for CMake module files
[391.442s] Level 1:colcon.colcon_core.environment:checking '/home/adam/Sensor-Fusion-And-Autonomous-Racing-Cars/ros_ws/install/vesc_driver' for CMake config files
[391.445s] Level 1:colcon.colcon_core.shell:create_environment_hook('vesc_driver', 'cmake_prefix_path')
[391.879s] INFO:colcon.colcon_core.shell:Creating environment hook '/home/adam/Sensor-Fusion-And-Autonomous-Racing-Cars/ros_ws/install/vesc_driver/share/vesc_driver/hook/cmake_prefix_path.ps1'
[391.883s] INFO:colcon.colcon_core.shell:Creating environment descriptor '/home/adam/Sensor-Fusion-And-Autonomous-Racing-Cars/ros_ws/install/vesc_driver/share/vesc_driver/hook/cmake_prefix_path.dsv'
[391.886s] INFO:colcon.colcon_core.shell:Creating environment hook '/home/adam/Sensor-Fusion-And-Autonomous-Racing-Cars/ros_ws/install/vesc_driver/share/vesc_driver/hook/cmake_prefix_path.sh'
[391.891s] Level 1:colcon.colcon_core.environment:checking '/home/adam/Sensor-Fusion-And-Autonomous-Racing-Cars/ros_ws/install/vesc_driver/lib'
[391.892s] Level 1:colcon.colcon_core.shell:create_environment_hook('vesc_driver', 'ld_library_path_lib')
[392.432s] INFO:colcon.colcon_core.shell:Creating environment hook '/home/adam/Sensor-Fusion-And-Autonomous-Racing-Cars/ros_ws/install/vesc_driver/share/vesc_driver/hook/ld_library_path_lib.ps1'
[392.437s] INFO:colcon.colcon_core.shell:Creating environment descriptor '/home/adam/Sensor-Fusion-And-Autonomous-Racing-Cars/ros_ws/install/vesc_driver/share/vesc_driver/hook/ld_library_path_lib.dsv'
[392.441s] INFO:colcon.colcon_core.shell:Creating environment hook '/home/adam/Sensor-Fusion-And-Autonomous-Racing-Cars/ros_ws/install/vesc_driver/share/vesc_driver/hook/ld_library_path_lib.sh'
[392.445s] Level 1:colcon.colcon_core.environment:checking '/home/adam/Sensor-Fusion-And-Autonomous-Racing-Cars/ros_ws/install/vesc_driver/bin'
[392.448s] Level 1:colcon.colcon_core.environment:checking '/home/adam/Sensor-Fusion-And-Autonomous-Racing-Cars/ros_ws/install/vesc_driver/lib/pkgconfig/vesc_driver.pc'
[392.450s] Level 1:colcon.colcon_core.environment:checking '/home/adam/Sensor-Fusion-And-Autonomous-Racing-Cars/ros_ws/install/vesc_driver/lib/python3.8/site-packages'
[392.452s] Level 1:colcon.colcon_core.environment:checking '/home/adam/Sensor-Fusion-And-Autonomous-Racing-Cars/ros_ws/install/vesc_driver/bin'
[392.955s] INFO:colcon.colcon_core.shell:Creating package script '/home/adam/Sensor-Fusion-And-Autonomous-Racing-Cars/ros_ws/install/vesc_driver/share/vesc_driver/package.ps1'
[392.960s] INFO:colcon.colcon_core.shell:Creating package descriptor '/home/adam/Sensor-Fusion-And-Autonomous-Racing-Cars/ros_ws/install/vesc_driver/share/vesc_driver/package.dsv'
[392.966s] INFO:colcon.colcon_core.shell:Creating package script '/home/adam/Sensor-Fusion-And-Autonomous-Racing-Cars/ros_ws/install/vesc_driver/share/vesc_driver/package.sh'
[392.969s] INFO:colcon.colcon_core.shell:Creating package script '/home/adam/Sensor-Fusion-And-Autonomous-Racing-Cars/ros_ws/install/vesc_driver/share/vesc_driver/package.bash'
[392.972s] INFO:colcon.colcon_core.shell:Creating package script '/home/adam/Sensor-Fusion-And-Autonomous-Racing-Cars/ros_ws/install/vesc_driver/share/vesc_driver/package.zsh'
[392.975s] Level 1:colcon.colcon_core.environment:create_file_with_runtime_dependencies(/home/adam/Sensor-Fusion-And-Autonomous-Racing-Cars/ros_ws/install/vesc_driver/share/colcon-core/packages/vesc_driver)
[394.854s] Level 1:colcon.colcon_core.environment:create_environment_scripts_only(vesc_driver)
[395.266s] Level 1:colcon.colcon_core.environment:checking '/home/adam/Sensor-Fusion-And-Autonomous-Racing-Cars/ros_ws/install/vesc_driver' for CMake module files
[395.271s] Level 1:colcon.colcon_core.environment:checking '/home/adam/Sensor-Fusion-And-Autonomous-Racing-Cars/ros_ws/install/vesc_driver' for CMake config files
[395.274s] Level 1:colcon.colcon_core.shell:create_environment_hook('vesc_driver', 'cmake_prefix_path')
[395.679s] INFO:colcon.colcon_core.shell:Creating environment hook '/home/adam/Sensor-Fusion-And-Autonomous-Racing-Cars/ros_ws/install/vesc_driver/share/vesc_driver/hook/cmake_prefix_path.ps1'
[395.684s] INFO:colcon.colcon_core.shell:Creating environment descriptor '/home/adam/Sensor-Fusion-And-Autonomous-Racing-Cars/ros_ws/install/vesc_driver/share/vesc_driver/hook/cmake_prefix_path.dsv'
[395.688s] INFO:colcon.colcon_core.shell:Creating environment hook '/home/adam/Sensor-Fusion-And-Autonomous-Racing-Cars/ros_ws/install/vesc_driver/share/vesc_driver/hook/cmake_prefix_path.sh'
[395.693s] Level 1:colcon.colcon_core.environment:checking '/home/adam/Sensor-Fusion-And-Autonomous-Racing-Cars/ros_ws/install/vesc_driver/lib'
[395.695s] Level 1:colcon.colcon_core.shell:create_environment_hook('vesc_driver', 'ld_library_path_lib')
[396.151s] INFO:colcon.colcon_core.shell:Creating environment hook '/home/adam/Sensor-Fusion-And-Autonomous-Racing-Cars/ros_ws/install/vesc_driver/share/vesc_driver/hook/ld_library_path_lib.ps1'
[396.154s] INFO:colcon.colcon_core.shell:Creating environment descriptor '/home/adam/Sensor-Fusion-And-Autonomous-Racing-Cars/ros_ws/install/vesc_driver/share/vesc_driver/hook/ld_library_path_lib.dsv'
[396.160s] INFO:colcon.colcon_core.shell:Creating environment hook '/home/adam/Sensor-Fusion-And-Autonomous-Racing-Cars/ros_ws/install/vesc_driver/share/vesc_driver/hook/ld_library_path_lib.sh'
[396.163s] Level 1:colcon.colcon_core.environment:checking '/home/adam/Sensor-Fusion-And-Autonomous-Racing-Cars/ros_ws/install/vesc_driver/bin'
[396.164s] Level 1:colcon.colcon_core.environment:checking '/home/adam/Sensor-Fusion-And-Autonomous-Racing-Cars/ros_ws/install/vesc_driver/lib/pkgconfig/vesc_driver.pc'
[396.165s] Level 1:colcon.colcon_core.environment:checking '/home/adam/Sensor-Fusion-And-Autonomous-Racing-Cars/ros_ws/install/vesc_driver/lib/python3.8/site-packages'
[396.166s] Level 1:colcon.colcon_core.environment:checking '/home/adam/Sensor-Fusion-And-Autonomous-Racing-Cars/ros_ws/install/vesc_driver/bin'
[396.624s] INFO:colcon.colcon_core.shell:Creating package script '/home/adam/Sensor-Fusion-And-Autonomous-Racing-Cars/ros_ws/install/vesc_driver/share/vesc_driver/package.ps1'
[396.630s] INFO:colcon.colcon_core.shell:Creating package descriptor '/home/adam/Sensor-Fusion-And-Autonomous-Racing-Cars/ros_ws/install/vesc_driver/share/vesc_driver/package.dsv'
[396.635s] INFO:colcon.colcon_core.shell:Creating package script '/home/adam/Sensor-Fusion-And-Autonomous-Racing-Cars/ros_ws/install/vesc_driver/share/vesc_driver/package.sh'
[396.639s] INFO:colcon.colcon_core.shell:Creating package script '/home/adam/Sensor-Fusion-And-Autonomous-Racing-Cars/ros_ws/install/vesc_driver/share/vesc_driver/package.bash'
[396.644s] INFO:colcon.colcon_core.shell:Creating package script '/home/adam/Sensor-Fusion-And-Autonomous-Racing-Cars/ros_ws/install/vesc_driver/share/vesc_driver/package.zsh'
[396.648s] Level 1:colcon.colcon_core.environment:create_file_with_runtime_dependencies(/home/adam/Sensor-Fusion-And-Autonomous-Racing-Cars/ros_ws/install/vesc_driver/share/colcon-core/packages/vesc_driver)
[396.656s] INFO:colcon.colcon_ros.task.ament_cmake.build:Building ROS package in '/home/adam/Sensor-Fusion-And-Autonomous-Racing-Cars/ros_ws/src/image_transport_plugins/theora_image_transport' with build type 'ament_cmake'
[396.659s] INFO:colcon.colcon_cmake.task.cmake.build:Building CMake package in '/home/adam/Sensor-Fusion-And-Autonomous-Racing-Cars/ros_ws/src/image_transport_plugins/theora_image_transport'
[397.085s] INFO:colcon.colcon_core.shell:Skip shell extension 'powershell' for command environment: Not usable outside of PowerShell
[397.086s] DEBUG:colcon.colcon_core.shell:Skip shell extension 'dsv' for command environment
[398.424s] DEBUG:colcon.colcon_core.event_handler.log_command:Invoking command in '/home/adam/Sensor-Fusion-And-Autonomous-Racing-Cars/ros_ws/build/theora_image_transport': AMENT_PREFIX_PATH=/home/adam/Sensor-Fusion-And-Autonomous-Racing-Cars/ros_ws/install/image_transport:${AMENT_PREFIX_PATH} CMAKE_PREFIX_PATH=/home/adam/Sensor-Fusion-And-Autonomous-Racing-Cars/ros_ws/install/image_transport:/home/adam/Sensor-Fusion-And-Autonomous-Racing-Cars/ros_ws/install/vesc:/home/adam/Sensor-Fusion-And-Autonomous-Racing-Cars/ros_ws/install/vesc_driver:/home/adam/Sensor-Fusion-And-Autonomous-Racing-Cars/ros_ws/install/vesc_ackermann:/home/adam/Sensor-Fusion-And-Autonomous-Racing-Cars/ros_ws/install/vesc_msgs:/home/adam/Sensor-Fusion-And-Autonomous-Racing-Cars/ros_ws/install/v4l2_camera:/home/adam/Sensor-Fusion-And-Autonomous-Racing-Cars/ros_ws/install/udp_driver:/home/adam/Sensor-Fusion-And-Autonomous-Racing-Cars/ros_ws/install/image_transport_plugins:/home/adam/Sensor-Fusion-And-Autonomous-Racing-Cars/ros_ws/install/theora_image_transport:/home/adam/Sensor-Fusion-And-Autonomous-Racing-Cars/ros_ws/install/serial_driver:/home/adam/Sensor-Fusion-And-Autonomous-Racing-Cars/ros_ws/install/ldlidar_ros2:/home/adam/Sensor-Fusion-And-Autonomous-Racing-Cars/ros_ws/install/io_context:/home/adam/Sensor-Fusion-And-Autonomous-Racing-Cars/ros_ws/install/compressed_image_transport:/home/adam/Sensor-Fusion-And-Autonomous-Racing-Cars/ros_ws/install/compressed_depth_image_transport:/home/adam/Sensor-Fusion-And-Autonomous-Racing-Cars/ros_ws/install/asio_cmake_module:/home/adam/Sensor-Fusion-And-Autonomous-Racing-Cars/ros_ws/install/steering_test_pkg:/home/adam/Sensor-Fusion-And-Autonomous-Racing-Cars/ros_ws/install/servo_controller:/home/adam/Sensor-Fusion-And-Autonomous-Racing-Cars/ros_ws/install/motor_controller:/home/adam/Sensor-Fusion-And-Autonomous-Racing-Cars/ros_ws/install/camera_sensor:/home/adam/Sensor-Fusion-And-Autonomous-Racing-Cars/ros_ws/install/arc_startup:/home/adam/Sensor-Fusion-And-Autonomous-Racing-Cars/ros_ws/install/arc_keyboard_control:/home/adam/Sensor-Fusion-And-Autonomous-Racing-Cars/ros_ws/install/arc_autonomous_ctrl:/opt/ros/foxy LD_LIBRARY_PATH=/home/adam/Sensor-Fusion-And-Autonomous-Racing-Cars/ros_ws/install/image_transport/lib:${LD_LIBRARY_PATH} /usr/bin/cmake /home/adam/Sensor-Fusion-And-Autonomous-Racing-Cars/ros_ws/src/image_transport_plugins/theora_image_transport -DCMAKE_INSTALL_PREFIX=/home/adam/Sensor-Fusion-And-Autonomous-Racing-Cars/ros_ws/install/theora_image_transport
[426.094s] DEBUG:colcon.colcon_core.event_handler.log_command:Invoked command in '/home/adam/Sensor-Fusion-And-Autonomous-Racing-Cars/ros_ws/build/theora_image_transport' returned '0': AMENT_PREFIX_PATH=/home/adam/Sensor-Fusion-And-Autonomous-Racing-Cars/ros_ws/install/image_transport:${AMENT_PREFIX_PATH} CMAKE_PREFIX_PATH=/home/adam/Sensor-Fusion-And-Autonomous-Racing-Cars/ros_ws/install/image_transport:/home/adam/Sensor-Fusion-And-Autonomous-Racing-Cars/ros_ws/install/vesc:/home/adam/Sensor-Fusion-And-Autonomous-Racing-Cars/ros_ws/install/vesc_driver:/home/adam/Sensor-Fusion-And-Autonomous-Racing-Cars/ros_ws/install/vesc_ackermann:/home/adam/Sensor-Fusion-And-Autonomous-Racing-Cars/ros_ws/install/vesc_msgs:/home/adam/Sensor-Fusion-And-Autonomous-Racing-Cars/ros_ws/install/v4l2_camera:/home/adam/Sensor-Fusion-And-Autonomous-Racing-Cars/ros_ws/install/udp_driver:/home/adam/Sensor-Fusion-And-Autonomous-Racing-Cars/ros_ws/install/image_transport_plugins:/home/adam/Sensor-Fusion-And-Autonomous-Racing-Cars/ros_ws/install/theora_image_transport:/home/adam/Sensor-Fusion-And-Autonomous-Racing-Cars/ros_ws/install/serial_driver:/home/adam/Sensor-Fusion-And-Autonomous-Racing-Cars/ros_ws/install/ldlidar_ros2:/home/adam/Sensor-Fusion-And-Autonomous-Racing-Cars/ros_ws/install/io_context:/home/adam/Sensor-Fusion-And-Autonomous-Racing-Cars/ros_ws/install/compressed_image_transport:/home/adam/Sensor-Fusion-And-Autonomous-Racing-Cars/ros_ws/install/compressed_depth_image_transport:/home/adam/Sensor-Fusion-And-Autonomous-Racing-Cars/ros_ws/install/asio_cmake_module:/home/adam/Sensor-Fusion-And-Autonomous-Racing-Cars/ros_ws/install/steering_test_pkg:/home/adam/Sensor-Fusion-And-Autonomous-Racing-Cars/ros_ws/install/servo_controller:/home/adam/Sensor-Fusion-And-Autonomous-Racing-Cars/ros_ws/install/motor_controller:/home/adam/Sensor-Fusion-And-Autonomous-Racing-Cars/ros_ws/install/camera_sensor:/home/adam/Sensor-Fusion-And-Autonomous-Racing-Cars/ros_ws/install/arc_startup:/home/adam/Sensor-Fusion-And-Autonomous-Racing-Cars/ros_ws/install/arc_keyboard_control:/home/adam/Sensor-Fusion-And-Autonomous-Racing-Cars/ros_ws/install/arc_autonomous_ctrl:/opt/ros/foxy LD_LIBRARY_PATH=/home/adam/Sensor-Fusion-And-Autonomous-Racing-Cars/ros_ws/install/image_transport/lib:${LD_LIBRARY_PATH} /usr/bin/cmake /home/adam/Sensor-Fusion-And-Autonomous-Racing-Cars/ros_ws/src/image_transport_plugins/theora_image_transport -DCMAKE_INSTALL_PREFIX=/home/adam/Sensor-Fusion-And-Autonomous-Racing-Cars/ros_ws/install/theora_image_transport
[426.097s] DEBUG:colcon.colcon_core.event_handler.log_command:Invoking command in '/home/adam/Sensor-Fusion-And-Autonomous-Racing-Cars/ros_ws/build/theora_image_transport': AMENT_PREFIX_PATH=/home/adam/Sensor-Fusion-And-Autonomous-Racing-Cars/ros_ws/install/image_transport:${AMENT_PREFIX_PATH} CMAKE_PREFIX_PATH=/home/adam/Sensor-Fusion-And-Autonomous-Racing-Cars/ros_ws/install/image_transport:/home/adam/Sensor-Fusion-And-Autonomous-Racing-Cars/ros_ws/install/vesc:/home/adam/Sensor-Fusion-And-Autonomous-Racing-Cars/ros_ws/install/vesc_driver:/home/adam/Sensor-Fusion-And-Autonomous-Racing-Cars/ros_ws/install/vesc_ackermann:/home/adam/Sensor-Fusion-And-Autonomous-Racing-Cars/ros_ws/install/vesc_msgs:/home/adam/Sensor-Fusion-And-Autonomous-Racing-Cars/ros_ws/install/v4l2_camera:/home/adam/Sensor-Fusion-And-Autonomous-Racing-Cars/ros_ws/install/udp_driver:/home/adam/Sensor-Fusion-And-Autonomous-Racing-Cars/ros_ws/install/image_transport_plugins:/home/adam/Sensor-Fusion-And-Autonomous-Racing-Cars/ros_ws/install/theora_image_transport:/home/adam/Sensor-Fusion-And-Autonomous-Racing-Cars/ros_ws/install/serial_driver:/home/adam/Sensor-Fusion-And-Autonomous-Racing-Cars/ros_ws/install/ldlidar_ros2:/home/adam/Sensor-Fusion-And-Autonomous-Racing-Cars/ros_ws/install/io_context:/home/adam/Sensor-Fusion-And-Autonomous-Racing-Cars/ros_ws/install/compressed_image_transport:/home/adam/Sensor-Fusion-And-Autonomous-Racing-Cars/ros_ws/install/compressed_depth_image_transport:/home/adam/Sensor-Fusion-And-Autonomous-Racing-Cars/ros_ws/install/asio_cmake_module:/home/adam/Sensor-Fusion-And-Autonomous-Racing-Cars/ros_ws/install/steering_test_pkg:/home/adam/Sensor-Fusion-And-Autonomous-Racing-Cars/ros_ws/install/servo_controller:/home/adam/Sensor-Fusion-And-Autonomous-Racing-Cars/ros_ws/install/motor_controller:/home/adam/Sensor-Fusion-And-Autonomous-Racing-Cars/ros_ws/install/camera_sensor:/home/adam/Sensor-Fusion-And-Autonomous-Racing-Cars/ros_ws/install/arc_startup:/home/adam/Sensor-Fusion-And-Autonomous-Racing-Cars/ros_ws/install/arc_keyboard_control:/home/adam/Sensor-Fusion-And-Autonomous-Racing-Cars/ros_ws/install/arc_autonomous_ctrl:/opt/ros/foxy LD_LIBRARY_PATH=/home/adam/Sensor-Fusion-And-Autonomous-Racing-Cars/ros_ws/install/image_transport/lib:${LD_LIBRARY_PATH} /usr/bin/cmake --build /home/adam/Sensor-Fusion-And-Autonomous-Racing-Cars/ros_ws/build/theora_image_transport -- -j4 -l4
[473.599s] DEBUG:colcon.colcon_core.event_handler.log_command:Invoked command in '/home/adam/Sensor-Fusion-And-Autonomous-Racing-Cars/ros_ws/build/compressed_image_transport' returned '0': AMENT_PREFIX_PATH=/home/adam/Sensor-Fusion-And-Autonomous-Racing-Cars/ros_ws/install/image_transport:${AMENT_PREFIX_PATH} CMAKE_PREFIX_PATH=/home/adam/Sensor-Fusion-And-Autonomous-Racing-Cars/ros_ws/install/image_transport:/home/adam/Sensor-Fusion-And-Autonomous-Racing-Cars/ros_ws/install/vesc:/home/adam/Sensor-Fusion-And-Autonomous-Racing-Cars/ros_ws/install/vesc_driver:/home/adam/Sensor-Fusion-And-Autonomous-Racing-Cars/ros_ws/install/vesc_ackermann:/home/adam/Sensor-Fusion-And-Autonomous-Racing-Cars/ros_ws/install/vesc_msgs:/home/adam/Sensor-Fusion-And-Autonomous-Racing-Cars/ros_ws/install/v4l2_camera:/home/adam/Sensor-Fusion-And-Autonomous-Racing-Cars/ros_ws/install/udp_driver:/home/adam/Sensor-Fusion-And-Autonomous-Racing-Cars/ros_ws/install/image_transport_plugins:/home/adam/Sensor-Fusion-And-Autonomous-Racing-Cars/ros_ws/install/theora_image_transport:/home/adam/Sensor-Fusion-And-Autonomous-Racing-Cars/ros_ws/install/serial_driver:/home/adam/Sensor-Fusion-And-Autonomous-Racing-Cars/ros_ws/install/ldlidar_ros2:/home/adam/Sensor-Fusion-And-Autonomous-Racing-Cars/ros_ws/install/io_context:/home/adam/Sensor-Fusion-And-Autonomous-Racing-Cars/ros_ws/install/compressed_image_transport:/home/adam/Sensor-Fusion-And-Autonomous-Racing-Cars/ros_ws/install/compressed_depth_image_transport:/home/adam/Sensor-Fusion-And-Autonomous-Racing-Cars/ros_ws/install/asio_cmake_module:/home/adam/Sensor-Fusion-And-Autonomous-Racing-Cars/ros_ws/install/steering_test_pkg:/home/adam/Sensor-Fusion-And-Autonomous-Racing-Cars/ros_ws/install/servo_controller:/home/adam/Sensor-Fusion-And-Autonomous-Racing-Cars/ros_ws/install/motor_controller:/home/adam/Sensor-Fusion-And-Autonomous-Racing-Cars/ros_ws/install/camera_sensor:/home/adam/Sensor-Fusion-And-Autonomous-Racing-Cars/ros_ws/install/arc_startup:/home/adam/Sensor-Fusion-And-Autonomous-Racing-Cars/ros_ws/install/arc_keyboard_control:/home/adam/Sensor-Fusion-And-Autonomous-Racing-Cars/ros_ws/install/arc_autonomous_ctrl:/opt/ros/foxy LD_LIBRARY_PATH=/home/adam/Sensor-Fusion-And-Autonomous-Racing-Cars/ros_ws/install/image_transport/lib:${LD_LIBRARY_PATH} /usr/bin/cmake --build /home/adam/Sensor-Fusion-And-Autonomous-Racing-Cars/ros_ws/build/compressed_image_transport -- -j4 -l4
[473.925s] DEBUG:colcon.colcon_core.event_handler.log_command:Invoking command in '/home/adam/Sensor-Fusion-And-Autonomous-Racing-Cars/ros_ws/build/compressed_image_transport': AMENT_PREFIX_PATH=/home/adam/Sensor-Fusion-And-Autonomous-Racing-Cars/ros_ws/install/image_transport:${AMENT_PREFIX_PATH} CMAKE_PREFIX_PATH=/home/adam/Sensor-Fusion-And-Autonomous-Racing-Cars/ros_ws/install/image_transport:/home/adam/Sensor-Fusion-And-Autonomous-Racing-Cars/ros_ws/install/vesc:/home/adam/Sensor-Fusion-And-Autonomous-Racing-Cars/ros_ws/install/vesc_driver:/home/adam/Sensor-Fusion-And-Autonomous-Racing-Cars/ros_ws/install/vesc_ackermann:/home/adam/Sensor-Fusion-And-Autonomous-Racing-Cars/ros_ws/install/vesc_msgs:/home/adam/Sensor-Fusion-And-Autonomous-Racing-Cars/ros_ws/install/v4l2_camera:/home/adam/Sensor-Fusion-And-Autonomous-Racing-Cars/ros_ws/install/udp_driver:/home/adam/Sensor-Fusion-And-Autonomous-Racing-Cars/ros_ws/install/image_transport_plugins:/home/adam/Sensor-Fusion-And-Autonomous-Racing-Cars/ros_ws/install/theora_image_transport:/home/adam/Sensor-Fusion-And-Autonomous-Racing-Cars/ros_ws/install/serial_driver:/home/adam/Sensor-Fusion-And-Autonomous-Racing-Cars/ros_ws/install/ldlidar_ros2:/home/adam/Sensor-Fusion-And-Autonomous-Racing-Cars/ros_ws/install/io_context:/home/adam/Sensor-Fusion-And-Autonomous-Racing-Cars/ros_ws/install/compressed_image_transport:/home/adam/Sensor-Fusion-And-Autonomous-Racing-Cars/ros_ws/install/compressed_depth_image_transport:/home/adam/Sensor-Fusion-And-Autonomous-Racing-Cars/ros_ws/install/asio_cmake_module:/home/adam/Sensor-Fusion-And-Autonomous-Racing-Cars/ros_ws/install/steering_test_pkg:/home/adam/Sensor-Fusion-And-Autonomous-Racing-Cars/ros_ws/install/servo_controller:/home/adam/Sensor-Fusion-And-Autonomous-Racing-Cars/ros_ws/install/motor_controller:/home/adam/Sensor-Fusion-And-Autonomous-Racing-Cars/ros_ws/install/camera_sensor:/home/adam/Sensor-Fusion-And-Autonomous-Racing-Cars/ros_ws/install/arc_startup:/home/adam/Sensor-Fusion-And-Autonomous-Racing-Cars/ros_ws/install/arc_keyboard_control:/home/adam/Sensor-Fusion-And-Autonomous-Racing-Cars/ros_ws/install/arc_autonomous_ctrl:/opt/ros/foxy LD_LIBRARY_PATH=/home/adam/Sensor-Fusion-And-Autonomous-Racing-Cars/ros_ws/install/image_transport/lib:${LD_LIBRARY_PATH} /usr/bin/cmake --install /home/adam/Sensor-Fusion-And-Autonomous-Racing-Cars/ros_ws/build/compressed_image_transport
[474.237s] Level 1:colcon.colcon_core.environment:create_environment_scripts_only(compressed_image_transport)
[474.242s] DEBUG:colcon.colcon_core.event_handler.log_command:Invoked command in '/home/adam/Sensor-Fusion-And-Autonomous-Racing-Cars/ros_ws/build/compressed_image_transport' returned '0': AMENT_PREFIX_PATH=/home/adam/Sensor-Fusion-And-Autonomous-Racing-Cars/ros_ws/install/image_transport:${AMENT_PREFIX_PATH} CMAKE_PREFIX_PATH=/home/adam/Sensor-Fusion-And-Autonomous-Racing-Cars/ros_ws/install/image_transport:/home/adam/Sensor-Fusion-And-Autonomous-Racing-Cars/ros_ws/install/vesc:/home/adam/Sensor-Fusion-And-Autonomous-Racing-Cars/ros_ws/install/vesc_driver:/home/adam/Sensor-Fusion-And-Autonomous-Racing-Cars/ros_ws/install/vesc_ackermann:/home/adam/Sensor-Fusion-And-Autonomous-Racing-Cars/ros_ws/install/vesc_msgs:/home/adam/Sensor-Fusion-And-Autonomous-Racing-Cars/ros_ws/install/v4l2_camera:/home/adam/Sensor-Fusion-And-Autonomous-Racing-Cars/ros_ws/install/udp_driver:/home/adam/Sensor-Fusion-And-Autonomous-Racing-Cars/ros_ws/install/image_transport_plugins:/home/adam/Sensor-Fusion-And-Autonomous-Racing-Cars/ros_ws/install/theora_image_transport:/home/adam/Sensor-Fusion-And-Autonomous-Racing-Cars/ros_ws/install/serial_driver:/home/adam/Sensor-Fusion-And-Autonomous-Racing-Cars/ros_ws/install/ldlidar_ros2:/home/adam/Sensor-Fusion-And-Autonomous-Racing-Cars/ros_ws/install/io_context:/home/adam/Sensor-Fusion-And-Autonomous-Racing-Cars/ros_ws/install/compressed_image_transport:/home/adam/Sensor-Fusion-And-Autonomous-Racing-Cars/ros_ws/install/compressed_depth_image_transport:/home/adam/Sensor-Fusion-And-Autonomous-Racing-Cars/ros_ws/install/asio_cmake_module:/home/adam/Sensor-Fusion-And-Autonomous-Racing-Cars/ros_ws/install/steering_test_pkg:/home/adam/Sensor-Fusion-And-Autonomous-Racing-Cars/ros_ws/install/servo_controller:/home/adam/Sensor-Fusion-And-Autonomous-Racing-Cars/ros_ws/install/motor_controller:/home/adam/Sensor-Fusion-And-Autonomous-Racing-Cars/ros_ws/install/camera_sensor:/home/adam/Sensor-Fusion-And-Autonomous-Racing-Cars/ros_ws/install/arc_startup:/home/adam/Sensor-Fusion-And-Autonomous-Racing-Cars/ros_ws/install/arc_keyboard_control:/home/adam/Sensor-Fusion-And-Autonomous-Racing-Cars/ros_ws/install/arc_autonomous_ctrl:/opt/ros/foxy LD_LIBRARY_PATH=/home/adam/Sensor-Fusion-And-Autonomous-Racing-Cars/ros_ws/install/image_transport/lib:${LD_LIBRARY_PATH} /usr/bin/cmake --install /home/adam/Sensor-Fusion-And-Autonomous-Racing-Cars/ros_ws/build/compressed_image_transport
[474.683s] Level 1:colcon.colcon_core.environment:checking '/home/adam/Sensor-Fusion-And-Autonomous-Racing-Cars/ros_ws/install/compressed_image_transport' for CMake module files
[474.687s] Level 1:colcon.colcon_core.environment:checking '/home/adam/Sensor-Fusion-And-Autonomous-Racing-Cars/ros_ws/install/compressed_image_transport' for CMake config files
[474.689s] Level 1:colcon.colcon_core.shell:create_environment_hook('compressed_image_transport', 'cmake_prefix_path')
[475.124s] INFO:colcon.colcon_core.shell:Creating environment hook '/home/adam/Sensor-Fusion-And-Autonomous-Racing-Cars/ros_ws/install/compressed_image_transport/share/compressed_image_transport/hook/cmake_prefix_path.ps1'
[475.127s] INFO:colcon.colcon_core.shell:Creating environment descriptor '/home/adam/Sensor-Fusion-And-Autonomous-Racing-Cars/ros_ws/install/compressed_image_transport/share/compressed_image_transport/hook/cmake_prefix_path.dsv'
[475.129s] INFO:colcon.colcon_core.shell:Creating environment hook '/home/adam/Sensor-Fusion-And-Autonomous-Racing-Cars/ros_ws/install/compressed_image_transport/share/compressed_image_transport/hook/cmake_prefix_path.sh'
[475.133s] Level 1:colcon.colcon_core.environment:checking '/home/adam/Sensor-Fusion-And-Autonomous-Racing-Cars/ros_ws/install/compressed_image_transport/lib'
[475.134s] Level 1:colcon.colcon_core.shell:create_environment_hook('compressed_image_transport', 'ld_library_path_lib')
[475.600s] INFO:colcon.colcon_core.shell:Creating environment hook '/home/adam/Sensor-Fusion-And-Autonomous-Racing-Cars/ros_ws/install/compressed_image_transport/share/compressed_image_transport/hook/ld_library_path_lib.ps1'
[475.604s] INFO:colcon.colcon_core.shell:Creating environment descriptor '/home/adam/Sensor-Fusion-And-Autonomous-Racing-Cars/ros_ws/install/compressed_image_transport/share/compressed_image_transport/hook/ld_library_path_lib.dsv'
[475.607s] INFO:colcon.colcon_core.shell:Creating environment hook '/home/adam/Sensor-Fusion-And-Autonomous-Racing-Cars/ros_ws/install/compressed_image_transport/share/compressed_image_transport/hook/ld_library_path_lib.sh'
[475.615s] Level 1:colcon.colcon_core.environment:checking '/home/adam/Sensor-Fusion-And-Autonomous-Racing-Cars/ros_ws/install/compressed_image_transport/bin'
[475.616s] Level 1:colcon.colcon_core.environment:checking '/home/adam/Sensor-Fusion-And-Autonomous-Racing-Cars/ros_ws/install/compressed_image_transport/lib/pkgconfig/compressed_image_transport.pc'
[475.618s] Level 1:colcon.colcon_core.environment:checking '/home/adam/Sensor-Fusion-And-Autonomous-Racing-Cars/ros_ws/install/compressed_image_transport/lib/python3.8/site-packages'
[475.620s] Level 1:colcon.colcon_core.environment:checking '/home/adam/Sensor-Fusion-And-Autonomous-Racing-Cars/ros_ws/install/compressed_image_transport/bin'
[476.095s] INFO:colcon.colcon_core.shell:Creating package script '/home/adam/Sensor-Fusion-And-Autonomous-Racing-Cars/ros_ws/install/compressed_image_transport/share/compressed_image_transport/package.ps1'
[476.101s] INFO:colcon.colcon_core.shell:Creating package descriptor '/home/adam/Sensor-Fusion-And-Autonomous-Racing-Cars/ros_ws/install/compressed_image_transport/share/compressed_image_transport/package.dsv'
[476.106s] INFO:colcon.colcon_core.shell:Creating package script '/home/adam/Sensor-Fusion-And-Autonomous-Racing-Cars/ros_ws/install/compressed_image_transport/share/compressed_image_transport/package.sh'
[476.111s] INFO:colcon.colcon_core.shell:Creating package script '/home/adam/Sensor-Fusion-And-Autonomous-Racing-Cars/ros_ws/install/compressed_image_transport/share/compressed_image_transport/package.bash'
[476.116s] INFO:colcon.colcon_core.shell:Creating package script '/home/adam/Sensor-Fusion-And-Autonomous-Racing-Cars/ros_ws/install/compressed_image_transport/share/compressed_image_transport/package.zsh'
[476.120s] Level 1:colcon.colcon_core.environment:create_file_with_runtime_dependencies(/home/adam/Sensor-Fusion-And-Autonomous-Racing-Cars/ros_ws/install/compressed_image_transport/share/colcon-core/packages/compressed_image_transport)
[477.132s] Level 1:colcon.colcon_core.environment:create_environment_scripts_only(compressed_image_transport)
[477.685s] Level 1:colcon.colcon_core.environment:checking '/home/adam/Sensor-Fusion-And-Autonomous-Racing-Cars/ros_ws/install/compressed_image_transport' for CMake module files
[477.689s] Level 1:colcon.colcon_core.environment:checking '/home/adam/Sensor-Fusion-And-Autonomous-Racing-Cars/ros_ws/install/compressed_image_transport' for CMake config files
[477.692s] Level 1:colcon.colcon_core.shell:create_environment_hook('compressed_image_transport', 'cmake_prefix_path')
[478.141s] INFO:colcon.colcon_core.shell:Creating environment hook '/home/adam/Sensor-Fusion-And-Autonomous-Racing-Cars/ros_ws/install/compressed_image_transport/share/compressed_image_transport/hook/cmake_prefix_path.ps1'
[478.147s] INFO:colcon.colcon_core.shell:Creating environment descriptor '/home/adam/Sensor-Fusion-And-Autonomous-Racing-Cars/ros_ws/install/compressed_image_transport/share/compressed_image_transport/hook/cmake_prefix_path.dsv'
[478.150s] INFO:colcon.colcon_core.shell:Creating environment hook '/home/adam/Sensor-Fusion-And-Autonomous-Racing-Cars/ros_ws/install/compressed_image_transport/share/compressed_image_transport/hook/cmake_prefix_path.sh'
[478.155s] Level 1:colcon.colcon_core.environment:checking '/home/adam/Sensor-Fusion-And-Autonomous-Racing-Cars/ros_ws/install/compressed_image_transport/lib'
[478.157s] Level 1:colcon.colcon_core.shell:create_environment_hook('compressed_image_transport', 'ld_library_path_lib')
[478.613s] INFO:colcon.colcon_core.shell:Creating environment hook '/home/adam/Sensor-Fusion-And-Autonomous-Racing-Cars/ros_ws/install/compressed_image_transport/share/compressed_image_transport/hook/ld_library_path_lib.ps1'
[478.618s] INFO:colcon.colcon_core.shell:Creating environment descriptor '/home/adam/Sensor-Fusion-And-Autonomous-Racing-Cars/ros_ws/install/compressed_image_transport/share/compressed_image_transport/hook/ld_library_path_lib.dsv'
[478.623s] INFO:colcon.colcon_core.shell:Creating environment hook '/home/adam/Sensor-Fusion-And-Autonomous-Racing-Cars/ros_ws/install/compressed_image_transport/share/compressed_image_transport/hook/ld_library_path_lib.sh'
[478.627s] Level 1:colcon.colcon_core.environment:checking '/home/adam/Sensor-Fusion-And-Autonomous-Racing-Cars/ros_ws/install/compressed_image_transport/bin'
[478.628s] Level 1:colcon.colcon_core.environment:checking '/home/adam/Sensor-Fusion-And-Autonomous-Racing-Cars/ros_ws/install/compressed_image_transport/lib/pkgconfig/compressed_image_transport.pc'
[478.630s] Level 1:colcon.colcon_core.environment:checking '/home/adam/Sensor-Fusion-And-Autonomous-Racing-Cars/ros_ws/install/compressed_image_transport/lib/python3.8/site-packages'
[478.631s] Level 1:colcon.colcon_core.environment:checking '/home/adam/Sensor-Fusion-And-Autonomous-Racing-Cars/ros_ws/install/compressed_image_transport/bin'
[479.134s] INFO:colcon.colcon_core.shell:Creating package script '/home/adam/Sensor-Fusion-And-Autonomous-Racing-Cars/ros_ws/install/compressed_image_transport/share/compressed_image_transport/package.ps1'
[479.151s] INFO:colcon.colcon_core.shell:Creating package descriptor '/home/adam/Sensor-Fusion-And-Autonomous-Racing-Cars/ros_ws/install/compressed_image_transport/share/compressed_image_transport/package.dsv'
[479.158s] INFO:colcon.colcon_core.shell:Creating package script '/home/adam/Sensor-Fusion-And-Autonomous-Racing-Cars/ros_ws/install/compressed_image_transport/share/compressed_image_transport/package.sh'
[479.163s] INFO:colcon.colcon_core.shell:Creating package script '/home/adam/Sensor-Fusion-And-Autonomous-Racing-Cars/ros_ws/install/compressed_image_transport/share/compressed_image_transport/package.bash'
[479.169s] INFO:colcon.colcon_core.shell:Creating package script '/home/adam/Sensor-Fusion-And-Autonomous-Racing-Cars/ros_ws/install/compressed_image_transport/share/compressed_image_transport/package.zsh'
[479.175s] Level 1:colcon.colcon_core.environment:create_file_with_runtime_dependencies(/home/adam/Sensor-Fusion-And-Autonomous-Racing-Cars/ros_ws/install/compressed_image_transport/share/colcon-core/packages/compressed_image_transport)
[479.183s] INFO:colcon.colcon_ros.task.ament_cmake.build:Building ROS package in '/home/adam/Sensor-Fusion-And-Autonomous-Racing-Cars/ros_ws/src/image_common/image_common' with build type 'ament_cmake'
[479.185s] INFO:colcon.colcon_cmake.task.cmake.build:Building CMake package in '/home/adam/Sensor-Fusion-And-Autonomous-Racing-Cars/ros_ws/src/image_common/image_common'
[479.612s] INFO:colcon.colcon_core.shell:Skip shell extension 'powershell' for command environment: Not usable outside of PowerShell
[479.613s] DEBUG:colcon.colcon_core.shell:Skip shell extension 'dsv' for command environment
[480.776s] DEBUG:colcon.colcon_core.event_handler.log_command:Invoked command in '/home/adam/Sensor-Fusion-And-Autonomous-Racing-Cars/ros_ws/build/compressed_depth_image_transport' returned '0': AMENT_PREFIX_PATH=/home/adam/Sensor-Fusion-And-Autonomous-Racing-Cars/ros_ws/install/image_transport:${AMENT_PREFIX_PATH} CMAKE_PREFIX_PATH=/home/adam/Sensor-Fusion-And-Autonomous-Racing-Cars/ros_ws/install/image_transport:/home/adam/Sensor-Fusion-And-Autonomous-Racing-Cars/ros_ws/install/vesc:/home/adam/Sensor-Fusion-And-Autonomous-Racing-Cars/ros_ws/install/vesc_driver:/home/adam/Sensor-Fusion-And-Autonomous-Racing-Cars/ros_ws/install/vesc_ackermann:/home/adam/Sensor-Fusion-And-Autonomous-Racing-Cars/ros_ws/install/vesc_msgs:/home/adam/Sensor-Fusion-And-Autonomous-Racing-Cars/ros_ws/install/v4l2_camera:/home/adam/Sensor-Fusion-And-Autonomous-Racing-Cars/ros_ws/install/udp_driver:/home/adam/Sensor-Fusion-And-Autonomous-Racing-Cars/ros_ws/install/image_transport_plugins:/home/adam/Sensor-Fusion-And-Autonomous-Racing-Cars/ros_ws/install/theora_image_transport:/home/adam/Sensor-Fusion-And-Autonomous-Racing-Cars/ros_ws/install/serial_driver:/home/adam/Sensor-Fusion-And-Autonomous-Racing-Cars/ros_ws/install/ldlidar_ros2:/home/adam/Sensor-Fusion-And-Autonomous-Racing-Cars/ros_ws/install/io_context:/home/adam/Sensor-Fusion-And-Autonomous-Racing-Cars/ros_ws/install/compressed_image_transport:/home/adam/Sensor-Fusion-And-Autonomous-Racing-Cars/ros_ws/install/compressed_depth_image_transport:/home/adam/Sensor-Fusion-And-Autonomous-Racing-Cars/ros_ws/install/asio_cmake_module:/home/adam/Sensor-Fusion-And-Autonomous-Racing-Cars/ros_ws/install/steering_test_pkg:/home/adam/Sensor-Fusion-And-Autonomous-Racing-Cars/ros_ws/install/servo_controller:/home/adam/Sensor-Fusion-And-Autonomous-Racing-Cars/ros_ws/install/motor_controller:/home/adam/Sensor-Fusion-And-Autonomous-Racing-Cars/ros_ws/install/camera_sensor:/home/adam/Sensor-Fusion-And-Autonomous-Racing-Cars/ros_ws/install/arc_startup:/home/adam/Sensor-Fusion-And-Autonomous-Racing-Cars/ros_ws/install/arc_keyboard_control:/home/adam/Sensor-Fusion-And-Autonomous-Racing-Cars/ros_ws/install/arc_autonomous_ctrl:/opt/ros/foxy LD_LIBRARY_PATH=/home/adam/Sensor-Fusion-And-Autonomous-Racing-Cars/ros_ws/install/image_transport/lib:${LD_LIBRARY_PATH} /usr/bin/cmake --build /home/adam/Sensor-Fusion-And-Autonomous-Racing-Cars/ros_ws/build/compressed_depth_image_transport -- -j4 -l4
[480.850s] DEBUG:colcon.colcon_core.event_handler.log_command:Invoking command in '/home/adam/Sensor-Fusion-And-Autonomous-Racing-Cars/ros_ws/build/image_common': AMENT_PREFIX_PATH=/home/adam/Sensor-Fusion-And-Autonomous-Racing-Cars/ros_ws/install/camera_info_manager:/home/adam/Sensor-Fusion-And-Autonomous-Racing-Cars/ros_ws/install/image_transport:/home/adam/Sensor-Fusion-And-Autonomous-Racing-Cars/ros_ws/install/camera_calibration_parsers:${AMENT_PREFIX_PATH} CMAKE_PREFIX_PATH=/home/adam/Sensor-Fusion-And-Autonomous-Racing-Cars/ros_ws/install/camera_info_manager:/home/adam/Sensor-Fusion-And-Autonomous-Racing-Cars/ros_ws/install/image_transport:/home/adam/Sensor-Fusion-And-Autonomous-Racing-Cars/ros_ws/install/camera_calibration_parsers:/home/adam/Sensor-Fusion-And-Autonomous-Racing-Cars/ros_ws/install/vesc:/home/adam/Sensor-Fusion-And-Autonomous-Racing-Cars/ros_ws/install/vesc_driver:/home/adam/Sensor-Fusion-And-Autonomous-Racing-Cars/ros_ws/install/vesc_ackermann:/home/adam/Sensor-Fusion-And-Autonomous-Racing-Cars/ros_ws/install/vesc_msgs:/home/adam/Sensor-Fusion-And-Autonomous-Racing-Cars/ros_ws/install/v4l2_camera:/home/adam/Sensor-Fusion-And-Autonomous-Racing-Cars/ros_ws/install/udp_driver:/home/adam/Sensor-Fusion-And-Autonomous-Racing-Cars/ros_ws/install/image_transport_plugins:/home/adam/Sensor-Fusion-And-Autonomous-Racing-Cars/ros_ws/install/theora_image_transport:/home/adam/Sensor-Fusion-And-Autonomous-Racing-Cars/ros_ws/install/serial_driver:/home/adam/Sensor-Fusion-And-Autonomous-Racing-Cars/ros_ws/install/ldlidar_ros2:/home/adam/Sensor-Fusion-And-Autonomous-Racing-Cars/ros_ws/install/io_context:/home/adam/Sensor-Fusion-And-Autonomous-Racing-Cars/ros_ws/install/compressed_image_transport:/home/adam/Sensor-Fusion-And-Autonomous-Racing-Cars/ros_ws/install/compressed_depth_image_transport:/home/adam/Sensor-Fusion-And-Autonomous-Racing-Cars/ros_ws/install/asio_cmake_module:/home/adam/Sensor-Fusion-And-Autonomous-Racing-Cars/ros_ws/install/steering_test_pkg:/home/adam/Sensor-Fusion-And-Autonomous-Racing-Cars/ros_ws/install/servo_controller:/home/adam/Sensor-Fusion-And-Autonomous-Racing-Cars/ros_ws/install/motor_controller:/home/adam/Sensor-Fusion-And-Autonomous-Racing-Cars/ros_ws/install/camera_sensor:/home/adam/Sensor-Fusion-And-Autonomous-Racing-Cars/ros_ws/install/arc_startup:/home/adam/Sensor-Fusion-And-Autonomous-Racing-Cars/ros_ws/install/arc_keyboard_control:/home/adam/Sensor-Fusion-And-Autonomous-Racing-Cars/ros_ws/install/arc_autonomous_ctrl:/opt/ros/foxy LD_LIBRARY_PATH=/home/adam/Sensor-Fusion-And-Autonomous-Racing-Cars/ros_ws/install/camera_info_manager/lib:/home/adam/Sensor-Fusion-And-Autonomous-Racing-Cars/ros_ws/install/image_transport/lib:/home/adam/Sensor-Fusion-And-Autonomous-Racing-Cars/ros_ws/install/camera_calibration_parsers/lib:${LD_LIBRARY_PATH} /usr/bin/cmake /home/adam/Sensor-Fusion-And-Autonomous-Racing-Cars/ros_ws/src/image_common/image_common -DCMAKE_INSTALL_PREFIX=/home/adam/Sensor-Fusion-And-Autonomous-Racing-Cars/ros_ws/install/image_common
[481.100s] DEBUG:colcon.colcon_core.event_handler.log_command:Invoking command in '/home/adam/Sensor-Fusion-And-Autonomous-Racing-Cars/ros_ws/build/compressed_depth_image_transport': AMENT_PREFIX_PATH=/home/adam/Sensor-Fusion-And-Autonomous-Racing-Cars/ros_ws/install/image_transport:${AMENT_PREFIX_PATH} CMAKE_PREFIX_PATH=/home/adam/Sensor-Fusion-And-Autonomous-Racing-Cars/ros_ws/install/image_transport:/home/adam/Sensor-Fusion-And-Autonomous-Racing-Cars/ros_ws/install/vesc:/home/adam/Sensor-Fusion-And-Autonomous-Racing-Cars/ros_ws/install/vesc_driver:/home/adam/Sensor-Fusion-And-Autonomous-Racing-Cars/ros_ws/install/vesc_ackermann:/home/adam/Sensor-Fusion-And-Autonomous-Racing-Cars/ros_ws/install/vesc_msgs:/home/adam/Sensor-Fusion-And-Autonomous-Racing-Cars/ros_ws/install/v4l2_camera:/home/adam/Sensor-Fusion-And-Autonomous-Racing-Cars/ros_ws/install/udp_driver:/home/adam/Sensor-Fusion-And-Autonomous-Racing-Cars/ros_ws/install/image_transport_plugins:/home/adam/Sensor-Fusion-And-Autonomous-Racing-Cars/ros_ws/install/theora_image_transport:/home/adam/Sensor-Fusion-And-Autonomous-Racing-Cars/ros_ws/install/serial_driver:/home/adam/Sensor-Fusion-And-Autonomous-Racing-Cars/ros_ws/install/ldlidar_ros2:/home/adam/Sensor-Fusion-And-Autonomous-Racing-Cars/ros_ws/install/io_context:/home/adam/Sensor-Fusion-And-Autonomous-Racing-Cars/ros_ws/install/compressed_image_transport:/home/adam/Sensor-Fusion-And-Autonomous-Racing-Cars/ros_ws/install/compressed_depth_image_transport:/home/adam/Sensor-Fusion-And-Autonomous-Racing-Cars/ros_ws/install/asio_cmake_module:/home/adam/Sensor-Fusion-And-Autonomous-Racing-Cars/ros_ws/install/steering_test_pkg:/home/adam/Sensor-Fusion-And-Autonomous-Racing-Cars/ros_ws/install/servo_controller:/home/adam/Sensor-Fusion-And-Autonomous-Racing-Cars/ros_ws/install/motor_controller:/home/adam/Sensor-Fusion-And-Autonomous-Racing-Cars/ros_ws/install/camera_sensor:/home/adam/Sensor-Fusion-And-Autonomous-Racing-Cars/ros_ws/install/arc_startup:/home/adam/Sensor-Fusion-And-Autonomous-Racing-Cars/ros_ws/install/arc_keyboard_control:/home/adam/Sensor-Fusion-And-Autonomous-Racing-Cars/ros_ws/install/arc_autonomous_ctrl:/opt/ros/foxy LD_LIBRARY_PATH=/home/adam/Sensor-Fusion-And-Autonomous-Racing-Cars/ros_ws/install/image_transport/lib:${LD_LIBRARY_PATH} /usr/bin/cmake --install /home/adam/Sensor-Fusion-And-Autonomous-Racing-Cars/ros_ws/build/compressed_depth_image_transport
[481.290s] Level 1:colcon.colcon_core.environment:create_environment_scripts_only(compressed_depth_image_transport)
[481.296s] DEBUG:colcon.colcon_core.event_handler.log_command:Invoked command in '/home/adam/Sensor-Fusion-And-Autonomous-Racing-Cars/ros_ws/build/compressed_depth_image_transport' returned '0': AMENT_PREFIX_PATH=/home/adam/Sensor-Fusion-And-Autonomous-Racing-Cars/ros_ws/install/image_transport:${AMENT_PREFIX_PATH} CMAKE_PREFIX_PATH=/home/adam/Sensor-Fusion-And-Autonomous-Racing-Cars/ros_ws/install/image_transport:/home/adam/Sensor-Fusion-And-Autonomous-Racing-Cars/ros_ws/install/vesc:/home/adam/Sensor-Fusion-And-Autonomous-Racing-Cars/ros_ws/install/vesc_driver:/home/adam/Sensor-Fusion-And-Autonomous-Racing-Cars/ros_ws/install/vesc_ackermann:/home/adam/Sensor-Fusion-And-Autonomous-Racing-Cars/ros_ws/install/vesc_msgs:/home/adam/Sensor-Fusion-And-Autonomous-Racing-Cars/ros_ws/install/v4l2_camera:/home/adam/Sensor-Fusion-And-Autonomous-Racing-Cars/ros_ws/install/udp_driver:/home/adam/Sensor-Fusion-And-Autonomous-Racing-Cars/ros_ws/install/image_transport_plugins:/home/adam/Sensor-Fusion-And-Autonomous-Racing-Cars/ros_ws/install/theora_image_transport:/home/adam/Sensor-Fusion-And-Autonomous-Racing-Cars/ros_ws/install/serial_driver:/home/adam/Sensor-Fusion-And-Autonomous-Racing-Cars/ros_ws/install/ldlidar_ros2:/home/adam/Sensor-Fusion-And-Autonomous-Racing-Cars/ros_ws/install/io_context:/home/adam/Sensor-Fusion-And-Autonomous-Racing-Cars/ros_ws/install/compressed_image_transport:/home/adam/Sensor-Fusion-And-Autonomous-Racing-Cars/ros_ws/install/compressed_depth_image_transport:/home/adam/Sensor-Fusion-And-Autonomous-Racing-Cars/ros_ws/install/asio_cmake_module:/home/adam/Sensor-Fusion-And-Autonomous-Racing-Cars/ros_ws/install/steering_test_pkg:/home/adam/Sensor-Fusion-And-Autonomous-Racing-Cars/ros_ws/install/servo_controller:/home/adam/Sensor-Fusion-And-Autonomous-Racing-Cars/ros_ws/install/motor_controller:/home/adam/Sensor-Fusion-And-Autonomous-Racing-Cars/ros_ws/install/camera_sensor:/home/adam/Sensor-Fusion-And-Autonomous-Racing-Cars/ros_ws/install/arc_startup:/home/adam/Sensor-Fusion-And-Autonomous-Racing-Cars/ros_ws/install/arc_keyboard_control:/home/adam/Sensor-Fusion-And-Autonomous-Racing-Cars/ros_ws/install/arc_autonomous_ctrl:/opt/ros/foxy LD_LIBRARY_PATH=/home/adam/Sensor-Fusion-And-Autonomous-Racing-Cars/ros_ws/install/image_transport/lib:${LD_LIBRARY_PATH} /usr/bin/cmake --install /home/adam/Sensor-Fusion-And-Autonomous-Racing-Cars/ros_ws/build/compressed_depth_image_transport
[481.770s] Level 1:colcon.colcon_core.environment:checking '/home/adam/Sensor-Fusion-And-Autonomous-Racing-Cars/ros_ws/install/compressed_depth_image_transport' for CMake module files
[481.774s] Level 1:colcon.colcon_core.environment:checking '/home/adam/Sensor-Fusion-And-Autonomous-Racing-Cars/ros_ws/install/compressed_depth_image_transport' for CMake config files
[481.777s] Level 1:colcon.colcon_core.shell:create_environment_hook('compressed_depth_image_transport', 'cmake_prefix_path')
[482.271s] INFO:colcon.colcon_core.shell:Creating environment hook '/home/adam/Sensor-Fusion-And-Autonomous-Racing-Cars/ros_ws/install/compressed_depth_image_transport/share/compressed_depth_image_transport/hook/cmake_prefix_path.ps1'
[482.274s] INFO:colcon.colcon_core.shell:Creating environment descriptor '/home/adam/Sensor-Fusion-And-Autonomous-Racing-Cars/ros_ws/install/compressed_depth_image_transport/share/compressed_depth_image_transport/hook/cmake_prefix_path.dsv'
[482.276s] INFO:colcon.colcon_core.shell:Creating environment hook '/home/adam/Sensor-Fusion-And-Autonomous-Racing-Cars/ros_ws/install/compressed_depth_image_transport/share/compressed_depth_image_transport/hook/cmake_prefix_path.sh'
[482.280s] Level 1:colcon.colcon_core.environment:checking '/home/adam/Sensor-Fusion-And-Autonomous-Racing-Cars/ros_ws/install/compressed_depth_image_transport/lib'
[482.280s] Level 1:colcon.colcon_core.shell:create_environment_hook('compressed_depth_image_transport', 'ld_library_path_lib')
[482.688s] INFO:colcon.colcon_core.shell:Creating environment hook '/home/adam/Sensor-Fusion-And-Autonomous-Racing-Cars/ros_ws/install/compressed_depth_image_transport/share/compressed_depth_image_transport/hook/ld_library_path_lib.ps1'
[482.691s] INFO:colcon.colcon_core.shell:Creating environment descriptor '/home/adam/Sensor-Fusion-And-Autonomous-Racing-Cars/ros_ws/install/compressed_depth_image_transport/share/compressed_depth_image_transport/hook/ld_library_path_lib.dsv'
[482.695s] INFO:colcon.colcon_core.shell:Creating environment hook '/home/adam/Sensor-Fusion-And-Autonomous-Racing-Cars/ros_ws/install/compressed_depth_image_transport/share/compressed_depth_image_transport/hook/ld_library_path_lib.sh'
[482.699s] Level 1:colcon.colcon_core.environment:checking '/home/adam/Sensor-Fusion-And-Autonomous-Racing-Cars/ros_ws/install/compressed_depth_image_transport/bin'
[482.700s] Level 1:colcon.colcon_core.environment:checking '/home/adam/Sensor-Fusion-And-Autonomous-Racing-Cars/ros_ws/install/compressed_depth_image_transport/lib/pkgconfig/compressed_depth_image_transport.pc'
[482.702s] Level 1:colcon.colcon_core.environment:checking '/home/adam/Sensor-Fusion-And-Autonomous-Racing-Cars/ros_ws/install/compressed_depth_image_transport/lib/python3.8/site-packages'
[482.704s] Level 1:colcon.colcon_core.environment:checking '/home/adam/Sensor-Fusion-And-Autonomous-Racing-Cars/ros_ws/install/compressed_depth_image_transport/bin'
[483.187s] INFO:colcon.colcon_core.shell:Creating package script '/home/adam/Sensor-Fusion-And-Autonomous-Racing-Cars/ros_ws/install/compressed_depth_image_transport/share/compressed_depth_image_transport/package.ps1'
[483.193s] INFO:colcon.colcon_core.shell:Creating package descriptor '/home/adam/Sensor-Fusion-And-Autonomous-Racing-Cars/ros_ws/install/compressed_depth_image_transport/share/compressed_depth_image_transport/package.dsv'
[483.198s] INFO:colcon.colcon_core.shell:Creating package script '/home/adam/Sensor-Fusion-And-Autonomous-Racing-Cars/ros_ws/install/compressed_depth_image_transport/share/compressed_depth_image_transport/package.sh'
[483.202s] INFO:colcon.colcon_core.shell:Creating package script '/home/adam/Sensor-Fusion-And-Autonomous-Racing-Cars/ros_ws/install/compressed_depth_image_transport/share/compressed_depth_image_transport/package.bash'
[483.206s] INFO:colcon.colcon_core.shell:Creating package script '/home/adam/Sensor-Fusion-And-Autonomous-Racing-Cars/ros_ws/install/compressed_depth_image_transport/share/compressed_depth_image_transport/package.zsh'
[483.209s] Level 1:colcon.colcon_core.environment:create_file_with_runtime_dependencies(/home/adam/Sensor-Fusion-And-Autonomous-Racing-Cars/ros_ws/install/compressed_depth_image_transport/share/colcon-core/packages/compressed_depth_image_transport)
[484.033s] Level 1:colcon.colcon_core.environment:create_environment_scripts_only(compressed_depth_image_transport)
[484.513s] Level 1:colcon.colcon_core.environment:checking '/home/adam/Sensor-Fusion-And-Autonomous-Racing-Cars/ros_ws/install/compressed_depth_image_transport' for CMake module files
[484.520s] Level 1:colcon.colcon_core.environment:checking '/home/adam/Sensor-Fusion-And-Autonomous-Racing-Cars/ros_ws/install/compressed_depth_image_transport' for CMake config files
[484.525s] Level 1:colcon.colcon_core.shell:create_environment_hook('compressed_depth_image_transport', 'cmake_prefix_path')
[484.933s] INFO:colcon.colcon_core.shell:Creating environment hook '/home/adam/Sensor-Fusion-And-Autonomous-Racing-Cars/ros_ws/install/compressed_depth_image_transport/share/compressed_depth_image_transport/hook/cmake_prefix_path.ps1'
[484.937s] INFO:colcon.colcon_core.shell:Creating environment descriptor '/home/adam/Sensor-Fusion-And-Autonomous-Racing-Cars/ros_ws/install/compressed_depth_image_transport/share/compressed_depth_image_transport/hook/cmake_prefix_path.dsv'
[484.940s] INFO:colcon.colcon_core.shell:Creating environment hook '/home/adam/Sensor-Fusion-And-Autonomous-Racing-Cars/ros_ws/install/compressed_depth_image_transport/share/compressed_depth_image_transport/hook/cmake_prefix_path.sh'
[484.945s] Level 1:colcon.colcon_core.environment:checking '/home/adam/Sensor-Fusion-And-Autonomous-Racing-Cars/ros_ws/install/compressed_depth_image_transport/lib'
[484.946s] Level 1:colcon.colcon_core.shell:create_environment_hook('compressed_depth_image_transport', 'ld_library_path_lib')
[485.345s] INFO:colcon.colcon_core.shell:Creating environment hook '/home/adam/Sensor-Fusion-And-Autonomous-Racing-Cars/ros_ws/install/compressed_depth_image_transport/share/compressed_depth_image_transport/hook/ld_library_path_lib.ps1'
[485.349s] INFO:colcon.colcon_core.shell:Creating environment descriptor '/home/adam/Sensor-Fusion-And-Autonomous-Racing-Cars/ros_ws/install/compressed_depth_image_transport/share/compressed_depth_image_transport/hook/ld_library_path_lib.dsv'
[485.352s] INFO:colcon.colcon_core.shell:Creating environment hook '/home/adam/Sensor-Fusion-And-Autonomous-Racing-Cars/ros_ws/install/compressed_depth_image_transport/share/compressed_depth_image_transport/hook/ld_library_path_lib.sh'
[485.356s] Level 1:colcon.colcon_core.environment:checking '/home/adam/Sensor-Fusion-And-Autonomous-Racing-Cars/ros_ws/install/compressed_depth_image_transport/bin'
[485.357s] Level 1:colcon.colcon_core.environment:checking '/home/adam/Sensor-Fusion-And-Autonomous-Racing-Cars/ros_ws/install/compressed_depth_image_transport/lib/pkgconfig/compressed_depth_image_transport.pc'
[485.359s] Level 1:colcon.colcon_core.environment:checking '/home/adam/Sensor-Fusion-And-Autonomous-Racing-Cars/ros_ws/install/compressed_depth_image_transport/lib/python3.8/site-packages'
[485.361s] Level 1:colcon.colcon_core.environment:checking '/home/adam/Sensor-Fusion-And-Autonomous-Racing-Cars/ros_ws/install/compressed_depth_image_transport/bin'
[485.735s] INFO:colcon.colcon_core.shell:Creating package script '/home/adam/Sensor-Fusion-And-Autonomous-Racing-Cars/ros_ws/install/compressed_depth_image_transport/share/compressed_depth_image_transport/package.ps1'
[485.740s] INFO:colcon.colcon_core.shell:Creating package descriptor '/home/adam/Sensor-Fusion-And-Autonomous-Racing-Cars/ros_ws/install/compressed_depth_image_transport/share/compressed_depth_image_transport/package.dsv'
[485.745s] INFO:colcon.colcon_core.shell:Creating package script '/home/adam/Sensor-Fusion-And-Autonomous-Racing-Cars/ros_ws/install/compressed_depth_image_transport/share/compressed_depth_image_transport/package.sh'
[485.750s] INFO:colcon.colcon_core.shell:Creating package script '/home/adam/Sensor-Fusion-And-Autonomous-Racing-Cars/ros_ws/install/compressed_depth_image_transport/share/compressed_depth_image_transport/package.bash'
[485.753s] INFO:colcon.colcon_core.shell:Creating package script '/home/adam/Sensor-Fusion-And-Autonomous-Racing-Cars/ros_ws/install/compressed_depth_image_transport/share/compressed_depth_image_transport/package.zsh'
[485.757s] Level 1:colcon.colcon_core.environment:create_file_with_runtime_dependencies(/home/adam/Sensor-Fusion-And-Autonomous-Racing-Cars/ros_ws/install/compressed_depth_image_transport/share/colcon-core/packages/compressed_depth_image_transport)
[485.765s] INFO:colcon.colcon_ros.task.ament_cmake.build:Building ROS package in '/home/adam/Sensor-Fusion-And-Autonomous-Racing-Cars/ros_ws/src/v4l2_camera' with build type 'ament_cmake'
[485.767s] INFO:colcon.colcon_cmake.task.cmake.build:Building CMake package in '/home/adam/Sensor-Fusion-And-Autonomous-Racing-Cars/ros_ws/src/v4l2_camera'
[486.159s] INFO:colcon.colcon_core.shell:Skip shell extension 'powershell' for command environment: Not usable outside of PowerShell
[486.160s] DEBUG:colcon.colcon_core.shell:Skip shell extension 'dsv' for command environment
[487.518s] DEBUG:colcon.colcon_core.event_handler.log_command:Invoking command in '/home/adam/Sensor-Fusion-And-Autonomous-Racing-Cars/ros_ws/build/v4l2_camera': AMENT_PREFIX_PATH=/home/adam/Sensor-Fusion-And-Autonomous-Racing-Cars/ros_ws/install/camera_info_manager:/home/adam/Sensor-Fusion-And-Autonomous-Racing-Cars/ros_ws/install/image_transport:/home/adam/Sensor-Fusion-And-Autonomous-Racing-Cars/ros_ws/install/camera_calibration_parsers:${AMENT_PREFIX_PATH} CMAKE_PREFIX_PATH=/home/adam/Sensor-Fusion-And-Autonomous-Racing-Cars/ros_ws/install/camera_info_manager:/home/adam/Sensor-Fusion-And-Autonomous-Racing-Cars/ros_ws/install/image_transport:/home/adam/Sensor-Fusion-And-Autonomous-Racing-Cars/ros_ws/install/camera_calibration_parsers:/home/adam/Sensor-Fusion-And-Autonomous-Racing-Cars/ros_ws/install/vesc:/home/adam/Sensor-Fusion-And-Autonomous-Racing-Cars/ros_ws/install/vesc_driver:/home/adam/Sensor-Fusion-And-Autonomous-Racing-Cars/ros_ws/install/vesc_ackermann:/home/adam/Sensor-Fusion-And-Autonomous-Racing-Cars/ros_ws/install/vesc_msgs:/home/adam/Sensor-Fusion-And-Autonomous-Racing-Cars/ros_ws/install/v4l2_camera:/home/adam/Sensor-Fusion-And-Autonomous-Racing-Cars/ros_ws/install/udp_driver:/home/adam/Sensor-Fusion-And-Autonomous-Racing-Cars/ros_ws/install/image_transport_plugins:/home/adam/Sensor-Fusion-And-Autonomous-Racing-Cars/ros_ws/install/theora_image_transport:/home/adam/Sensor-Fusion-And-Autonomous-Racing-Cars/ros_ws/install/serial_driver:/home/adam/Sensor-Fusion-And-Autonomous-Racing-Cars/ros_ws/install/ldlidar_ros2:/home/adam/Sensor-Fusion-And-Autonomous-Racing-Cars/ros_ws/install/io_context:/home/adam/Sensor-Fusion-And-Autonomous-Racing-Cars/ros_ws/install/compressed_image_transport:/home/adam/Sensor-Fusion-And-Autonomous-Racing-Cars/ros_ws/install/compressed_depth_image_transport:/home/adam/Sensor-Fusion-And-Autonomous-Racing-Cars/ros_ws/install/asio_cmake_module:/home/adam/Sensor-Fusion-And-Autonomous-Racing-Cars/ros_ws/install/steering_test_pkg:/home/adam/Sensor-Fusion-And-Autonomous-Racing-Cars/ros_ws/install/servo_controller:/home/adam/Sensor-Fusion-And-Autonomous-Racing-Cars/ros_ws/install/motor_controller:/home/adam/Sensor-Fusion-And-Autonomous-Racing-Cars/ros_ws/install/camera_sensor:/home/adam/Sensor-Fusion-And-Autonomous-Racing-Cars/ros_ws/install/arc_startup:/home/adam/Sensor-Fusion-And-Autonomous-Racing-Cars/ros_ws/install/arc_keyboard_control:/home/adam/Sensor-Fusion-And-Autonomous-Racing-Cars/ros_ws/install/arc_autonomous_ctrl:/opt/ros/foxy LD_LIBRARY_PATH=/home/adam/Sensor-Fusion-And-Autonomous-Racing-Cars/ros_ws/install/camera_info_manager/lib:/home/adam/Sensor-Fusion-And-Autonomous-Racing-Cars/ros_ws/install/image_transport/lib:/home/adam/Sensor-Fusion-And-Autonomous-Racing-Cars/ros_ws/install/camera_calibration_parsers/lib:${LD_LIBRARY_PATH} /usr/bin/cmake /home/adam/Sensor-Fusion-And-Autonomous-Racing-Cars/ros_ws/src/v4l2_camera -DCMAKE_INSTALL_PREFIX=/home/adam/Sensor-Fusion-And-Autonomous-Racing-Cars/ros_ws/install/v4l2_camera
[488.259s] DEBUG:colcon.colcon_core.event_handler.log_command:Invoked command in '/home/adam/Sensor-Fusion-And-Autonomous-Racing-Cars/ros_ws/build/image_common' returned '0': AMENT_PREFIX_PATH=/home/adam/Sensor-Fusion-And-Autonomous-Racing-Cars/ros_ws/install/camera_info_manager:/home/adam/Sensor-Fusion-And-Autonomous-Racing-Cars/ros_ws/install/image_transport:/home/adam/Sensor-Fusion-And-Autonomous-Racing-Cars/ros_ws/install/camera_calibration_parsers:${AMENT_PREFIX_PATH} CMAKE_PREFIX_PATH=/home/adam/Sensor-Fusion-And-Autonomous-Racing-Cars/ros_ws/install/camera_info_manager:/home/adam/Sensor-Fusion-And-Autonomous-Racing-Cars/ros_ws/install/image_transport:/home/adam/Sensor-Fusion-And-Autonomous-Racing-Cars/ros_ws/install/camera_calibration_parsers:/home/adam/Sensor-Fusion-And-Autonomous-Racing-Cars/ros_ws/install/vesc:/home/adam/Sensor-Fusion-And-Autonomous-Racing-Cars/ros_ws/install/vesc_driver:/home/adam/Sensor-Fusion-And-Autonomous-Racing-Cars/ros_ws/install/vesc_ackermann:/home/adam/Sensor-Fusion-And-Autonomous-Racing-Cars/ros_ws/install/vesc_msgs:/home/adam/Sensor-Fusion-And-Autonomous-Racing-Cars/ros_ws/install/v4l2_camera:/home/adam/Sensor-Fusion-And-Autonomous-Racing-Cars/ros_ws/install/udp_driver:/home/adam/Sensor-Fusion-And-Autonomous-Racing-Cars/ros_ws/install/image_transport_plugins:/home/adam/Sensor-Fusion-And-Autonomous-Racing-Cars/ros_ws/install/theora_image_transport:/home/adam/Sensor-Fusion-And-Autonomous-Racing-Cars/ros_ws/install/serial_driver:/home/adam/Sensor-Fusion-And-Autonomous-Racing-Cars/ros_ws/install/ldlidar_ros2:/home/adam/Sensor-Fusion-And-Autonomous-Racing-Cars/ros_ws/install/io_context:/home/adam/Sensor-Fusion-And-Autonomous-Racing-Cars/ros_ws/install/compressed_image_transport:/home/adam/Sensor-Fusion-And-Autonomous-Racing-Cars/ros_ws/install/compressed_depth_image_transport:/home/adam/Sensor-Fusion-And-Autonomous-Racing-Cars/ros_ws/install/asio_cmake_module:/home/adam/Sensor-Fusion-And-Autonomous-Racing-Cars/ros_ws/install/steering_test_pkg:/home/adam/Sensor-Fusion-And-Autonomous-Racing-Cars/ros_ws/install/servo_controller:/home/adam/Sensor-Fusion-And-Autonomous-Racing-Cars/ros_ws/install/motor_controller:/home/adam/Sensor-Fusion-And-Autonomous-Racing-Cars/ros_ws/install/camera_sensor:/home/adam/Sensor-Fusion-And-Autonomous-Racing-Cars/ros_ws/install/arc_startup:/home/adam/Sensor-Fusion-And-Autonomous-Racing-Cars/ros_ws/install/arc_keyboard_control:/home/adam/Sensor-Fusion-And-Autonomous-Racing-Cars/ros_ws/install/arc_autonomous_ctrl:/opt/ros/foxy LD_LIBRARY_PATH=/home/adam/Sensor-Fusion-And-Autonomous-Racing-Cars/ros_ws/install/camera_info_manager/lib:/home/adam/Sensor-Fusion-And-Autonomous-Racing-Cars/ros_ws/install/image_transport/lib:/home/adam/Sensor-Fusion-And-Autonomous-Racing-Cars/ros_ws/install/camera_calibration_parsers/lib:${LD_LIBRARY_PATH} /usr/bin/cmake /home/adam/Sensor-Fusion-And-Autonomous-Racing-Cars/ros_ws/src/image_common/image_common -DCMAKE_INSTALL_PREFIX=/home/adam/Sensor-Fusion-And-Autonomous-Racing-Cars/ros_ws/install/image_common
[488.273s] DEBUG:colcon.colcon_core.event_handler.log_command:Invoking command in '/home/adam/Sensor-Fusion-And-Autonomous-Racing-Cars/ros_ws/build/image_common': AMENT_PREFIX_PATH=/home/adam/Sensor-Fusion-And-Autonomous-Racing-Cars/ros_ws/install/camera_info_manager:/home/adam/Sensor-Fusion-And-Autonomous-Racing-Cars/ros_ws/install/image_transport:/home/adam/Sensor-Fusion-And-Autonomous-Racing-Cars/ros_ws/install/camera_calibration_parsers:${AMENT_PREFIX_PATH} CMAKE_PREFIX_PATH=/home/adam/Sensor-Fusion-And-Autonomous-Racing-Cars/ros_ws/install/camera_info_manager:/home/adam/Sensor-Fusion-And-Autonomous-Racing-Cars/ros_ws/install/image_transport:/home/adam/Sensor-Fusion-And-Autonomous-Racing-Cars/ros_ws/install/camera_calibration_parsers:/home/adam/Sensor-Fusion-And-Autonomous-Racing-Cars/ros_ws/install/vesc:/home/adam/Sensor-Fusion-And-Autonomous-Racing-Cars/ros_ws/install/vesc_driver:/home/adam/Sensor-Fusion-And-Autonomous-Racing-Cars/ros_ws/install/vesc_ackermann:/home/adam/Sensor-Fusion-And-Autonomous-Racing-Cars/ros_ws/install/vesc_msgs:/home/adam/Sensor-Fusion-And-Autonomous-Racing-Cars/ros_ws/install/v4l2_camera:/home/adam/Sensor-Fusion-And-Autonomous-Racing-Cars/ros_ws/install/udp_driver:/home/adam/Sensor-Fusion-And-Autonomous-Racing-Cars/ros_ws/install/image_transport_plugins:/home/adam/Sensor-Fusion-And-Autonomous-Racing-Cars/ros_ws/install/theora_image_transport:/home/adam/Sensor-Fusion-And-Autonomous-Racing-Cars/ros_ws/install/serial_driver:/home/adam/Sensor-Fusion-And-Autonomous-Racing-Cars/ros_ws/install/ldlidar_ros2:/home/adam/Sensor-Fusion-And-Autonomous-Racing-Cars/ros_ws/install/io_context:/home/adam/Sensor-Fusion-And-Autonomous-Racing-Cars/ros_ws/install/compressed_image_transport:/home/adam/Sensor-Fusion-And-Autonomous-Racing-Cars/ros_ws/install/compressed_depth_image_transport:/home/adam/Sensor-Fusion-And-Autonomous-Racing-Cars/ros_ws/install/asio_cmake_module:/home/adam/Sensor-Fusion-And-Autonomous-Racing-Cars/ros_ws/install/steering_test_pkg:/home/adam/Sensor-Fusion-And-Autonomous-Racing-Cars/ros_ws/install/servo_controller:/home/adam/Sensor-Fusion-And-Autonomous-Racing-Cars/ros_ws/install/motor_controller:/home/adam/Sensor-Fusion-And-Autonomous-Racing-Cars/ros_ws/install/camera_sensor:/home/adam/Sensor-Fusion-And-Autonomous-Racing-Cars/ros_ws/install/arc_startup:/home/adam/Sensor-Fusion-And-Autonomous-Racing-Cars/ros_ws/install/arc_keyboard_control:/home/adam/Sensor-Fusion-And-Autonomous-Racing-Cars/ros_ws/install/arc_autonomous_ctrl:/opt/ros/foxy LD_LIBRARY_PATH=/home/adam/Sensor-Fusion-And-Autonomous-Racing-Cars/ros_ws/install/camera_info_manager/lib:/home/adam/Sensor-Fusion-And-Autonomous-Racing-Cars/ros_ws/install/image_transport/lib:/home/adam/Sensor-Fusion-And-Autonomous-Racing-Cars/ros_ws/install/camera_calibration_parsers/lib:${LD_LIBRARY_PATH} /usr/bin/cmake --build /home/adam/Sensor-Fusion-And-Autonomous-Racing-Cars/ros_ws/build/image_common -- -j4 -l4
[488.625s] DEBUG:colcon.colcon_core.event_handler.log_command:Invoked command in '/home/adam/Sensor-Fusion-And-Autonomous-Racing-Cars/ros_ws/build/image_common' returned '0': AMENT_PREFIX_PATH=/home/adam/Sensor-Fusion-And-Autonomous-Racing-Cars/ros_ws/install/camera_info_manager:/home/adam/Sensor-Fusion-And-Autonomous-Racing-Cars/ros_ws/install/image_transport:/home/adam/Sensor-Fusion-And-Autonomous-Racing-Cars/ros_ws/install/camera_calibration_parsers:${AMENT_PREFIX_PATH} CMAKE_PREFIX_PATH=/home/adam/Sensor-Fusion-And-Autonomous-Racing-Cars/ros_ws/install/camera_info_manager:/home/adam/Sensor-Fusion-And-Autonomous-Racing-Cars/ros_ws/install/image_transport:/home/adam/Sensor-Fusion-And-Autonomous-Racing-Cars/ros_ws/install/camera_calibration_parsers:/home/adam/Sensor-Fusion-And-Autonomous-Racing-Cars/ros_ws/install/vesc:/home/adam/Sensor-Fusion-And-Autonomous-Racing-Cars/ros_ws/install/vesc_driver:/home/adam/Sensor-Fusion-And-Autonomous-Racing-Cars/ros_ws/install/vesc_ackermann:/home/adam/Sensor-Fusion-And-Autonomous-Racing-Cars/ros_ws/install/vesc_msgs:/home/adam/Sensor-Fusion-And-Autonomous-Racing-Cars/ros_ws/install/v4l2_camera:/home/adam/Sensor-Fusion-And-Autonomous-Racing-Cars/ros_ws/install/udp_driver:/home/adam/Sensor-Fusion-And-Autonomous-Racing-Cars/ros_ws/install/image_transport_plugins:/home/adam/Sensor-Fusion-And-Autonomous-Racing-Cars/ros_ws/install/theora_image_transport:/home/adam/Sensor-Fusion-And-Autonomous-Racing-Cars/ros_ws/install/serial_driver:/home/adam/Sensor-Fusion-And-Autonomous-Racing-Cars/ros_ws/install/ldlidar_ros2:/home/adam/Sensor-Fusion-And-Autonomous-Racing-Cars/ros_ws/install/io_context:/home/adam/Sensor-Fusion-And-Autonomous-Racing-Cars/ros_ws/install/compressed_image_transport:/home/adam/Sensor-Fusion-And-Autonomous-Racing-Cars/ros_ws/install/compressed_depth_image_transport:/home/adam/Sensor-Fusion-And-Autonomous-Racing-Cars/ros_ws/install/asio_cmake_module:/home/adam/Sensor-Fusion-And-Autonomous-Racing-Cars/ros_ws/install/steering_test_pkg:/home/adam/Sensor-Fusion-And-Autonomous-Racing-Cars/ros_ws/install/servo_controller:/home/adam/Sensor-Fusion-And-Autonomous-Racing-Cars/ros_ws/install/motor_controller:/home/adam/Sensor-Fusion-And-Autonomous-Racing-Cars/ros_ws/install/camera_sensor:/home/adam/Sensor-Fusion-And-Autonomous-Racing-Cars/ros_ws/install/arc_startup:/home/adam/Sensor-Fusion-And-Autonomous-Racing-Cars/ros_ws/install/arc_keyboard_control:/home/adam/Sensor-Fusion-And-Autonomous-Racing-Cars/ros_ws/install/arc_autonomous_ctrl:/opt/ros/foxy LD_LIBRARY_PATH=/home/adam/Sensor-Fusion-And-Autonomous-Racing-Cars/ros_ws/install/camera_info_manager/lib:/home/adam/Sensor-Fusion-And-Autonomous-Racing-Cars/ros_ws/install/image_transport/lib:/home/adam/Sensor-Fusion-And-Autonomous-Racing-Cars/ros_ws/install/camera_calibration_parsers/lib:${LD_LIBRARY_PATH} /usr/bin/cmake --build /home/adam/Sensor-Fusion-And-Autonomous-Racing-Cars/ros_ws/build/image_common -- -j4 -l4
[488.879s] DEBUG:colcon.colcon_core.event_handler.log_command:Invoking command in '/home/adam/Sensor-Fusion-And-Autonomous-Racing-Cars/ros_ws/build/image_common': AMENT_PREFIX_PATH=/home/adam/Sensor-Fusion-And-Autonomous-Racing-Cars/ros_ws/install/camera_info_manager:/home/adam/Sensor-Fusion-And-Autonomous-Racing-Cars/ros_ws/install/image_transport:/home/adam/Sensor-Fusion-And-Autonomous-Racing-Cars/ros_ws/install/camera_calibration_parsers:${AMENT_PREFIX_PATH} CMAKE_PREFIX_PATH=/home/adam/Sensor-Fusion-And-Autonomous-Racing-Cars/ros_ws/install/camera_info_manager:/home/adam/Sensor-Fusion-And-Autonomous-Racing-Cars/ros_ws/install/image_transport:/home/adam/Sensor-Fusion-And-Autonomous-Racing-Cars/ros_ws/install/camera_calibration_parsers:/home/adam/Sensor-Fusion-And-Autonomous-Racing-Cars/ros_ws/install/vesc:/home/adam/Sensor-Fusion-And-Autonomous-Racing-Cars/ros_ws/install/vesc_driver:/home/adam/Sensor-Fusion-And-Autonomous-Racing-Cars/ros_ws/install/vesc_ackermann:/home/adam/Sensor-Fusion-And-Autonomous-Racing-Cars/ros_ws/install/vesc_msgs:/home/adam/Sensor-Fusion-And-Autonomous-Racing-Cars/ros_ws/install/v4l2_camera:/home/adam/Sensor-Fusion-And-Autonomous-Racing-Cars/ros_ws/install/udp_driver:/home/adam/Sensor-Fusion-And-Autonomous-Racing-Cars/ros_ws/install/image_transport_plugins:/home/adam/Sensor-Fusion-And-Autonomous-Racing-Cars/ros_ws/install/theora_image_transport:/home/adam/Sensor-Fusion-And-Autonomous-Racing-Cars/ros_ws/install/serial_driver:/home/adam/Sensor-Fusion-And-Autonomous-Racing-Cars/ros_ws/install/ldlidar_ros2:/home/adam/Sensor-Fusion-And-Autonomous-Racing-Cars/ros_ws/install/io_context:/home/adam/Sensor-Fusion-And-Autonomous-Racing-Cars/ros_ws/install/compressed_image_transport:/home/adam/Sensor-Fusion-And-Autonomous-Racing-Cars/ros_ws/install/compressed_depth_image_transport:/home/adam/Sensor-Fusion-And-Autonomous-Racing-Cars/ros_ws/install/asio_cmake_module:/home/adam/Sensor-Fusion-And-Autonomous-Racing-Cars/ros_ws/install/steering_test_pkg:/home/adam/Sensor-Fusion-And-Autonomous-Racing-Cars/ros_ws/install/servo_controller:/home/adam/Sensor-Fusion-And-Autonomous-Racing-Cars/ros_ws/install/motor_controller:/home/adam/Sensor-Fusion-And-Autonomous-Racing-Cars/ros_ws/install/camera_sensor:/home/adam/Sensor-Fusion-And-Autonomous-Racing-Cars/ros_ws/install/arc_startup:/home/adam/Sensor-Fusion-And-Autonomous-Racing-Cars/ros_ws/install/arc_keyboard_control:/home/adam/Sensor-Fusion-And-Autonomous-Racing-Cars/ros_ws/install/arc_autonomous_ctrl:/opt/ros/foxy LD_LIBRARY_PATH=/home/adam/Sensor-Fusion-And-Autonomous-Racing-Cars/ros_ws/install/camera_info_manager/lib:/home/adam/Sensor-Fusion-And-Autonomous-Racing-Cars/ros_ws/install/image_transport/lib:/home/adam/Sensor-Fusion-And-Autonomous-Racing-Cars/ros_ws/install/camera_calibration_parsers/lib:${LD_LIBRARY_PATH} /usr/bin/cmake --install /home/adam/Sensor-Fusion-And-Autonomous-Racing-Cars/ros_ws/build/image_common
[489.056s] Level 1:colcon.colcon_core.environment:create_environment_scripts_only(image_common)
[489.065s] DEBUG:colcon.colcon_core.event_handler.log_command:Invoked command in '/home/adam/Sensor-Fusion-And-Autonomous-Racing-Cars/ros_ws/build/image_common' returned '0': AMENT_PREFIX_PATH=/home/adam/Sensor-Fusion-And-Autonomous-Racing-Cars/ros_ws/install/camera_info_manager:/home/adam/Sensor-Fusion-And-Autonomous-Racing-Cars/ros_ws/install/image_transport:/home/adam/Sensor-Fusion-And-Autonomous-Racing-Cars/ros_ws/install/camera_calibration_parsers:${AMENT_PREFIX_PATH} CMAKE_PREFIX_PATH=/home/adam/Sensor-Fusion-And-Autonomous-Racing-Cars/ros_ws/install/camera_info_manager:/home/adam/Sensor-Fusion-And-Autonomous-Racing-Cars/ros_ws/install/image_transport:/home/adam/Sensor-Fusion-And-Autonomous-Racing-Cars/ros_ws/install/camera_calibration_parsers:/home/adam/Sensor-Fusion-And-Autonomous-Racing-Cars/ros_ws/install/vesc:/home/adam/Sensor-Fusion-And-Autonomous-Racing-Cars/ros_ws/install/vesc_driver:/home/adam/Sensor-Fusion-And-Autonomous-Racing-Cars/ros_ws/install/vesc_ackermann:/home/adam/Sensor-Fusion-And-Autonomous-Racing-Cars/ros_ws/install/vesc_msgs:/home/adam/Sensor-Fusion-And-Autonomous-Racing-Cars/ros_ws/install/v4l2_camera:/home/adam/Sensor-Fusion-And-Autonomous-Racing-Cars/ros_ws/install/udp_driver:/home/adam/Sensor-Fusion-And-Autonomous-Racing-Cars/ros_ws/install/image_transport_plugins:/home/adam/Sensor-Fusion-And-Autonomous-Racing-Cars/ros_ws/install/theora_image_transport:/home/adam/Sensor-Fusion-And-Autonomous-Racing-Cars/ros_ws/install/serial_driver:/home/adam/Sensor-Fusion-And-Autonomous-Racing-Cars/ros_ws/install/ldlidar_ros2:/home/adam/Sensor-Fusion-And-Autonomous-Racing-Cars/ros_ws/install/io_context:/home/adam/Sensor-Fusion-And-Autonomous-Racing-Cars/ros_ws/install/compressed_image_transport:/home/adam/Sensor-Fusion-And-Autonomous-Racing-Cars/ros_ws/install/compressed_depth_image_transport:/home/adam/Sensor-Fusion-And-Autonomous-Racing-Cars/ros_ws/install/asio_cmake_module:/home/adam/Sensor-Fusion-And-Autonomous-Racing-Cars/ros_ws/install/steering_test_pkg:/home/adam/Sensor-Fusion-And-Autonomous-Racing-Cars/ros_ws/install/servo_controller:/home/adam/Sensor-Fusion-And-Autonomous-Racing-Cars/ros_ws/install/motor_controller:/home/adam/Sensor-Fusion-And-Autonomous-Racing-Cars/ros_ws/install/camera_sensor:/home/adam/Sensor-Fusion-And-Autonomous-Racing-Cars/ros_ws/install/arc_startup:/home/adam/Sensor-Fusion-And-Autonomous-Racing-Cars/ros_ws/install/arc_keyboard_control:/home/adam/Sensor-Fusion-And-Autonomous-Racing-Cars/ros_ws/install/arc_autonomous_ctrl:/opt/ros/foxy LD_LIBRARY_PATH=/home/adam/Sensor-Fusion-And-Autonomous-Racing-Cars/ros_ws/install/camera_info_manager/lib:/home/adam/Sensor-Fusion-And-Autonomous-Racing-Cars/ros_ws/install/image_transport/lib:/home/adam/Sensor-Fusion-And-Autonomous-Racing-Cars/ros_ws/install/camera_calibration_parsers/lib:${LD_LIBRARY_PATH} /usr/bin/cmake --install /home/adam/Sensor-Fusion-And-Autonomous-Racing-Cars/ros_ws/build/image_common
[489.575s] Level 1:colcon.colcon_core.environment:checking '/home/adam/Sensor-Fusion-And-Autonomous-Racing-Cars/ros_ws/install/image_common' for CMake module files
[489.580s] Level 1:colcon.colcon_core.environment:checking '/home/adam/Sensor-Fusion-And-Autonomous-Racing-Cars/ros_ws/install/image_common' for CMake config files
[489.583s] Level 1:colcon.colcon_core.shell:create_environment_hook('image_common', 'cmake_prefix_path')
[490.048s] INFO:colcon.colcon_core.shell:Creating environment hook '/home/adam/Sensor-Fusion-And-Autonomous-Racing-Cars/ros_ws/install/image_common/share/image_common/hook/cmake_prefix_path.ps1'
[490.051s] INFO:colcon.colcon_core.shell:Creating environment descriptor '/home/adam/Sensor-Fusion-And-Autonomous-Racing-Cars/ros_ws/install/image_common/share/image_common/hook/cmake_prefix_path.dsv'
[490.053s] INFO:colcon.colcon_core.shell:Creating environment hook '/home/adam/Sensor-Fusion-And-Autonomous-Racing-Cars/ros_ws/install/image_common/share/image_common/hook/cmake_prefix_path.sh'
[490.057s] Level 1:colcon.colcon_core.environment:checking '/home/adam/Sensor-Fusion-And-Autonomous-Racing-Cars/ros_ws/install/image_common/bin'
[490.058s] Level 1:colcon.colcon_core.environment:checking '/home/adam/Sensor-Fusion-And-Autonomous-Racing-Cars/ros_ws/install/image_common/lib/pkgconfig/image_common.pc'
[490.060s] Level 1:colcon.colcon_core.environment:checking '/home/adam/Sensor-Fusion-And-Autonomous-Racing-Cars/ros_ws/install/image_common/lib/python3.8/site-packages'
[490.061s] Level 1:colcon.colcon_core.environment:checking '/home/adam/Sensor-Fusion-And-Autonomous-Racing-Cars/ros_ws/install/image_common/bin'
[490.450s] INFO:colcon.colcon_core.shell:Creating package script '/home/adam/Sensor-Fusion-And-Autonomous-Racing-Cars/ros_ws/install/image_common/share/image_common/package.ps1'
[490.453s] INFO:colcon.colcon_core.shell:Creating package descriptor '/home/adam/Sensor-Fusion-And-Autonomous-Racing-Cars/ros_ws/install/image_common/share/image_common/package.dsv'
[490.456s] INFO:colcon.colcon_core.shell:Creating package script '/home/adam/Sensor-Fusion-And-Autonomous-Racing-Cars/ros_ws/install/image_common/share/image_common/package.sh'
[490.459s] INFO:colcon.colcon_core.shell:Creating package script '/home/adam/Sensor-Fusion-And-Autonomous-Racing-Cars/ros_ws/install/image_common/share/image_common/package.bash'
[490.461s] INFO:colcon.colcon_core.shell:Creating package script '/home/adam/Sensor-Fusion-And-Autonomous-Racing-Cars/ros_ws/install/image_common/share/image_common/package.zsh'
[490.464s] Level 1:colcon.colcon_core.environment:create_file_with_runtime_dependencies(/home/adam/Sensor-Fusion-And-Autonomous-Racing-Cars/ros_ws/install/image_common/share/colcon-core/packages/image_common)
[491.238s] Level 1:colcon.colcon_core.environment:create_environment_scripts_only(image_common)
[491.677s] Level 1:colcon.colcon_core.environment:checking '/home/adam/Sensor-Fusion-And-Autonomous-Racing-Cars/ros_ws/install/image_common' for CMake module files
[491.682s] Level 1:colcon.colcon_core.environment:checking '/home/adam/Sensor-Fusion-And-Autonomous-Racing-Cars/ros_ws/install/image_common' for CMake config files
[491.687s] Level 1:colcon.colcon_core.shell:create_environment_hook('image_common', 'cmake_prefix_path')
[492.185s] INFO:colcon.colcon_core.shell:Creating environment hook '/home/adam/Sensor-Fusion-And-Autonomous-Racing-Cars/ros_ws/install/image_common/share/image_common/hook/cmake_prefix_path.ps1'
[492.191s] INFO:colcon.colcon_core.shell:Creating environment descriptor '/home/adam/Sensor-Fusion-And-Autonomous-Racing-Cars/ros_ws/install/image_common/share/image_common/hook/cmake_prefix_path.dsv'
[492.196s] INFO:colcon.colcon_core.shell:Creating environment hook '/home/adam/Sensor-Fusion-And-Autonomous-Racing-Cars/ros_ws/install/image_common/share/image_common/hook/cmake_prefix_path.sh'
[492.204s] Level 1:colcon.colcon_core.environment:checking '/home/adam/Sensor-Fusion-And-Autonomous-Racing-Cars/ros_ws/install/image_common/bin'
[492.205s] Level 1:colcon.colcon_core.environment:checking '/home/adam/Sensor-Fusion-And-Autonomous-Racing-Cars/ros_ws/install/image_common/lib/pkgconfig/image_common.pc'
[492.208s] Level 1:colcon.colcon_core.environment:checking '/home/adam/Sensor-Fusion-And-Autonomous-Racing-Cars/ros_ws/install/image_common/lib/python3.8/site-packages'
[492.210s] Level 1:colcon.colcon_core.environment:checking '/home/adam/Sensor-Fusion-And-Autonomous-Racing-Cars/ros_ws/install/image_common/bin'
[492.648s] INFO:colcon.colcon_core.shell:Creating package script '/home/adam/Sensor-Fusion-And-Autonomous-Racing-Cars/ros_ws/install/image_common/share/image_common/package.ps1'
[492.652s] INFO:colcon.colcon_core.shell:Creating package descriptor '/home/adam/Sensor-Fusion-And-Autonomous-Racing-Cars/ros_ws/install/image_common/share/image_common/package.dsv'
[492.657s] INFO:colcon.colcon_core.shell:Creating package script '/home/adam/Sensor-Fusion-And-Autonomous-Racing-Cars/ros_ws/install/image_common/share/image_common/package.sh'
[492.661s] INFO:colcon.colcon_core.shell:Creating package script '/home/adam/Sensor-Fusion-And-Autonomous-Racing-Cars/ros_ws/install/image_common/share/image_common/package.bash'
[492.665s] INFO:colcon.colcon_core.shell:Creating package script '/home/adam/Sensor-Fusion-And-Autonomous-Racing-Cars/ros_ws/install/image_common/share/image_common/package.zsh'
[492.671s] Level 1:colcon.colcon_core.environment:create_file_with_runtime_dependencies(/home/adam/Sensor-Fusion-And-Autonomous-Racing-Cars/ros_ws/install/image_common/share/colcon-core/packages/image_common)
[492.681s] INFO:colcon.colcon_ros.task.ament_cmake.build:Building ROS package in '/home/adam/Sensor-Fusion-And-Autonomous-Racing-Cars/ros_ws/src/vesc_driver/vesc' with build type 'ament_cmake'
[492.684s] INFO:colcon.colcon_cmake.task.cmake.build:Building CMake package in '/home/adam/Sensor-Fusion-And-Autonomous-Racing-Cars/ros_ws/src/vesc_driver/vesc'
[493.155s] INFO:colcon.colcon_core.shell:Skip shell extension 'powershell' for command environment: Not usable outside of PowerShell
[493.156s] DEBUG:colcon.colcon_core.shell:Skip shell extension 'dsv' for command environment
[494.427s] DEBUG:colcon.colcon_core.event_handler.log_command:Invoking command in '/home/adam/Sensor-Fusion-And-Autonomous-Racing-Cars/ros_ws/build/vesc': CMAKE_PREFIX_PATH=/home/adam/Sensor-Fusion-And-Autonomous-Racing-Cars/ros_ws/install/vesc_driver:/home/adam/Sensor-Fusion-And-Autonomous-Racing-Cars/ros_ws/install/serial_driver:/home/adam/Sensor-Fusion-And-Autonomous-Racing-Cars/ros_ws/install/vesc_ackermann:/home/adam/Sensor-Fusion-And-Autonomous-Racing-Cars/ros_ws/install/io_context:/home/adam/Sensor-Fusion-And-Autonomous-Racing-Cars/ros_ws/install/vesc_msgs:/home/adam/Sensor-Fusion-And-Autonomous-Racing-Cars/ros_ws/install/vesc:/home/adam/Sensor-Fusion-And-Autonomous-Racing-Cars/ros_ws/install/v4l2_camera:/home/adam/Sensor-Fusion-And-Autonomous-Racing-Cars/ros_ws/install/udp_driver:/home/adam/Sensor-Fusion-And-Autonomous-Racing-Cars/ros_ws/install/image_transport_plugins:/home/adam/Sensor-Fusion-And-Autonomous-Racing-Cars/ros_ws/install/theora_image_transport:/home/adam/Sensor-Fusion-And-Autonomous-Racing-Cars/ros_ws/install/ldlidar_ros2:/home/adam/Sensor-Fusion-And-Autonomous-Racing-Cars/ros_ws/install/compressed_image_transport:/home/adam/Sensor-Fusion-And-Autonomous-Racing-Cars/ros_ws/install/compressed_depth_image_transport:/home/adam/Sensor-Fusion-And-Autonomous-Racing-Cars/ros_ws/install/asio_cmake_module:/home/adam/Sensor-Fusion-And-Autonomous-Racing-Cars/ros_ws/install/steering_test_pkg:/home/adam/Sensor-Fusion-And-Autonomous-Racing-Cars/ros_ws/install/servo_controller:/home/adam/Sensor-Fusion-And-Autonomous-Racing-Cars/ros_ws/install/motor_controller:/home/adam/Sensor-Fusion-And-Autonomous-Racing-Cars/ros_ws/install/camera_sensor:/home/adam/Sensor-Fusion-And-Autonomous-Racing-Cars/ros_ws/install/arc_startup:/home/adam/Sensor-Fusion-And-Autonomous-Racing-Cars/ros_ws/install/arc_keyboard_control:/home/adam/Sensor-Fusion-And-Autonomous-Racing-Cars/ros_ws/install/arc_autonomous_ctrl:/opt/ros/foxy LD_LIBRARY_PATH=/home/adam/Sensor-Fusion-And-Autonomous-Racing-Cars/ros_ws/install/vesc_driver/lib:/home/adam/Sensor-Fusion-And-Autonomous-Racing-Cars/ros_ws/install/serial_driver/lib:/home/adam/Sensor-Fusion-And-Autonomous-Racing-Cars/ros_ws/install/vesc_ackermann/lib:/home/adam/Sensor-Fusion-And-Autonomous-Racing-Cars/ros_ws/install/io_context/lib:/home/adam/Sensor-Fusion-And-Autonomous-Racing-Cars/ros_ws/install/vesc_msgs/lib:/home/adam/Sensor-Fusion-And-Autonomous-Racing-Cars/ros_ws/install/v4l2_camera/lib:/home/adam/Sensor-Fusion-And-Autonomous-Racing-Cars/ros_ws/install/udp_driver/lib:/home/adam/Sensor-Fusion-And-Autonomous-Racing-Cars/ros_ws/install/theora_image_transport/lib:/home/adam/Sensor-Fusion-And-Autonomous-Racing-Cars/ros_ws/install/compressed_image_transport/lib:/home/adam/Sensor-Fusion-And-Autonomous-Racing-Cars/ros_ws/install/compressed_depth_image_transport/lib:/opt/ros/foxy/opt/yaml_cpp_vendor/lib:/opt/ros/foxy/opt/rviz_ogre_vendor/lib:/opt/ros/foxy/lib/aarch64-linux-gnu:/opt/ros/foxy/lib /usr/bin/cmake /home/adam/Sensor-Fusion-And-Autonomous-Racing-Cars/ros_ws/src/vesc_driver/vesc -DCMAKE_INSTALL_PREFIX=/home/adam/Sensor-Fusion-And-Autonomous-Racing-Cars/ros_ws/install/vesc
[500.851s] DEBUG:colcon.colcon_core.event_handler.log_command:Invoked command in '/home/adam/Sensor-Fusion-And-Autonomous-Racing-Cars/ros_ws/build/vesc' returned '0': CMAKE_PREFIX_PATH=/home/adam/Sensor-Fusion-And-Autonomous-Racing-Cars/ros_ws/install/vesc_driver:/home/adam/Sensor-Fusion-And-Autonomous-Racing-Cars/ros_ws/install/serial_driver:/home/adam/Sensor-Fusion-And-Autonomous-Racing-Cars/ros_ws/install/vesc_ackermann:/home/adam/Sensor-Fusion-And-Autonomous-Racing-Cars/ros_ws/install/io_context:/home/adam/Sensor-Fusion-And-Autonomous-Racing-Cars/ros_ws/install/vesc_msgs:/home/adam/Sensor-Fusion-And-Autonomous-Racing-Cars/ros_ws/install/vesc:/home/adam/Sensor-Fusion-And-Autonomous-Racing-Cars/ros_ws/install/v4l2_camera:/home/adam/Sensor-Fusion-And-Autonomous-Racing-Cars/ros_ws/install/udp_driver:/home/adam/Sensor-Fusion-And-Autonomous-Racing-Cars/ros_ws/install/image_transport_plugins:/home/adam/Sensor-Fusion-And-Autonomous-Racing-Cars/ros_ws/install/theora_image_transport:/home/adam/Sensor-Fusion-And-Autonomous-Racing-Cars/ros_ws/install/ldlidar_ros2:/home/adam/Sensor-Fusion-And-Autonomous-Racing-Cars/ros_ws/install/compressed_image_transport:/home/adam/Sensor-Fusion-And-Autonomous-Racing-Cars/ros_ws/install/compressed_depth_image_transport:/home/adam/Sensor-Fusion-And-Autonomous-Racing-Cars/ros_ws/install/asio_cmake_module:/home/adam/Sensor-Fusion-And-Autonomous-Racing-Cars/ros_ws/install/steering_test_pkg:/home/adam/Sensor-Fusion-And-Autonomous-Racing-Cars/ros_ws/install/servo_controller:/home/adam/Sensor-Fusion-And-Autonomous-Racing-Cars/ros_ws/install/motor_controller:/home/adam/Sensor-Fusion-And-Autonomous-Racing-Cars/ros_ws/install/camera_sensor:/home/adam/Sensor-Fusion-And-Autonomous-Racing-Cars/ros_ws/install/arc_startup:/home/adam/Sensor-Fusion-And-Autonomous-Racing-Cars/ros_ws/install/arc_keyboard_control:/home/adam/Sensor-Fusion-And-Autonomous-Racing-Cars/ros_ws/install/arc_autonomous_ctrl:/opt/ros/foxy LD_LIBRARY_PATH=/home/adam/Sensor-Fusion-And-Autonomous-Racing-Cars/ros_ws/install/vesc_driver/lib:/home/adam/Sensor-Fusion-And-Autonomous-Racing-Cars/ros_ws/install/serial_driver/lib:/home/adam/Sensor-Fusion-And-Autonomous-Racing-Cars/ros_ws/install/vesc_ackermann/lib:/home/adam/Sensor-Fusion-And-Autonomous-Racing-Cars/ros_ws/install/io_context/lib:/home/adam/Sensor-Fusion-And-Autonomous-Racing-Cars/ros_ws/install/vesc_msgs/lib:/home/adam/Sensor-Fusion-And-Autonomous-Racing-Cars/ros_ws/install/v4l2_camera/lib:/home/adam/Sensor-Fusion-And-Autonomous-Racing-Cars/ros_ws/install/udp_driver/lib:/home/adam/Sensor-Fusion-And-Autonomous-Racing-Cars/ros_ws/install/theora_image_transport/lib:/home/adam/Sensor-Fusion-And-Autonomous-Racing-Cars/ros_ws/install/compressed_image_transport/lib:/home/adam/Sensor-Fusion-And-Autonomous-Racing-Cars/ros_ws/install/compressed_depth_image_transport/lib:/opt/ros/foxy/opt/yaml_cpp_vendor/lib:/opt/ros/foxy/opt/rviz_ogre_vendor/lib:/opt/ros/foxy/lib/aarch64-linux-gnu:/opt/ros/foxy/lib /usr/bin/cmake /home/adam/Sensor-Fusion-And-Autonomous-Racing-Cars/ros_ws/src/vesc_driver/vesc -DCMAKE_INSTALL_PREFIX=/home/adam/Sensor-Fusion-And-Autonomous-Racing-Cars/ros_ws/install/vesc
[500.858s] DEBUG:colcon.colcon_core.event_handler.log_command:Invoking command in '/home/adam/Sensor-Fusion-And-Autonomous-Racing-Cars/ros_ws/build/vesc': CMAKE_PREFIX_PATH=/home/adam/Sensor-Fusion-And-Autonomous-Racing-Cars/ros_ws/install/vesc_driver:/home/adam/Sensor-Fusion-And-Autonomous-Racing-Cars/ros_ws/install/serial_driver:/home/adam/Sensor-Fusion-And-Autonomous-Racing-Cars/ros_ws/install/vesc_ackermann:/home/adam/Sensor-Fusion-And-Autonomous-Racing-Cars/ros_ws/install/io_context:/home/adam/Sensor-Fusion-And-Autonomous-Racing-Cars/ros_ws/install/vesc_msgs:/home/adam/Sensor-Fusion-And-Autonomous-Racing-Cars/ros_ws/install/vesc:/home/adam/Sensor-Fusion-And-Autonomous-Racing-Cars/ros_ws/install/v4l2_camera:/home/adam/Sensor-Fusion-And-Autonomous-Racing-Cars/ros_ws/install/udp_driver:/home/adam/Sensor-Fusion-And-Autonomous-Racing-Cars/ros_ws/install/image_transport_plugins:/home/adam/Sensor-Fusion-And-Autonomous-Racing-Cars/ros_ws/install/theora_image_transport:/home/adam/Sensor-Fusion-And-Autonomous-Racing-Cars/ros_ws/install/ldlidar_ros2:/home/adam/Sensor-Fusion-And-Autonomous-Racing-Cars/ros_ws/install/compressed_image_transport:/home/adam/Sensor-Fusion-And-Autonomous-Racing-Cars/ros_ws/install/compressed_depth_image_transport:/home/adam/Sensor-Fusion-And-Autonomous-Racing-Cars/ros_ws/install/asio_cmake_module:/home/adam/Sensor-Fusion-And-Autonomous-Racing-Cars/ros_ws/install/steering_test_pkg:/home/adam/Sensor-Fusion-And-Autonomous-Racing-Cars/ros_ws/install/servo_controller:/home/adam/Sensor-Fusion-And-Autonomous-Racing-Cars/ros_ws/install/motor_controller:/home/adam/Sensor-Fusion-And-Autonomous-Racing-Cars/ros_ws/install/camera_sensor:/home/adam/Sensor-Fusion-And-Autonomous-Racing-Cars/ros_ws/install/arc_startup:/home/adam/Sensor-Fusion-And-Autonomous-Racing-Cars/ros_ws/install/arc_keyboard_control:/home/adam/Sensor-Fusion-And-Autonomous-Racing-Cars/ros_ws/install/arc_autonomous_ctrl:/opt/ros/foxy LD_LIBRARY_PATH=/home/adam/Sensor-Fusion-And-Autonomous-Racing-Cars/ros_ws/install/vesc_driver/lib:/home/adam/Sensor-Fusion-And-Autonomous-Racing-Cars/ros_ws/install/serial_driver/lib:/home/adam/Sensor-Fusion-And-Autonomous-Racing-Cars/ros_ws/install/vesc_ackermann/lib:/home/adam/Sensor-Fusion-And-Autonomous-Racing-Cars/ros_ws/install/io_context/lib:/home/adam/Sensor-Fusion-And-Autonomous-Racing-Cars/ros_ws/install/vesc_msgs/lib:/home/adam/Sensor-Fusion-And-Autonomous-Racing-Cars/ros_ws/install/v4l2_camera/lib:/home/adam/Sensor-Fusion-And-Autonomous-Racing-Cars/ros_ws/install/udp_driver/lib:/home/adam/Sensor-Fusion-And-Autonomous-Racing-Cars/ros_ws/install/theora_image_transport/lib:/home/adam/Sensor-Fusion-And-Autonomous-Racing-Cars/ros_ws/install/compressed_image_transport/lib:/home/adam/Sensor-Fusion-And-Autonomous-Racing-Cars/ros_ws/install/compressed_depth_image_transport/lib:/opt/ros/foxy/opt/yaml_cpp_vendor/lib:/opt/ros/foxy/opt/rviz_ogre_vendor/lib:/opt/ros/foxy/lib/aarch64-linux-gnu:/opt/ros/foxy/lib /usr/bin/cmake --build /home/adam/Sensor-Fusion-And-Autonomous-Racing-Cars/ros_ws/build/vesc -- -j4 -l4
[501.214s] DEBUG:colcon.colcon_core.event_handler.log_command:Invoked command in '/home/adam/Sensor-Fusion-And-Autonomous-Racing-Cars/ros_ws/build/vesc' returned '0': CMAKE_PREFIX_PATH=/home/adam/Sensor-Fusion-And-Autonomous-Racing-Cars/ros_ws/install/vesc_driver:/home/adam/Sensor-Fusion-And-Autonomous-Racing-Cars/ros_ws/install/serial_driver:/home/adam/Sensor-Fusion-And-Autonomous-Racing-Cars/ros_ws/install/vesc_ackermann:/home/adam/Sensor-Fusion-And-Autonomous-Racing-Cars/ros_ws/install/io_context:/home/adam/Sensor-Fusion-And-Autonomous-Racing-Cars/ros_ws/install/vesc_msgs:/home/adam/Sensor-Fusion-And-Autonomous-Racing-Cars/ros_ws/install/vesc:/home/adam/Sensor-Fusion-And-Autonomous-Racing-Cars/ros_ws/install/v4l2_camera:/home/adam/Sensor-Fusion-And-Autonomous-Racing-Cars/ros_ws/install/udp_driver:/home/adam/Sensor-Fusion-And-Autonomous-Racing-Cars/ros_ws/install/image_transport_plugins:/home/adam/Sensor-Fusion-And-Autonomous-Racing-Cars/ros_ws/install/theora_image_transport:/home/adam/Sensor-Fusion-And-Autonomous-Racing-Cars/ros_ws/install/ldlidar_ros2:/home/adam/Sensor-Fusion-And-Autonomous-Racing-Cars/ros_ws/install/compressed_image_transport:/home/adam/Sensor-Fusion-And-Autonomous-Racing-Cars/ros_ws/install/compressed_depth_image_transport:/home/adam/Sensor-Fusion-And-Autonomous-Racing-Cars/ros_ws/install/asio_cmake_module:/home/adam/Sensor-Fusion-And-Autonomous-Racing-Cars/ros_ws/install/steering_test_pkg:/home/adam/Sensor-Fusion-And-Autonomous-Racing-Cars/ros_ws/install/servo_controller:/home/adam/Sensor-Fusion-And-Autonomous-Racing-Cars/ros_ws/install/motor_controller:/home/adam/Sensor-Fusion-And-Autonomous-Racing-Cars/ros_ws/install/camera_sensor:/home/adam/Sensor-Fusion-And-Autonomous-Racing-Cars/ros_ws/install/arc_startup:/home/adam/Sensor-Fusion-And-Autonomous-Racing-Cars/ros_ws/install/arc_keyboard_control:/home/adam/Sensor-Fusion-And-Autonomous-Racing-Cars/ros_ws/install/arc_autonomous_ctrl:/opt/ros/foxy LD_LIBRARY_PATH=/home/adam/Sensor-Fusion-And-Autonomous-Racing-Cars/ros_ws/install/vesc_driver/lib:/home/adam/Sensor-Fusion-And-Autonomous-Racing-Cars/ros_ws/install/serial_driver/lib:/home/adam/Sensor-Fusion-And-Autonomous-Racing-Cars/ros_ws/install/vesc_ackermann/lib:/home/adam/Sensor-Fusion-And-Autonomous-Racing-Cars/ros_ws/install/io_context/lib:/home/adam/Sensor-Fusion-And-Autonomous-Racing-Cars/ros_ws/install/vesc_msgs/lib:/home/adam/Sensor-Fusion-And-Autonomous-Racing-Cars/ros_ws/install/v4l2_camera/lib:/home/adam/Sensor-Fusion-And-Autonomous-Racing-Cars/ros_ws/install/udp_driver/lib:/home/adam/Sensor-Fusion-And-Autonomous-Racing-Cars/ros_ws/install/theora_image_transport/lib:/home/adam/Sensor-Fusion-And-Autonomous-Racing-Cars/ros_ws/install/compressed_image_transport/lib:/home/adam/Sensor-Fusion-And-Autonomous-Racing-Cars/ros_ws/install/compressed_depth_image_transport/lib:/opt/ros/foxy/opt/yaml_cpp_vendor/lib:/opt/ros/foxy/opt/rviz_ogre_vendor/lib:/opt/ros/foxy/lib/aarch64-linux-gnu:/opt/ros/foxy/lib /usr/bin/cmake --build /home/adam/Sensor-Fusion-And-Autonomous-Racing-Cars/ros_ws/build/vesc -- -j4 -l4
[501.421s] DEBUG:colcon.colcon_core.event_handler.log_command:Invoking command in '/home/adam/Sensor-Fusion-And-Autonomous-Racing-Cars/ros_ws/build/vesc': CMAKE_PREFIX_PATH=/home/adam/Sensor-Fusion-And-Autonomous-Racing-Cars/ros_ws/install/vesc_driver:/home/adam/Sensor-Fusion-And-Autonomous-Racing-Cars/ros_ws/install/serial_driver:/home/adam/Sensor-Fusion-And-Autonomous-Racing-Cars/ros_ws/install/vesc_ackermann:/home/adam/Sensor-Fusion-And-Autonomous-Racing-Cars/ros_ws/install/io_context:/home/adam/Sensor-Fusion-And-Autonomous-Racing-Cars/ros_ws/install/vesc_msgs:/home/adam/Sensor-Fusion-And-Autonomous-Racing-Cars/ros_ws/install/vesc:/home/adam/Sensor-Fusion-And-Autonomous-Racing-Cars/ros_ws/install/v4l2_camera:/home/adam/Sensor-Fusion-And-Autonomous-Racing-Cars/ros_ws/install/udp_driver:/home/adam/Sensor-Fusion-And-Autonomous-Racing-Cars/ros_ws/install/image_transport_plugins:/home/adam/Sensor-Fusion-And-Autonomous-Racing-Cars/ros_ws/install/theora_image_transport:/home/adam/Sensor-Fusion-And-Autonomous-Racing-Cars/ros_ws/install/ldlidar_ros2:/home/adam/Sensor-Fusion-And-Autonomous-Racing-Cars/ros_ws/install/compressed_image_transport:/home/adam/Sensor-Fusion-And-Autonomous-Racing-Cars/ros_ws/install/compressed_depth_image_transport:/home/adam/Sensor-Fusion-And-Autonomous-Racing-Cars/ros_ws/install/asio_cmake_module:/home/adam/Sensor-Fusion-And-Autonomous-Racing-Cars/ros_ws/install/steering_test_pkg:/home/adam/Sensor-Fusion-And-Autonomous-Racing-Cars/ros_ws/install/servo_controller:/home/adam/Sensor-Fusion-And-Autonomous-Racing-Cars/ros_ws/install/motor_controller:/home/adam/Sensor-Fusion-And-Autonomous-Racing-Cars/ros_ws/install/camera_sensor:/home/adam/Sensor-Fusion-And-Autonomous-Racing-Cars/ros_ws/install/arc_startup:/home/adam/Sensor-Fusion-And-Autonomous-Racing-Cars/ros_ws/install/arc_keyboard_control:/home/adam/Sensor-Fusion-And-Autonomous-Racing-Cars/ros_ws/install/arc_autonomous_ctrl:/opt/ros/foxy LD_LIBRARY_PATH=/home/adam/Sensor-Fusion-And-Autonomous-Racing-Cars/ros_ws/install/vesc_driver/lib:/home/adam/Sensor-Fusion-And-Autonomous-Racing-Cars/ros_ws/install/serial_driver/lib:/home/adam/Sensor-Fusion-And-Autonomous-Racing-Cars/ros_ws/install/vesc_ackermann/lib:/home/adam/Sensor-Fusion-And-Autonomous-Racing-Cars/ros_ws/install/io_context/lib:/home/adam/Sensor-Fusion-And-Autonomous-Racing-Cars/ros_ws/install/vesc_msgs/lib:/home/adam/Sensor-Fusion-And-Autonomous-Racing-Cars/ros_ws/install/v4l2_camera/lib:/home/adam/Sensor-Fusion-And-Autonomous-Racing-Cars/ros_ws/install/udp_driver/lib:/home/adam/Sensor-Fusion-And-Autonomous-Racing-Cars/ros_ws/install/theora_image_transport/lib:/home/adam/Sensor-Fusion-And-Autonomous-Racing-Cars/ros_ws/install/compressed_image_transport/lib:/home/adam/Sensor-Fusion-And-Autonomous-Racing-Cars/ros_ws/install/compressed_depth_image_transport/lib:/opt/ros/foxy/opt/yaml_cpp_vendor/lib:/opt/ros/foxy/opt/rviz_ogre_vendor/lib:/opt/ros/foxy/lib/aarch64-linux-gnu:/opt/ros/foxy/lib /usr/bin/cmake --install /home/adam/Sensor-Fusion-And-Autonomous-Racing-Cars/ros_ws/build/vesc
[501.584s] Level 1:colcon.colcon_core.environment:create_environment_scripts_only(vesc)
[501.592s] DEBUG:colcon.colcon_core.event_handler.log_command:Invoked command in '/home/adam/Sensor-Fusion-And-Autonomous-Racing-Cars/ros_ws/build/vesc' returned '0': CMAKE_PREFIX_PATH=/home/adam/Sensor-Fusion-And-Autonomous-Racing-Cars/ros_ws/install/vesc_driver:/home/adam/Sensor-Fusion-And-Autonomous-Racing-Cars/ros_ws/install/serial_driver:/home/adam/Sensor-Fusion-And-Autonomous-Racing-Cars/ros_ws/install/vesc_ackermann:/home/adam/Sensor-Fusion-And-Autonomous-Racing-Cars/ros_ws/install/io_context:/home/adam/Sensor-Fusion-And-Autonomous-Racing-Cars/ros_ws/install/vesc_msgs:/home/adam/Sensor-Fusion-And-Autonomous-Racing-Cars/ros_ws/install/vesc:/home/adam/Sensor-Fusion-And-Autonomous-Racing-Cars/ros_ws/install/v4l2_camera:/home/adam/Sensor-Fusion-And-Autonomous-Racing-Cars/ros_ws/install/udp_driver:/home/adam/Sensor-Fusion-And-Autonomous-Racing-Cars/ros_ws/install/image_transport_plugins:/home/adam/Sensor-Fusion-And-Autonomous-Racing-Cars/ros_ws/install/theora_image_transport:/home/adam/Sensor-Fusion-And-Autonomous-Racing-Cars/ros_ws/install/ldlidar_ros2:/home/adam/Sensor-Fusion-And-Autonomous-Racing-Cars/ros_ws/install/compressed_image_transport:/home/adam/Sensor-Fusion-And-Autonomous-Racing-Cars/ros_ws/install/compressed_depth_image_transport:/home/adam/Sensor-Fusion-And-Autonomous-Racing-Cars/ros_ws/install/asio_cmake_module:/home/adam/Sensor-Fusion-And-Autonomous-Racing-Cars/ros_ws/install/steering_test_pkg:/home/adam/Sensor-Fusion-And-Autonomous-Racing-Cars/ros_ws/install/servo_controller:/home/adam/Sensor-Fusion-And-Autonomous-Racing-Cars/ros_ws/install/motor_controller:/home/adam/Sensor-Fusion-And-Autonomous-Racing-Cars/ros_ws/install/camera_sensor:/home/adam/Sensor-Fusion-And-Autonomous-Racing-Cars/ros_ws/install/arc_startup:/home/adam/Sensor-Fusion-And-Autonomous-Racing-Cars/ros_ws/install/arc_keyboard_control:/home/adam/Sensor-Fusion-And-Autonomous-Racing-Cars/ros_ws/install/arc_autonomous_ctrl:/opt/ros/foxy LD_LIBRARY_PATH=/home/adam/Sensor-Fusion-And-Autonomous-Racing-Cars/ros_ws/install/vesc_driver/lib:/home/adam/Sensor-Fusion-And-Autonomous-Racing-Cars/ros_ws/install/serial_driver/lib:/home/adam/Sensor-Fusion-And-Autonomous-Racing-Cars/ros_ws/install/vesc_ackermann/lib:/home/adam/Sensor-Fusion-And-Autonomous-Racing-Cars/ros_ws/install/io_context/lib:/home/adam/Sensor-Fusion-And-Autonomous-Racing-Cars/ros_ws/install/vesc_msgs/lib:/home/adam/Sensor-Fusion-And-Autonomous-Racing-Cars/ros_ws/install/v4l2_camera/lib:/home/adam/Sensor-Fusion-And-Autonomous-Racing-Cars/ros_ws/install/udp_driver/lib:/home/adam/Sensor-Fusion-And-Autonomous-Racing-Cars/ros_ws/install/theora_image_transport/lib:/home/adam/Sensor-Fusion-And-Autonomous-Racing-Cars/ros_ws/install/compressed_image_transport/lib:/home/adam/Sensor-Fusion-And-Autonomous-Racing-Cars/ros_ws/install/compressed_depth_image_transport/lib:/opt/ros/foxy/opt/yaml_cpp_vendor/lib:/opt/ros/foxy/opt/rviz_ogre_vendor/lib:/opt/ros/foxy/lib/aarch64-linux-gnu:/opt/ros/foxy/lib /usr/bin/cmake --install /home/adam/Sensor-Fusion-And-Autonomous-Racing-Cars/ros_ws/build/vesc
[501.987s] Level 1:colcon.colcon_core.environment:checking '/home/adam/Sensor-Fusion-And-Autonomous-Racing-Cars/ros_ws/install/vesc' for CMake module files
[501.992s] Level 1:colcon.colcon_core.environment:checking '/home/adam/Sensor-Fusion-And-Autonomous-Racing-Cars/ros_ws/install/vesc' for CMake config files
[501.994s] Level 1:colcon.colcon_core.shell:create_environment_hook('vesc', 'cmake_prefix_path')
[502.390s] INFO:colcon.colcon_core.shell:Creating environment hook '/home/adam/Sensor-Fusion-And-Autonomous-Racing-Cars/ros_ws/install/vesc/share/vesc/hook/cmake_prefix_path.ps1'
[502.395s] INFO:colcon.colcon_core.shell:Creating environment descriptor '/home/adam/Sensor-Fusion-And-Autonomous-Racing-Cars/ros_ws/install/vesc/share/vesc/hook/cmake_prefix_path.dsv'
[502.400s] INFO:colcon.colcon_core.shell:Creating environment hook '/home/adam/Sensor-Fusion-And-Autonomous-Racing-Cars/ros_ws/install/vesc/share/vesc/hook/cmake_prefix_path.sh'
[502.405s] Level 1:colcon.colcon_core.environment:checking '/home/adam/Sensor-Fusion-And-Autonomous-Racing-Cars/ros_ws/install/vesc/bin'
[502.406s] Level 1:colcon.colcon_core.environment:checking '/home/adam/Sensor-Fusion-And-Autonomous-Racing-Cars/ros_ws/install/vesc/lib/pkgconfig/vesc.pc'
[502.410s] Level 1:colcon.colcon_core.environment:checking '/home/adam/Sensor-Fusion-And-Autonomous-Racing-Cars/ros_ws/install/vesc/lib/python3.8/site-packages'
[502.412s] Level 1:colcon.colcon_core.environment:checking '/home/adam/Sensor-Fusion-And-Autonomous-Racing-Cars/ros_ws/install/vesc/bin'
[502.798s] INFO:colcon.colcon_core.shell:Creating package script '/home/adam/Sensor-Fusion-And-Autonomous-Racing-Cars/ros_ws/install/vesc/share/vesc/package.ps1'
[502.802s] INFO:colcon.colcon_core.shell:Creating package descriptor '/home/adam/Sensor-Fusion-And-Autonomous-Racing-Cars/ros_ws/install/vesc/share/vesc/package.dsv'
[502.806s] INFO:colcon.colcon_core.shell:Creating package script '/home/adam/Sensor-Fusion-And-Autonomous-Racing-Cars/ros_ws/install/vesc/share/vesc/package.sh'
[502.810s] INFO:colcon.colcon_core.shell:Creating package script '/home/adam/Sensor-Fusion-And-Autonomous-Racing-Cars/ros_ws/install/vesc/share/vesc/package.bash'
[502.814s] INFO:colcon.colcon_core.shell:Creating package script '/home/adam/Sensor-Fusion-And-Autonomous-Racing-Cars/ros_ws/install/vesc/share/vesc/package.zsh'
[502.821s] Level 1:colcon.colcon_core.environment:create_file_with_runtime_dependencies(/home/adam/Sensor-Fusion-And-Autonomous-Racing-Cars/ros_ws/install/vesc/share/colcon-core/packages/vesc)
[503.451s] Level 1:colcon.colcon_core.environment:create_environment_scripts_only(vesc)
[503.968s] Level 1:colcon.colcon_core.environment:checking '/home/adam/Sensor-Fusion-And-Autonomous-Racing-Cars/ros_ws/install/vesc' for CMake module files
[503.975s] Level 1:colcon.colcon_core.environment:checking '/home/adam/Sensor-Fusion-And-Autonomous-Racing-Cars/ros_ws/install/vesc' for CMake config files
[503.977s] Level 1:colcon.colcon_core.shell:create_environment_hook('vesc', 'cmake_prefix_path')
[504.445s] INFO:colcon.colcon_core.shell:Creating environment hook '/home/adam/Sensor-Fusion-And-Autonomous-Racing-Cars/ros_ws/install/vesc/share/vesc/hook/cmake_prefix_path.ps1'
[504.461s] INFO:colcon.colcon_core.shell:Creating environment descriptor '/home/adam/Sensor-Fusion-And-Autonomous-Racing-Cars/ros_ws/install/vesc/share/vesc/hook/cmake_prefix_path.dsv'
[504.466s] INFO:colcon.colcon_core.shell:Creating environment hook '/home/adam/Sensor-Fusion-And-Autonomous-Racing-Cars/ros_ws/install/vesc/share/vesc/hook/cmake_prefix_path.sh'
[504.472s] Level 1:colcon.colcon_core.environment:checking '/home/adam/Sensor-Fusion-And-Autonomous-Racing-Cars/ros_ws/install/vesc/bin'
[504.473s] Level 1:colcon.colcon_core.environment:checking '/home/adam/Sensor-Fusion-And-Autonomous-Racing-Cars/ros_ws/install/vesc/lib/pkgconfig/vesc.pc'
[504.475s] Level 1:colcon.colcon_core.environment:checking '/home/adam/Sensor-Fusion-And-Autonomous-Racing-Cars/ros_ws/install/vesc/lib/python3.8/site-packages'
[504.477s] Level 1:colcon.colcon_core.environment:checking '/home/adam/Sensor-Fusion-And-Autonomous-Racing-Cars/ros_ws/install/vesc/bin'
[504.928s] INFO:colcon.colcon_core.shell:Creating package script '/home/adam/Sensor-Fusion-And-Autonomous-Racing-Cars/ros_ws/install/vesc/share/vesc/package.ps1'
[504.938s] INFO:colcon.colcon_core.shell:Creating package descriptor '/home/adam/Sensor-Fusion-And-Autonomous-Racing-Cars/ros_ws/install/vesc/share/vesc/package.dsv'
[504.945s] INFO:colcon.colcon_core.shell:Creating package script '/home/adam/Sensor-Fusion-And-Autonomous-Racing-Cars/ros_ws/install/vesc/share/vesc/package.sh'
[504.951s] INFO:colcon.colcon_core.shell:Creating package script '/home/adam/Sensor-Fusion-And-Autonomous-Racing-Cars/ros_ws/install/vesc/share/vesc/package.bash'
[504.956s] INFO:colcon.colcon_core.shell:Creating package script '/home/adam/Sensor-Fusion-And-Autonomous-Racing-Cars/ros_ws/install/vesc/share/vesc/package.zsh'
[504.960s] Level 1:colcon.colcon_core.environment:create_file_with_runtime_dependencies(/home/adam/Sensor-Fusion-And-Autonomous-Racing-Cars/ros_ws/install/vesc/share/colcon-core/packages/vesc)
[504.976s] DEBUG:colcon.colcon_core.event_handler.log_command:Invoked command in '/home/adam/Sensor-Fusion-And-Autonomous-Racing-Cars/ros_ws/build/v4l2_camera' returned '0': AMENT_PREFIX_PATH=/home/adam/Sensor-Fusion-And-Autonomous-Racing-Cars/ros_ws/install/camera_info_manager:/home/adam/Sensor-Fusion-And-Autonomous-Racing-Cars/ros_ws/install/image_transport:/home/adam/Sensor-Fusion-And-Autonomous-Racing-Cars/ros_ws/install/camera_calibration_parsers:${AMENT_PREFIX_PATH} CMAKE_PREFIX_PATH=/home/adam/Sensor-Fusion-And-Autonomous-Racing-Cars/ros_ws/install/camera_info_manager:/home/adam/Sensor-Fusion-And-Autonomous-Racing-Cars/ros_ws/install/image_transport:/home/adam/Sensor-Fusion-And-Autonomous-Racing-Cars/ros_ws/install/camera_calibration_parsers:/home/adam/Sensor-Fusion-And-Autonomous-Racing-Cars/ros_ws/install/vesc:/home/adam/Sensor-Fusion-And-Autonomous-Racing-Cars/ros_ws/install/vesc_driver:/home/adam/Sensor-Fusion-And-Autonomous-Racing-Cars/ros_ws/install/vesc_ackermann:/home/adam/Sensor-Fusion-And-Autonomous-Racing-Cars/ros_ws/install/vesc_msgs:/home/adam/Sensor-Fusion-And-Autonomous-Racing-Cars/ros_ws/install/v4l2_camera:/home/adam/Sensor-Fusion-And-Autonomous-Racing-Cars/ros_ws/install/udp_driver:/home/adam/Sensor-Fusion-And-Autonomous-Racing-Cars/ros_ws/install/image_transport_plugins:/home/adam/Sensor-Fusion-And-Autonomous-Racing-Cars/ros_ws/install/theora_image_transport:/home/adam/Sensor-Fusion-And-Autonomous-Racing-Cars/ros_ws/install/serial_driver:/home/adam/Sensor-Fusion-And-Autonomous-Racing-Cars/ros_ws/install/ldlidar_ros2:/home/adam/Sensor-Fusion-And-Autonomous-Racing-Cars/ros_ws/install/io_context:/home/adam/Sensor-Fusion-And-Autonomous-Racing-Cars/ros_ws/install/compressed_image_transport:/home/adam/Sensor-Fusion-And-Autonomous-Racing-Cars/ros_ws/install/compressed_depth_image_transport:/home/adam/Sensor-Fusion-And-Autonomous-Racing-Cars/ros_ws/install/asio_cmake_module:/home/adam/Sensor-Fusion-And-Autonomous-Racing-Cars/ros_ws/install/steering_test_pkg:/home/adam/Sensor-Fusion-And-Autonomous-Racing-Cars/ros_ws/install/servo_controller:/home/adam/Sensor-Fusion-And-Autonomous-Racing-Cars/ros_ws/install/motor_controller:/home/adam/Sensor-Fusion-And-Autonomous-Racing-Cars/ros_ws/install/camera_sensor:/home/adam/Sensor-Fusion-And-Autonomous-Racing-Cars/ros_ws/install/arc_startup:/home/adam/Sensor-Fusion-And-Autonomous-Racing-Cars/ros_ws/install/arc_keyboard_control:/home/adam/Sensor-Fusion-And-Autonomous-Racing-Cars/ros_ws/install/arc_autonomous_ctrl:/opt/ros/foxy LD_LIBRARY_PATH=/home/adam/Sensor-Fusion-And-Autonomous-Racing-Cars/ros_ws/install/camera_info_manager/lib:/home/adam/Sensor-Fusion-And-Autonomous-Racing-Cars/ros_ws/install/image_transport/lib:/home/adam/Sensor-Fusion-And-Autonomous-Racing-Cars/ros_ws/install/camera_calibration_parsers/lib:${LD_LIBRARY_PATH} /usr/bin/cmake /home/adam/Sensor-Fusion-And-Autonomous-Racing-Cars/ros_ws/src/v4l2_camera -DCMAKE_INSTALL_PREFIX=/home/adam/Sensor-Fusion-And-Autonomous-Racing-Cars/ros_ws/install/v4l2_camera
[504.992s] DEBUG:colcon.colcon_core.event_handler.log_command:Invoking command in '/home/adam/Sensor-Fusion-And-Autonomous-Racing-Cars/ros_ws/build/v4l2_camera': AMENT_PREFIX_PATH=/home/adam/Sensor-Fusion-And-Autonomous-Racing-Cars/ros_ws/install/camera_info_manager:/home/adam/Sensor-Fusion-And-Autonomous-Racing-Cars/ros_ws/install/image_transport:/home/adam/Sensor-Fusion-And-Autonomous-Racing-Cars/ros_ws/install/camera_calibration_parsers:${AMENT_PREFIX_PATH} CMAKE_PREFIX_PATH=/home/adam/Sensor-Fusion-And-Autonomous-Racing-Cars/ros_ws/install/camera_info_manager:/home/adam/Sensor-Fusion-And-Autonomous-Racing-Cars/ros_ws/install/image_transport:/home/adam/Sensor-Fusion-And-Autonomous-Racing-Cars/ros_ws/install/camera_calibration_parsers:/home/adam/Sensor-Fusion-And-Autonomous-Racing-Cars/ros_ws/install/vesc:/home/adam/Sensor-Fusion-And-Autonomous-Racing-Cars/ros_ws/install/vesc_driver:/home/adam/Sensor-Fusion-And-Autonomous-Racing-Cars/ros_ws/install/vesc_ackermann:/home/adam/Sensor-Fusion-And-Autonomous-Racing-Cars/ros_ws/install/vesc_msgs:/home/adam/Sensor-Fusion-And-Autonomous-Racing-Cars/ros_ws/install/v4l2_camera:/home/adam/Sensor-Fusion-And-Autonomous-Racing-Cars/ros_ws/install/udp_driver:/home/adam/Sensor-Fusion-And-Autonomous-Racing-Cars/ros_ws/install/image_transport_plugins:/home/adam/Sensor-Fusion-And-Autonomous-Racing-Cars/ros_ws/install/theora_image_transport:/home/adam/Sensor-Fusion-And-Autonomous-Racing-Cars/ros_ws/install/serial_driver:/home/adam/Sensor-Fusion-And-Autonomous-Racing-Cars/ros_ws/install/ldlidar_ros2:/home/adam/Sensor-Fusion-And-Autonomous-Racing-Cars/ros_ws/install/io_context:/home/adam/Sensor-Fusion-And-Autonomous-Racing-Cars/ros_ws/install/compressed_image_transport:/home/adam/Sensor-Fusion-And-Autonomous-Racing-Cars/ros_ws/install/compressed_depth_image_transport:/home/adam/Sensor-Fusion-And-Autonomous-Racing-Cars/ros_ws/install/asio_cmake_module:/home/adam/Sensor-Fusion-And-Autonomous-Racing-Cars/ros_ws/install/steering_test_pkg:/home/adam/Sensor-Fusion-And-Autonomous-Racing-Cars/ros_ws/install/servo_controller:/home/adam/Sensor-Fusion-And-Autonomous-Racing-Cars/ros_ws/install/motor_controller:/home/adam/Sensor-Fusion-And-Autonomous-Racing-Cars/ros_ws/install/camera_sensor:/home/adam/Sensor-Fusion-And-Autonomous-Racing-Cars/ros_ws/install/arc_startup:/home/adam/Sensor-Fusion-And-Autonomous-Racing-Cars/ros_ws/install/arc_keyboard_control:/home/adam/Sensor-Fusion-And-Autonomous-Racing-Cars/ros_ws/install/arc_autonomous_ctrl:/opt/ros/foxy LD_LIBRARY_PATH=/home/adam/Sensor-Fusion-And-Autonomous-Racing-Cars/ros_ws/install/camera_info_manager/lib:/home/adam/Sensor-Fusion-And-Autonomous-Racing-Cars/ros_ws/install/image_transport/lib:/home/adam/Sensor-Fusion-And-Autonomous-Racing-Cars/ros_ws/install/camera_calibration_parsers/lib:${LD_LIBRARY_PATH} /usr/bin/cmake --build /home/adam/Sensor-Fusion-And-Autonomous-Racing-Cars/ros_ws/build/v4l2_camera -- -j4 -l4
[549.361s] DEBUG:colcon.colcon_core.event_handler.log_command:Invoked command in '/home/adam/Sensor-Fusion-And-Autonomous-Racing-Cars/ros_ws/build/udp_driver' returned '0': CMAKE_PREFIX_PATH=/home/adam/Sensor-Fusion-And-Autonomous-Racing-Cars/ros_ws/install/io_context:/home/adam/Sensor-Fusion-And-Autonomous-Racing-Cars/ros_ws/install/asio_cmake_module:/home/adam/Sensor-Fusion-And-Autonomous-Racing-Cars/ros_ws/install/vesc:/home/adam/Sensor-Fusion-And-Autonomous-Racing-Cars/ros_ws/install/vesc_driver:/home/adam/Sensor-Fusion-And-Autonomous-Racing-Cars/ros_ws/install/vesc_ackermann:/home/adam/Sensor-Fusion-And-Autonomous-Racing-Cars/ros_ws/install/vesc_msgs:/home/adam/Sensor-Fusion-And-Autonomous-Racing-Cars/ros_ws/install/v4l2_camera:/home/adam/Sensor-Fusion-And-Autonomous-Racing-Cars/ros_ws/install/udp_driver:/home/adam/Sensor-Fusion-And-Autonomous-Racing-Cars/ros_ws/install/image_transport_plugins:/home/adam/Sensor-Fusion-And-Autonomous-Racing-Cars/ros_ws/install/theora_image_transport:/home/adam/Sensor-Fusion-And-Autonomous-Racing-Cars/ros_ws/install/serial_driver:/home/adam/Sensor-Fusion-And-Autonomous-Racing-Cars/ros_ws/install/ldlidar_ros2:/home/adam/Sensor-Fusion-And-Autonomous-Racing-Cars/ros_ws/install/compressed_image_transport:/home/adam/Sensor-Fusion-And-Autonomous-Racing-Cars/ros_ws/install/compressed_depth_image_transport:/home/adam/Sensor-Fusion-And-Autonomous-Racing-Cars/ros_ws/install/steering_test_pkg:/home/adam/Sensor-Fusion-And-Autonomous-Racing-Cars/ros_ws/install/servo_controller:/home/adam/Sensor-Fusion-And-Autonomous-Racing-Cars/ros_ws/install/motor_controller:/home/adam/Sensor-Fusion-And-Autonomous-Racing-Cars/ros_ws/install/camera_sensor:/home/adam/Sensor-Fusion-And-Autonomous-Racing-Cars/ros_ws/install/arc_startup:/home/adam/Sensor-Fusion-And-Autonomous-Racing-Cars/ros_ws/install/arc_keyboard_control:/home/adam/Sensor-Fusion-And-Autonomous-Racing-Cars/ros_ws/install/arc_autonomous_ctrl:/opt/ros/foxy LD_LIBRARY_PATH=/home/adam/Sensor-Fusion-And-Autonomous-Racing-Cars/ros_ws/install/io_context/lib:/home/adam/Sensor-Fusion-And-Autonomous-Racing-Cars/ros_ws/install/vesc_driver/lib:/home/adam/Sensor-Fusion-And-Autonomous-Racing-Cars/ros_ws/install/vesc_ackermann/lib:/home/adam/Sensor-Fusion-And-Autonomous-Racing-Cars/ros_ws/install/vesc_msgs/lib:/home/adam/Sensor-Fusion-And-Autonomous-Racing-Cars/ros_ws/install/v4l2_camera/lib:/home/adam/Sensor-Fusion-And-Autonomous-Racing-Cars/ros_ws/install/udp_driver/lib:/home/adam/Sensor-Fusion-And-Autonomous-Racing-Cars/ros_ws/install/theora_image_transport/lib:/home/adam/Sensor-Fusion-And-Autonomous-Racing-Cars/ros_ws/install/serial_driver/lib:/home/adam/Sensor-Fusion-And-Autonomous-Racing-Cars/ros_ws/install/compressed_image_transport/lib:/home/adam/Sensor-Fusion-And-Autonomous-Racing-Cars/ros_ws/install/compressed_depth_image_transport/lib:/opt/ros/foxy/opt/yaml_cpp_vendor/lib:/opt/ros/foxy/opt/rviz_ogre_vendor/lib:/opt/ros/foxy/lib/aarch64-linux-gnu:/opt/ros/foxy/lib /usr/bin/cmake --build /home/adam/Sensor-Fusion-And-Autonomous-Racing-Cars/ros_ws/build/udp_driver -- -j4 -l4
[549.851s] DEBUG:colcon.colcon_core.event_handler.log_command:Invoking command in '/home/adam/Sensor-Fusion-And-Autonomous-Racing-Cars/ros_ws/build/udp_driver': CMAKE_PREFIX_PATH=/home/adam/Sensor-Fusion-And-Autonomous-Racing-Cars/ros_ws/install/io_context:/home/adam/Sensor-Fusion-And-Autonomous-Racing-Cars/ros_ws/install/asio_cmake_module:/home/adam/Sensor-Fusion-And-Autonomous-Racing-Cars/ros_ws/install/vesc:/home/adam/Sensor-Fusion-And-Autonomous-Racing-Cars/ros_ws/install/vesc_driver:/home/adam/Sensor-Fusion-And-Autonomous-Racing-Cars/ros_ws/install/vesc_ackermann:/home/adam/Sensor-Fusion-And-Autonomous-Racing-Cars/ros_ws/install/vesc_msgs:/home/adam/Sensor-Fusion-And-Autonomous-Racing-Cars/ros_ws/install/v4l2_camera:/home/adam/Sensor-Fusion-And-Autonomous-Racing-Cars/ros_ws/install/udp_driver:/home/adam/Sensor-Fusion-And-Autonomous-Racing-Cars/ros_ws/install/image_transport_plugins:/home/adam/Sensor-Fusion-And-Autonomous-Racing-Cars/ros_ws/install/theora_image_transport:/home/adam/Sensor-Fusion-And-Autonomous-Racing-Cars/ros_ws/install/serial_driver:/home/adam/Sensor-Fusion-And-Autonomous-Racing-Cars/ros_ws/install/ldlidar_ros2:/home/adam/Sensor-Fusion-And-Autonomous-Racing-Cars/ros_ws/install/compressed_image_transport:/home/adam/Sensor-Fusion-And-Autonomous-Racing-Cars/ros_ws/install/compressed_depth_image_transport:/home/adam/Sensor-Fusion-And-Autonomous-Racing-Cars/ros_ws/install/steering_test_pkg:/home/adam/Sensor-Fusion-And-Autonomous-Racing-Cars/ros_ws/install/servo_controller:/home/adam/Sensor-Fusion-And-Autonomous-Racing-Cars/ros_ws/install/motor_controller:/home/adam/Sensor-Fusion-And-Autonomous-Racing-Cars/ros_ws/install/camera_sensor:/home/adam/Sensor-Fusion-And-Autonomous-Racing-Cars/ros_ws/install/arc_startup:/home/adam/Sensor-Fusion-And-Autonomous-Racing-Cars/ros_ws/install/arc_keyboard_control:/home/adam/Sensor-Fusion-And-Autonomous-Racing-Cars/ros_ws/install/arc_autonomous_ctrl:/opt/ros/foxy LD_LIBRARY_PATH=/home/adam/Sensor-Fusion-And-Autonomous-Racing-Cars/ros_ws/install/io_context/lib:/home/adam/Sensor-Fusion-And-Autonomous-Racing-Cars/ros_ws/install/vesc_driver/lib:/home/adam/Sensor-Fusion-And-Autonomous-Racing-Cars/ros_ws/install/vesc_ackermann/lib:/home/adam/Sensor-Fusion-And-Autonomous-Racing-Cars/ros_ws/install/vesc_msgs/lib:/home/adam/Sensor-Fusion-And-Autonomous-Racing-Cars/ros_ws/install/v4l2_camera/lib:/home/adam/Sensor-Fusion-And-Autonomous-Racing-Cars/ros_ws/install/udp_driver/lib:/home/adam/Sensor-Fusion-And-Autonomous-Racing-Cars/ros_ws/install/theora_image_transport/lib:/home/adam/Sensor-Fusion-And-Autonomous-Racing-Cars/ros_ws/install/serial_driver/lib:/home/adam/Sensor-Fusion-And-Autonomous-Racing-Cars/ros_ws/install/compressed_image_transport/lib:/home/adam/Sensor-Fusion-And-Autonomous-Racing-Cars/ros_ws/install/compressed_depth_image_transport/lib:/opt/ros/foxy/opt/yaml_cpp_vendor/lib:/opt/ros/foxy/opt/rviz_ogre_vendor/lib:/opt/ros/foxy/lib/aarch64-linux-gnu:/opt/ros/foxy/lib /usr/bin/cmake --install /home/adam/Sensor-Fusion-And-Autonomous-Racing-Cars/ros_ws/build/udp_driver
[550.012s] Level 1:colcon.colcon_core.environment:create_environment_scripts_only(udp_driver)
[550.026s] DEBUG:colcon.colcon_core.event_handler.log_command:Invoked command in '/home/adam/Sensor-Fusion-And-Autonomous-Racing-Cars/ros_ws/build/udp_driver' returned '0': CMAKE_PREFIX_PATH=/home/adam/Sensor-Fusion-And-Autonomous-Racing-Cars/ros_ws/install/io_context:/home/adam/Sensor-Fusion-And-Autonomous-Racing-Cars/ros_ws/install/asio_cmake_module:/home/adam/Sensor-Fusion-And-Autonomous-Racing-Cars/ros_ws/install/vesc:/home/adam/Sensor-Fusion-And-Autonomous-Racing-Cars/ros_ws/install/vesc_driver:/home/adam/Sensor-Fusion-And-Autonomous-Racing-Cars/ros_ws/install/vesc_ackermann:/home/adam/Sensor-Fusion-And-Autonomous-Racing-Cars/ros_ws/install/vesc_msgs:/home/adam/Sensor-Fusion-And-Autonomous-Racing-Cars/ros_ws/install/v4l2_camera:/home/adam/Sensor-Fusion-And-Autonomous-Racing-Cars/ros_ws/install/udp_driver:/home/adam/Sensor-Fusion-And-Autonomous-Racing-Cars/ros_ws/install/image_transport_plugins:/home/adam/Sensor-Fusion-And-Autonomous-Racing-Cars/ros_ws/install/theora_image_transport:/home/adam/Sensor-Fusion-And-Autonomous-Racing-Cars/ros_ws/install/serial_driver:/home/adam/Sensor-Fusion-And-Autonomous-Racing-Cars/ros_ws/install/ldlidar_ros2:/home/adam/Sensor-Fusion-And-Autonomous-Racing-Cars/ros_ws/install/compressed_image_transport:/home/adam/Sensor-Fusion-And-Autonomous-Racing-Cars/ros_ws/install/compressed_depth_image_transport:/home/adam/Sensor-Fusion-And-Autonomous-Racing-Cars/ros_ws/install/steering_test_pkg:/home/adam/Sensor-Fusion-And-Autonomous-Racing-Cars/ros_ws/install/servo_controller:/home/adam/Sensor-Fusion-And-Autonomous-Racing-Cars/ros_ws/install/motor_controller:/home/adam/Sensor-Fusion-And-Autonomous-Racing-Cars/ros_ws/install/camera_sensor:/home/adam/Sensor-Fusion-And-Autonomous-Racing-Cars/ros_ws/install/arc_startup:/home/adam/Sensor-Fusion-And-Autonomous-Racing-Cars/ros_ws/install/arc_keyboard_control:/home/adam/Sensor-Fusion-And-Autonomous-Racing-Cars/ros_ws/install/arc_autonomous_ctrl:/opt/ros/foxy LD_LIBRARY_PATH=/home/adam/Sensor-Fusion-And-Autonomous-Racing-Cars/ros_ws/install/io_context/lib:/home/adam/Sensor-Fusion-And-Autonomous-Racing-Cars/ros_ws/install/vesc_driver/lib:/home/adam/Sensor-Fusion-And-Autonomous-Racing-Cars/ros_ws/install/vesc_ackermann/lib:/home/adam/Sensor-Fusion-And-Autonomous-Racing-Cars/ros_ws/install/vesc_msgs/lib:/home/adam/Sensor-Fusion-And-Autonomous-Racing-Cars/ros_ws/install/v4l2_camera/lib:/home/adam/Sensor-Fusion-And-Autonomous-Racing-Cars/ros_ws/install/udp_driver/lib:/home/adam/Sensor-Fusion-And-Autonomous-Racing-Cars/ros_ws/install/theora_image_transport/lib:/home/adam/Sensor-Fusion-And-Autonomous-Racing-Cars/ros_ws/install/serial_driver/lib:/home/adam/Sensor-Fusion-And-Autonomous-Racing-Cars/ros_ws/install/compressed_image_transport/lib:/home/adam/Sensor-Fusion-And-Autonomous-Racing-Cars/ros_ws/install/compressed_depth_image_transport/lib:/opt/ros/foxy/opt/yaml_cpp_vendor/lib:/opt/ros/foxy/opt/rviz_ogre_vendor/lib:/opt/ros/foxy/lib/aarch64-linux-gnu:/opt/ros/foxy/lib /usr/bin/cmake --install /home/adam/Sensor-Fusion-And-Autonomous-Racing-Cars/ros_ws/build/udp_driver
[550.398s] Level 1:colcon.colcon_core.environment:checking '/home/adam/Sensor-Fusion-And-Autonomous-Racing-Cars/ros_ws/install/udp_driver' for CMake module files
[550.404s] Level 1:colcon.colcon_core.environment:checking '/home/adam/Sensor-Fusion-And-Autonomous-Racing-Cars/ros_ws/install/udp_driver' for CMake config files
[550.406s] Level 1:colcon.colcon_core.shell:create_environment_hook('udp_driver', 'cmake_prefix_path')
[550.789s] INFO:colcon.colcon_core.shell:Creating environment hook '/home/adam/Sensor-Fusion-And-Autonomous-Racing-Cars/ros_ws/install/udp_driver/share/udp_driver/hook/cmake_prefix_path.ps1'
[550.793s] INFO:colcon.colcon_core.shell:Creating environment descriptor '/home/adam/Sensor-Fusion-And-Autonomous-Racing-Cars/ros_ws/install/udp_driver/share/udp_driver/hook/cmake_prefix_path.dsv'
[550.795s] INFO:colcon.colcon_core.shell:Creating environment hook '/home/adam/Sensor-Fusion-And-Autonomous-Racing-Cars/ros_ws/install/udp_driver/share/udp_driver/hook/cmake_prefix_path.sh'
[550.800s] Level 1:colcon.colcon_core.environment:checking '/home/adam/Sensor-Fusion-And-Autonomous-Racing-Cars/ros_ws/install/udp_driver/lib'
[550.801s] Level 1:colcon.colcon_core.shell:create_environment_hook('udp_driver', 'ld_library_path_lib')
[551.172s] INFO:colcon.colcon_core.shell:Creating environment hook '/home/adam/Sensor-Fusion-And-Autonomous-Racing-Cars/ros_ws/install/udp_driver/share/udp_driver/hook/ld_library_path_lib.ps1'
[551.175s] INFO:colcon.colcon_core.shell:Creating environment descriptor '/home/adam/Sensor-Fusion-And-Autonomous-Racing-Cars/ros_ws/install/udp_driver/share/udp_driver/hook/ld_library_path_lib.dsv'
[551.177s] INFO:colcon.colcon_core.shell:Creating environment hook '/home/adam/Sensor-Fusion-And-Autonomous-Racing-Cars/ros_ws/install/udp_driver/share/udp_driver/hook/ld_library_path_lib.sh'
[551.180s] Level 1:colcon.colcon_core.environment:checking '/home/adam/Sensor-Fusion-And-Autonomous-Racing-Cars/ros_ws/install/udp_driver/bin'
[551.182s] Level 1:colcon.colcon_core.environment:checking '/home/adam/Sensor-Fusion-And-Autonomous-Racing-Cars/ros_ws/install/udp_driver/lib/pkgconfig/udp_driver.pc'
[551.184s] Level 1:colcon.colcon_core.environment:checking '/home/adam/Sensor-Fusion-And-Autonomous-Racing-Cars/ros_ws/install/udp_driver/lib/python3.8/site-packages'
[551.185s] Level 1:colcon.colcon_core.environment:checking '/home/adam/Sensor-Fusion-And-Autonomous-Racing-Cars/ros_ws/install/udp_driver/bin'
[551.539s] INFO:colcon.colcon_core.shell:Creating package script '/home/adam/Sensor-Fusion-And-Autonomous-Racing-Cars/ros_ws/install/udp_driver/share/udp_driver/package.ps1'
[551.542s] INFO:colcon.colcon_core.shell:Creating package descriptor '/home/adam/Sensor-Fusion-And-Autonomous-Racing-Cars/ros_ws/install/udp_driver/share/udp_driver/package.dsv'
[551.546s] INFO:colcon.colcon_core.shell:Creating package script '/home/adam/Sensor-Fusion-And-Autonomous-Racing-Cars/ros_ws/install/udp_driver/share/udp_driver/package.sh'
[551.549s] INFO:colcon.colcon_core.shell:Creating package script '/home/adam/Sensor-Fusion-And-Autonomous-Racing-Cars/ros_ws/install/udp_driver/share/udp_driver/package.bash'
[551.551s] INFO:colcon.colcon_core.shell:Creating package script '/home/adam/Sensor-Fusion-And-Autonomous-Racing-Cars/ros_ws/install/udp_driver/share/udp_driver/package.zsh'
[551.554s] Level 1:colcon.colcon_core.environment:create_file_with_runtime_dependencies(/home/adam/Sensor-Fusion-And-Autonomous-Racing-Cars/ros_ws/install/udp_driver/share/colcon-core/packages/udp_driver)
[552.396s] Level 1:colcon.colcon_core.environment:create_environment_scripts_only(udp_driver)
[552.758s] Level 1:colcon.colcon_core.environment:checking '/home/adam/Sensor-Fusion-And-Autonomous-Racing-Cars/ros_ws/install/udp_driver' for CMake module files
[552.762s] Level 1:colcon.colcon_core.environment:checking '/home/adam/Sensor-Fusion-And-Autonomous-Racing-Cars/ros_ws/install/udp_driver' for CMake config files
[552.766s] Level 1:colcon.colcon_core.shell:create_environment_hook('udp_driver', 'cmake_prefix_path')
[553.115s] INFO:colcon.colcon_core.shell:Creating environment hook '/home/adam/Sensor-Fusion-And-Autonomous-Racing-Cars/ros_ws/install/udp_driver/share/udp_driver/hook/cmake_prefix_path.ps1'
[553.119s] INFO:colcon.colcon_core.shell:Creating environment descriptor '/home/adam/Sensor-Fusion-And-Autonomous-Racing-Cars/ros_ws/install/udp_driver/share/udp_driver/hook/cmake_prefix_path.dsv'
[553.123s] INFO:colcon.colcon_core.shell:Creating environment hook '/home/adam/Sensor-Fusion-And-Autonomous-Racing-Cars/ros_ws/install/udp_driver/share/udp_driver/hook/cmake_prefix_path.sh'
[553.129s] Level 1:colcon.colcon_core.environment:checking '/home/adam/Sensor-Fusion-And-Autonomous-Racing-Cars/ros_ws/install/udp_driver/lib'
[553.131s] Level 1:colcon.colcon_core.shell:create_environment_hook('udp_driver', 'ld_library_path_lib')
[553.619s] INFO:colcon.colcon_core.shell:Creating environment hook '/home/adam/Sensor-Fusion-And-Autonomous-Racing-Cars/ros_ws/install/udp_driver/share/udp_driver/hook/ld_library_path_lib.ps1'
[553.623s] INFO:colcon.colcon_core.shell:Creating environment descriptor '/home/adam/Sensor-Fusion-And-Autonomous-Racing-Cars/ros_ws/install/udp_driver/share/udp_driver/hook/ld_library_path_lib.dsv'
[553.626s] INFO:colcon.colcon_core.shell:Creating environment hook '/home/adam/Sensor-Fusion-And-Autonomous-Racing-Cars/ros_ws/install/udp_driver/share/udp_driver/hook/ld_library_path_lib.sh'
[553.631s] Level 1:colcon.colcon_core.environment:checking '/home/adam/Sensor-Fusion-And-Autonomous-Racing-Cars/ros_ws/install/udp_driver/bin'
[553.632s] Level 1:colcon.colcon_core.environment:checking '/home/adam/Sensor-Fusion-And-Autonomous-Racing-Cars/ros_ws/install/udp_driver/lib/pkgconfig/udp_driver.pc'
[553.635s] Level 1:colcon.colcon_core.environment:checking '/home/adam/Sensor-Fusion-And-Autonomous-Racing-Cars/ros_ws/install/udp_driver/lib/python3.8/site-packages'
[553.637s] Level 1:colcon.colcon_core.environment:checking '/home/adam/Sensor-Fusion-And-Autonomous-Racing-Cars/ros_ws/install/udp_driver/bin'
[554.174s] INFO:colcon.colcon_core.shell:Creating package script '/home/adam/Sensor-Fusion-And-Autonomous-Racing-Cars/ros_ws/install/udp_driver/share/udp_driver/package.ps1'
[554.182s] INFO:colcon.colcon_core.shell:Creating package descriptor '/home/adam/Sensor-Fusion-And-Autonomous-Racing-Cars/ros_ws/install/udp_driver/share/udp_driver/package.dsv'
[554.190s] INFO:colcon.colcon_core.shell:Creating package script '/home/adam/Sensor-Fusion-And-Autonomous-Racing-Cars/ros_ws/install/udp_driver/share/udp_driver/package.sh'
[554.199s] INFO:colcon.colcon_core.shell:Creating package script '/home/adam/Sensor-Fusion-And-Autonomous-Racing-Cars/ros_ws/install/udp_driver/share/udp_driver/package.bash'
[554.204s] INFO:colcon.colcon_core.shell:Creating package script '/home/adam/Sensor-Fusion-And-Autonomous-Racing-Cars/ros_ws/install/udp_driver/share/udp_driver/package.zsh'
[554.209s] Level 1:colcon.colcon_core.environment:create_file_with_runtime_dependencies(/home/adam/Sensor-Fusion-And-Autonomous-Racing-Cars/ros_ws/install/udp_driver/share/colcon-core/packages/udp_driver)
[558.416s] DEBUG:colcon.colcon_core.event_handler.log_command:Invoked command in '/home/adam/Sensor-Fusion-And-Autonomous-Racing-Cars/ros_ws/build/theora_image_transport' returned '0': AMENT_PREFIX_PATH=/home/adam/Sensor-Fusion-And-Autonomous-Racing-Cars/ros_ws/install/image_transport:${AMENT_PREFIX_PATH} CMAKE_PREFIX_PATH=/home/adam/Sensor-Fusion-And-Autonomous-Racing-Cars/ros_ws/install/image_transport:/home/adam/Sensor-Fusion-And-Autonomous-Racing-Cars/ros_ws/install/vesc:/home/adam/Sensor-Fusion-And-Autonomous-Racing-Cars/ros_ws/install/vesc_driver:/home/adam/Sensor-Fusion-And-Autonomous-Racing-Cars/ros_ws/install/vesc_ackermann:/home/adam/Sensor-Fusion-And-Autonomous-Racing-Cars/ros_ws/install/vesc_msgs:/home/adam/Sensor-Fusion-And-Autonomous-Racing-Cars/ros_ws/install/v4l2_camera:/home/adam/Sensor-Fusion-And-Autonomous-Racing-Cars/ros_ws/install/udp_driver:/home/adam/Sensor-Fusion-And-Autonomous-Racing-Cars/ros_ws/install/image_transport_plugins:/home/adam/Sensor-Fusion-And-Autonomous-Racing-Cars/ros_ws/install/theora_image_transport:/home/adam/Sensor-Fusion-And-Autonomous-Racing-Cars/ros_ws/install/serial_driver:/home/adam/Sensor-Fusion-And-Autonomous-Racing-Cars/ros_ws/install/ldlidar_ros2:/home/adam/Sensor-Fusion-And-Autonomous-Racing-Cars/ros_ws/install/io_context:/home/adam/Sensor-Fusion-And-Autonomous-Racing-Cars/ros_ws/install/compressed_image_transport:/home/adam/Sensor-Fusion-And-Autonomous-Racing-Cars/ros_ws/install/compressed_depth_image_transport:/home/adam/Sensor-Fusion-And-Autonomous-Racing-Cars/ros_ws/install/asio_cmake_module:/home/adam/Sensor-Fusion-And-Autonomous-Racing-Cars/ros_ws/install/steering_test_pkg:/home/adam/Sensor-Fusion-And-Autonomous-Racing-Cars/ros_ws/install/servo_controller:/home/adam/Sensor-Fusion-And-Autonomous-Racing-Cars/ros_ws/install/motor_controller:/home/adam/Sensor-Fusion-And-Autonomous-Racing-Cars/ros_ws/install/camera_sensor:/home/adam/Sensor-Fusion-And-Autonomous-Racing-Cars/ros_ws/install/arc_startup:/home/adam/Sensor-Fusion-And-Autonomous-Racing-Cars/ros_ws/install/arc_keyboard_control:/home/adam/Sensor-Fusion-And-Autonomous-Racing-Cars/ros_ws/install/arc_autonomous_ctrl:/opt/ros/foxy LD_LIBRARY_PATH=/home/adam/Sensor-Fusion-And-Autonomous-Racing-Cars/ros_ws/install/image_transport/lib:${LD_LIBRARY_PATH} /usr/bin/cmake --build /home/adam/Sensor-Fusion-And-Autonomous-Racing-Cars/ros_ws/build/theora_image_transport -- -j4 -l4
[558.975s] DEBUG:colcon.colcon_core.event_handler.log_command:Invoking command in '/home/adam/Sensor-Fusion-And-Autonomous-Racing-Cars/ros_ws/build/theora_image_transport': AMENT_PREFIX_PATH=/home/adam/Sensor-Fusion-And-Autonomous-Racing-Cars/ros_ws/install/image_transport:${AMENT_PREFIX_PATH} CMAKE_PREFIX_PATH=/home/adam/Sensor-Fusion-And-Autonomous-Racing-Cars/ros_ws/install/image_transport:/home/adam/Sensor-Fusion-And-Autonomous-Racing-Cars/ros_ws/install/vesc:/home/adam/Sensor-Fusion-And-Autonomous-Racing-Cars/ros_ws/install/vesc_driver:/home/adam/Sensor-Fusion-And-Autonomous-Racing-Cars/ros_ws/install/vesc_ackermann:/home/adam/Sensor-Fusion-And-Autonomous-Racing-Cars/ros_ws/install/vesc_msgs:/home/adam/Sensor-Fusion-And-Autonomous-Racing-Cars/ros_ws/install/v4l2_camera:/home/adam/Sensor-Fusion-And-Autonomous-Racing-Cars/ros_ws/install/udp_driver:/home/adam/Sensor-Fusion-And-Autonomous-Racing-Cars/ros_ws/install/image_transport_plugins:/home/adam/Sensor-Fusion-And-Autonomous-Racing-Cars/ros_ws/install/theora_image_transport:/home/adam/Sensor-Fusion-And-Autonomous-Racing-Cars/ros_ws/install/serial_driver:/home/adam/Sensor-Fusion-And-Autonomous-Racing-Cars/ros_ws/install/ldlidar_ros2:/home/adam/Sensor-Fusion-And-Autonomous-Racing-Cars/ros_ws/install/io_context:/home/adam/Sensor-Fusion-And-Autonomous-Racing-Cars/ros_ws/install/compressed_image_transport:/home/adam/Sensor-Fusion-And-Autonomous-Racing-Cars/ros_ws/install/compressed_depth_image_transport:/home/adam/Sensor-Fusion-And-Autonomous-Racing-Cars/ros_ws/install/asio_cmake_module:/home/adam/Sensor-Fusion-And-Autonomous-Racing-Cars/ros_ws/install/steering_test_pkg:/home/adam/Sensor-Fusion-And-Autonomous-Racing-Cars/ros_ws/install/servo_controller:/home/adam/Sensor-Fusion-And-Autonomous-Racing-Cars/ros_ws/install/motor_controller:/home/adam/Sensor-Fusion-And-Autonomous-Racing-Cars/ros_ws/install/camera_sensor:/home/adam/Sensor-Fusion-And-Autonomous-Racing-Cars/ros_ws/install/arc_startup:/home/adam/Sensor-Fusion-And-Autonomous-Racing-Cars/ros_ws/install/arc_keyboard_control:/home/adam/Sensor-Fusion-And-Autonomous-Racing-Cars/ros_ws/install/arc_autonomous_ctrl:/opt/ros/foxy LD_LIBRARY_PATH=/home/adam/Sensor-Fusion-And-Autonomous-Racing-Cars/ros_ws/install/image_transport/lib:${LD_LIBRARY_PATH} /usr/bin/cmake --install /home/adam/Sensor-Fusion-And-Autonomous-Racing-Cars/ros_ws/build/theora_image_transport
[559.460s] Level 1:colcon.colcon_core.environment:create_environment_scripts_only(theora_image_transport)
[559.462s] DEBUG:colcon.colcon_core.event_handler.log_command:Invoked command in '/home/adam/Sensor-Fusion-And-Autonomous-Racing-Cars/ros_ws/build/theora_image_transport' returned '0': AMENT_PREFIX_PATH=/home/adam/Sensor-Fusion-And-Autonomous-Racing-Cars/ros_ws/install/image_transport:${AMENT_PREFIX_PATH} CMAKE_PREFIX_PATH=/home/adam/Sensor-Fusion-And-Autonomous-Racing-Cars/ros_ws/install/image_transport:/home/adam/Sensor-Fusion-And-Autonomous-Racing-Cars/ros_ws/install/vesc:/home/adam/Sensor-Fusion-And-Autonomous-Racing-Cars/ros_ws/install/vesc_driver:/home/adam/Sensor-Fusion-And-Autonomous-Racing-Cars/ros_ws/install/vesc_ackermann:/home/adam/Sensor-Fusion-And-Autonomous-Racing-Cars/ros_ws/install/vesc_msgs:/home/adam/Sensor-Fusion-And-Autonomous-Racing-Cars/ros_ws/install/v4l2_camera:/home/adam/Sensor-Fusion-And-Autonomous-Racing-Cars/ros_ws/install/udp_driver:/home/adam/Sensor-Fusion-And-Autonomous-Racing-Cars/ros_ws/install/image_transport_plugins:/home/adam/Sensor-Fusion-And-Autonomous-Racing-Cars/ros_ws/install/theora_image_transport:/home/adam/Sensor-Fusion-And-Autonomous-Racing-Cars/ros_ws/install/serial_driver:/home/adam/Sensor-Fusion-And-Autonomous-Racing-Cars/ros_ws/install/ldlidar_ros2:/home/adam/Sensor-Fusion-And-Autonomous-Racing-Cars/ros_ws/install/io_context:/home/adam/Sensor-Fusion-And-Autonomous-Racing-Cars/ros_ws/install/compressed_image_transport:/home/adam/Sensor-Fusion-And-Autonomous-Racing-Cars/ros_ws/install/compressed_depth_image_transport:/home/adam/Sensor-Fusion-And-Autonomous-Racing-Cars/ros_ws/install/asio_cmake_module:/home/adam/Sensor-Fusion-And-Autonomous-Racing-Cars/ros_ws/install/steering_test_pkg:/home/adam/Sensor-Fusion-And-Autonomous-Racing-Cars/ros_ws/install/servo_controller:/home/adam/Sensor-Fusion-And-Autonomous-Racing-Cars/ros_ws/install/motor_controller:/home/adam/Sensor-Fusion-And-Autonomous-Racing-Cars/ros_ws/install/camera_sensor:/home/adam/Sensor-Fusion-And-Autonomous-Racing-Cars/ros_ws/install/arc_startup:/home/adam/Sensor-Fusion-And-Autonomous-Racing-Cars/ros_ws/install/arc_keyboard_control:/home/adam/Sensor-Fusion-And-Autonomous-Racing-Cars/ros_ws/install/arc_autonomous_ctrl:/opt/ros/foxy LD_LIBRARY_PATH=/home/adam/Sensor-Fusion-And-Autonomous-Racing-Cars/ros_ws/install/image_transport/lib:${LD_LIBRARY_PATH} /usr/bin/cmake --install /home/adam/Sensor-Fusion-And-Autonomous-Racing-Cars/ros_ws/build/theora_image_transport
[559.743s] Level 1:colcon.colcon_core.environment:checking '/home/adam/Sensor-Fusion-And-Autonomous-Racing-Cars/ros_ws/install/theora_image_transport' for CMake module files
[559.748s] Level 1:colcon.colcon_core.environment:checking '/home/adam/Sensor-Fusion-And-Autonomous-Racing-Cars/ros_ws/install/theora_image_transport' for CMake config files
[559.752s] Level 1:colcon.colcon_core.shell:create_environment_hook('theora_image_transport', 'cmake_prefix_path')
[560.029s] INFO:colcon.colcon_core.shell:Creating environment hook '/home/adam/Sensor-Fusion-And-Autonomous-Racing-Cars/ros_ws/install/theora_image_transport/share/theora_image_transport/hook/cmake_prefix_path.ps1'
[560.032s] INFO:colcon.colcon_core.shell:Creating environment descriptor '/home/adam/Sensor-Fusion-And-Autonomous-Racing-Cars/ros_ws/install/theora_image_transport/share/theora_image_transport/hook/cmake_prefix_path.dsv'
[560.034s] INFO:colcon.colcon_core.shell:Creating environment hook '/home/adam/Sensor-Fusion-And-Autonomous-Racing-Cars/ros_ws/install/theora_image_transport/share/theora_image_transport/hook/cmake_prefix_path.sh'
[560.037s] Level 1:colcon.colcon_core.environment:checking '/home/adam/Sensor-Fusion-And-Autonomous-Racing-Cars/ros_ws/install/theora_image_transport/lib'
[560.037s] Level 1:colcon.colcon_core.shell:create_environment_hook('theora_image_transport', 'ld_library_path_lib')
[560.321s] INFO:colcon.colcon_core.shell:Creating environment hook '/home/adam/Sensor-Fusion-And-Autonomous-Racing-Cars/ros_ws/install/theora_image_transport/share/theora_image_transport/hook/ld_library_path_lib.ps1'
[560.323s] INFO:colcon.colcon_core.shell:Creating environment descriptor '/home/adam/Sensor-Fusion-And-Autonomous-Racing-Cars/ros_ws/install/theora_image_transport/share/theora_image_transport/hook/ld_library_path_lib.dsv'
[560.325s] INFO:colcon.colcon_core.shell:Creating environment hook '/home/adam/Sensor-Fusion-And-Autonomous-Racing-Cars/ros_ws/install/theora_image_transport/share/theora_image_transport/hook/ld_library_path_lib.sh'
[560.327s] Level 1:colcon.colcon_core.environment:checking '/home/adam/Sensor-Fusion-And-Autonomous-Racing-Cars/ros_ws/install/theora_image_transport/bin'
[560.328s] Level 1:colcon.colcon_core.shell:create_environment_hook('theora_image_transport', 'path')
[560.604s] INFO:colcon.colcon_core.shell:Creating environment hook '/home/adam/Sensor-Fusion-And-Autonomous-Racing-Cars/ros_ws/install/theora_image_transport/share/theora_image_transport/hook/path.ps1'
[560.606s] INFO:colcon.colcon_core.shell:Creating environment descriptor '/home/adam/Sensor-Fusion-And-Autonomous-Racing-Cars/ros_ws/install/theora_image_transport/share/theora_image_transport/hook/path.dsv'
[560.607s] INFO:colcon.colcon_core.shell:Creating environment hook '/home/adam/Sensor-Fusion-And-Autonomous-Racing-Cars/ros_ws/install/theora_image_transport/share/theora_image_transport/hook/path.sh'
[560.610s] Level 1:colcon.colcon_core.environment:checking '/home/adam/Sensor-Fusion-And-Autonomous-Racing-Cars/ros_ws/install/theora_image_transport/lib/pkgconfig/theora_image_transport.pc'
[560.611s] Level 1:colcon.colcon_core.environment:checking '/home/adam/Sensor-Fusion-And-Autonomous-Racing-Cars/ros_ws/install/theora_image_transport/lib/python3.8/site-packages'
[560.611s] Level 1:colcon.colcon_core.shell:create_environment_hook('theora_image_transport', 'pythonpath')
[560.890s] INFO:colcon.colcon_core.shell:Creating environment hook '/home/adam/Sensor-Fusion-And-Autonomous-Racing-Cars/ros_ws/install/theora_image_transport/share/theora_image_transport/hook/pythonpath.ps1'
[560.892s] INFO:colcon.colcon_core.shell:Creating environment descriptor '/home/adam/Sensor-Fusion-And-Autonomous-Racing-Cars/ros_ws/install/theora_image_transport/share/theora_image_transport/hook/pythonpath.dsv'
[560.894s] INFO:colcon.colcon_core.shell:Creating environment hook '/home/adam/Sensor-Fusion-And-Autonomous-Racing-Cars/ros_ws/install/theora_image_transport/share/theora_image_transport/hook/pythonpath.sh'
[560.896s] Level 1:colcon.colcon_core.environment:checking '/home/adam/Sensor-Fusion-And-Autonomous-Racing-Cars/ros_ws/install/theora_image_transport/bin'
[560.897s] Level 1:colcon.colcon_core.shell:create_environment_hook('theora_image_transport', 'pythonscriptspath')
[561.174s] INFO:colcon.colcon_core.shell:Creating environment hook '/home/adam/Sensor-Fusion-And-Autonomous-Racing-Cars/ros_ws/install/theora_image_transport/share/theora_image_transport/hook/pythonscriptspath.ps1'
[561.176s] INFO:colcon.colcon_core.shell:Creating environment descriptor '/home/adam/Sensor-Fusion-And-Autonomous-Racing-Cars/ros_ws/install/theora_image_transport/share/theora_image_transport/hook/pythonscriptspath.dsv'
[561.178s] INFO:colcon.colcon_core.shell:Creating environment hook '/home/adam/Sensor-Fusion-And-Autonomous-Racing-Cars/ros_ws/install/theora_image_transport/share/theora_image_transport/hook/pythonscriptspath.sh'
[561.451s] INFO:colcon.colcon_core.shell:Creating package script '/home/adam/Sensor-Fusion-And-Autonomous-Racing-Cars/ros_ws/install/theora_image_transport/share/theora_image_transport/package.ps1'
[561.454s] INFO:colcon.colcon_core.shell:Creating package descriptor '/home/adam/Sensor-Fusion-And-Autonomous-Racing-Cars/ros_ws/install/theora_image_transport/share/theora_image_transport/package.dsv'
[561.457s] INFO:colcon.colcon_core.shell:Creating package script '/home/adam/Sensor-Fusion-And-Autonomous-Racing-Cars/ros_ws/install/theora_image_transport/share/theora_image_transport/package.sh'
[561.459s] INFO:colcon.colcon_core.shell:Creating package script '/home/adam/Sensor-Fusion-And-Autonomous-Racing-Cars/ros_ws/install/theora_image_transport/share/theora_image_transport/package.bash'
[561.461s] INFO:colcon.colcon_core.shell:Creating package script '/home/adam/Sensor-Fusion-And-Autonomous-Racing-Cars/ros_ws/install/theora_image_transport/share/theora_image_transport/package.zsh'
[561.463s] Level 1:colcon.colcon_core.environment:create_file_with_runtime_dependencies(/home/adam/Sensor-Fusion-And-Autonomous-Racing-Cars/ros_ws/install/theora_image_transport/share/colcon-core/packages/theora_image_transport)
[562.291s] Level 1:colcon.colcon_core.environment:create_environment_scripts_only(theora_image_transport)
[562.645s] Level 1:colcon.colcon_core.environment:checking '/home/adam/Sensor-Fusion-And-Autonomous-Racing-Cars/ros_ws/install/theora_image_transport' for CMake module files
[562.650s] Level 1:colcon.colcon_core.environment:checking '/home/adam/Sensor-Fusion-And-Autonomous-Racing-Cars/ros_ws/install/theora_image_transport' for CMake config files
[562.653s] Level 1:colcon.colcon_core.shell:create_environment_hook('theora_image_transport', 'cmake_prefix_path')
[562.934s] INFO:colcon.colcon_core.shell:Creating environment hook '/home/adam/Sensor-Fusion-And-Autonomous-Racing-Cars/ros_ws/install/theora_image_transport/share/theora_image_transport/hook/cmake_prefix_path.ps1'
[562.936s] INFO:colcon.colcon_core.shell:Creating environment descriptor '/home/adam/Sensor-Fusion-And-Autonomous-Racing-Cars/ros_ws/install/theora_image_transport/share/theora_image_transport/hook/cmake_prefix_path.dsv'
[562.938s] INFO:colcon.colcon_core.shell:Creating environment hook '/home/adam/Sensor-Fusion-And-Autonomous-Racing-Cars/ros_ws/install/theora_image_transport/share/theora_image_transport/hook/cmake_prefix_path.sh'
[562.942s] Level 1:colcon.colcon_core.environment:checking '/home/adam/Sensor-Fusion-And-Autonomous-Racing-Cars/ros_ws/install/theora_image_transport/lib'
[562.942s] Level 1:colcon.colcon_core.shell:create_environment_hook('theora_image_transport', 'ld_library_path_lib')
[563.224s] INFO:colcon.colcon_core.shell:Creating environment hook '/home/adam/Sensor-Fusion-And-Autonomous-Racing-Cars/ros_ws/install/theora_image_transport/share/theora_image_transport/hook/ld_library_path_lib.ps1'
[563.226s] INFO:colcon.colcon_core.shell:Creating environment descriptor '/home/adam/Sensor-Fusion-And-Autonomous-Racing-Cars/ros_ws/install/theora_image_transport/share/theora_image_transport/hook/ld_library_path_lib.dsv'
[563.229s] INFO:colcon.colcon_core.shell:Creating environment hook '/home/adam/Sensor-Fusion-And-Autonomous-Racing-Cars/ros_ws/install/theora_image_transport/share/theora_image_transport/hook/ld_library_path_lib.sh'
[563.231s] Level 1:colcon.colcon_core.environment:checking '/home/adam/Sensor-Fusion-And-Autonomous-Racing-Cars/ros_ws/install/theora_image_transport/bin'
[563.231s] Level 1:colcon.colcon_core.shell:create_environment_hook('theora_image_transport', 'path')
[563.508s] INFO:colcon.colcon_core.shell:Creating environment hook '/home/adam/Sensor-Fusion-And-Autonomous-Racing-Cars/ros_ws/install/theora_image_transport/share/theora_image_transport/hook/path.ps1'
[563.510s] INFO:colcon.colcon_core.shell:Creating environment descriptor '/home/adam/Sensor-Fusion-And-Autonomous-Racing-Cars/ros_ws/install/theora_image_transport/share/theora_image_transport/hook/path.dsv'
[563.512s] INFO:colcon.colcon_core.shell:Creating environment hook '/home/adam/Sensor-Fusion-And-Autonomous-Racing-Cars/ros_ws/install/theora_image_transport/share/theora_image_transport/hook/path.sh'
[563.515s] Level 1:colcon.colcon_core.environment:checking '/home/adam/Sensor-Fusion-And-Autonomous-Racing-Cars/ros_ws/install/theora_image_transport/lib/pkgconfig/theora_image_transport.pc'
[563.516s] Level 1:colcon.colcon_core.environment:checking '/home/adam/Sensor-Fusion-And-Autonomous-Racing-Cars/ros_ws/install/theora_image_transport/lib/python3.8/site-packages'
[563.516s] Level 1:colcon.colcon_core.shell:create_environment_hook('theora_image_transport', 'pythonpath')
[563.794s] INFO:colcon.colcon_core.shell:Creating environment hook '/home/adam/Sensor-Fusion-And-Autonomous-Racing-Cars/ros_ws/install/theora_image_transport/share/theora_image_transport/hook/pythonpath.ps1'
[563.797s] INFO:colcon.colcon_core.shell:Creating environment descriptor '/home/adam/Sensor-Fusion-And-Autonomous-Racing-Cars/ros_ws/install/theora_image_transport/share/theora_image_transport/hook/pythonpath.dsv'
[563.799s] INFO:colcon.colcon_core.shell:Creating environment hook '/home/adam/Sensor-Fusion-And-Autonomous-Racing-Cars/ros_ws/install/theora_image_transport/share/theora_image_transport/hook/pythonpath.sh'
[563.802s] Level 1:colcon.colcon_core.environment:checking '/home/adam/Sensor-Fusion-And-Autonomous-Racing-Cars/ros_ws/install/theora_image_transport/bin'
[563.803s] Level 1:colcon.colcon_core.shell:create_environment_hook('theora_image_transport', 'pythonscriptspath')
[564.112s] INFO:colcon.colcon_core.shell:Creating environment hook '/home/adam/Sensor-Fusion-And-Autonomous-Racing-Cars/ros_ws/install/theora_image_transport/share/theora_image_transport/hook/pythonscriptspath.ps1'
[564.115s] INFO:colcon.colcon_core.shell:Creating environment descriptor '/home/adam/Sensor-Fusion-And-Autonomous-Racing-Cars/ros_ws/install/theora_image_transport/share/theora_image_transport/hook/pythonscriptspath.dsv'
[564.117s] INFO:colcon.colcon_core.shell:Creating environment hook '/home/adam/Sensor-Fusion-And-Autonomous-Racing-Cars/ros_ws/install/theora_image_transport/share/theora_image_transport/hook/pythonscriptspath.sh'
[564.399s] INFO:colcon.colcon_core.shell:Creating package script '/home/adam/Sensor-Fusion-And-Autonomous-Racing-Cars/ros_ws/install/theora_image_transport/share/theora_image_transport/package.ps1'
[564.403s] INFO:colcon.colcon_core.shell:Creating package descriptor '/home/adam/Sensor-Fusion-And-Autonomous-Racing-Cars/ros_ws/install/theora_image_transport/share/theora_image_transport/package.dsv'
[564.406s] INFO:colcon.colcon_core.shell:Creating package script '/home/adam/Sensor-Fusion-And-Autonomous-Racing-Cars/ros_ws/install/theora_image_transport/share/theora_image_transport/package.sh'
[564.410s] INFO:colcon.colcon_core.shell:Creating package script '/home/adam/Sensor-Fusion-And-Autonomous-Racing-Cars/ros_ws/install/theora_image_transport/share/theora_image_transport/package.bash'
[564.412s] INFO:colcon.colcon_core.shell:Creating package script '/home/adam/Sensor-Fusion-And-Autonomous-Racing-Cars/ros_ws/install/theora_image_transport/share/theora_image_transport/package.zsh'
[564.415s] Level 1:colcon.colcon_core.environment:create_file_with_runtime_dependencies(/home/adam/Sensor-Fusion-And-Autonomous-Racing-Cars/ros_ws/install/theora_image_transport/share/colcon-core/packages/theora_image_transport)
[564.417s] INFO:colcon.colcon_ros.task.ament_cmake.build:Building ROS package in '/home/adam/Sensor-Fusion-And-Autonomous-Racing-Cars/ros_ws/src/image_transport_plugins/image_transport_plugins' with build type 'ament_cmake'
[564.418s] INFO:colcon.colcon_cmake.task.cmake.build:Building CMake package in '/home/adam/Sensor-Fusion-And-Autonomous-Racing-Cars/ros_ws/src/image_transport_plugins/image_transport_plugins'
[564.746s] INFO:colcon.colcon_core.shell:Skip shell extension 'powershell' for command environment: Not usable outside of PowerShell
[564.747s] DEBUG:colcon.colcon_core.shell:Skip shell extension 'dsv' for command environment
[565.686s] DEBUG:colcon.colcon_core.event_handler.log_command:Invoking command in '/home/adam/Sensor-Fusion-And-Autonomous-Racing-Cars/ros_ws/build/image_transport_plugins': AMENT_PREFIX_PATH=/home/adam/Sensor-Fusion-And-Autonomous-Racing-Cars/ros_ws/install/image_transport:${AMENT_PREFIX_PATH} CMAKE_PREFIX_PATH=/home/adam/Sensor-Fusion-And-Autonomous-Racing-Cars/ros_ws/install/theora_image_transport:/home/adam/Sensor-Fusion-And-Autonomous-Racing-Cars/ros_ws/install/compressed_image_transport:/home/adam/Sensor-Fusion-And-Autonomous-Racing-Cars/ros_ws/install/compressed_depth_image_transport:/home/adam/Sensor-Fusion-And-Autonomous-Racing-Cars/ros_ws/install/image_transport:/home/adam/Sensor-Fusion-And-Autonomous-Racing-Cars/ros_ws/install/vesc:/home/adam/Sensor-Fusion-And-Autonomous-Racing-Cars/ros_ws/install/vesc_driver:/home/adam/Sensor-Fusion-And-Autonomous-Racing-Cars/ros_ws/install/vesc_ackermann:/home/adam/Sensor-Fusion-And-Autonomous-Racing-Cars/ros_ws/install/vesc_msgs:/home/adam/Sensor-Fusion-And-Autonomous-Racing-Cars/ros_ws/install/v4l2_camera:/home/adam/Sensor-Fusion-And-Autonomous-Racing-Cars/ros_ws/install/udp_driver:/home/adam/Sensor-Fusion-And-Autonomous-Racing-Cars/ros_ws/install/image_transport_plugins:/home/adam/Sensor-Fusion-And-Autonomous-Racing-Cars/ros_ws/install/serial_driver:/home/adam/Sensor-Fusion-And-Autonomous-Racing-Cars/ros_ws/install/ldlidar_ros2:/home/adam/Sensor-Fusion-And-Autonomous-Racing-Cars/ros_ws/install/io_context:/home/adam/Sensor-Fusion-And-Autonomous-Racing-Cars/ros_ws/install/asio_cmake_module:/home/adam/Sensor-Fusion-And-Autonomous-Racing-Cars/ros_ws/install/steering_test_pkg:/home/adam/Sensor-Fusion-And-Autonomous-Racing-Cars/ros_ws/install/servo_controller:/home/adam/Sensor-Fusion-And-Autonomous-Racing-Cars/ros_ws/install/motor_controller:/home/adam/Sensor-Fusion-And-Autonomous-Racing-Cars/ros_ws/install/camera_sensor:/home/adam/Sensor-Fusion-And-Autonomous-Racing-Cars/ros_ws/install/arc_startup:/home/adam/Sensor-Fusion-And-Autonomous-Racing-Cars/ros_ws/install/arc_keyboard_control:/home/adam/Sensor-Fusion-And-Autonomous-Racing-Cars/ros_ws/install/arc_autonomous_ctrl:/opt/ros/foxy LD_LIBRARY_PATH=/home/adam/Sensor-Fusion-And-Autonomous-Racing-Cars/ros_ws/install/theora_image_transport/lib:/home/adam/Sensor-Fusion-And-Autonomous-Racing-Cars/ros_ws/install/compressed_image_transport/lib:/home/adam/Sensor-Fusion-And-Autonomous-Racing-Cars/ros_ws/install/compressed_depth_image_transport/lib:/home/adam/Sensor-Fusion-And-Autonomous-Racing-Cars/ros_ws/install/image_transport/lib:/home/adam/Sensor-Fusion-And-Autonomous-Racing-Cars/ros_ws/install/vesc_driver/lib:/home/adam/Sensor-Fusion-And-Autonomous-Racing-Cars/ros_ws/install/vesc_ackermann/lib:/home/adam/Sensor-Fusion-And-Autonomous-Racing-Cars/ros_ws/install/vesc_msgs/lib:/home/adam/Sensor-Fusion-And-Autonomous-Racing-Cars/ros_ws/install/v4l2_camera/lib:/home/adam/Sensor-Fusion-And-Autonomous-Racing-Cars/ros_ws/install/udp_driver/lib:/home/adam/Sensor-Fusion-And-Autonomous-Racing-Cars/ros_ws/install/serial_driver/lib:/home/adam/Sensor-Fusion-And-Autonomous-Racing-Cars/ros_ws/install/io_context/lib:/opt/ros/foxy/opt/yaml_cpp_vendor/lib:/opt/ros/foxy/opt/rviz_ogre_vendor/lib:/opt/ros/foxy/lib/aarch64-linux-gnu:/opt/ros/foxy/lib PATH=/home/adam/Sensor-Fusion-And-Autonomous-Racing-Cars/ros_ws/install/theora_image_transport/bin:/home/adam/.vscode-server/bin/863d2581ecda6849923a2118d93a088b0745d9d6/bin/remote-cli:/home/adam/.local/bin:/opt/ros/foxy/bin:/usr/local/sbin:/usr/local/bin:/usr/sbin:/usr/bin:/sbin:/bin:/usr/games:/usr/local/games:/snap/bin PYTHONPATH=/home/adam/Sensor-Fusion-And-Autonomous-Racing-Cars/ros_ws/install/theora_image_transport/lib/python3.8/site-packages:/home/adam/Sensor-Fusion-And-Autonomous-Racing-Cars/ros_ws/install/vesc_msgs/lib/python3.8/site-packages:/home/adam/Sensor-Fusion-And-Autonomous-Racing-Cars/ros_ws/install/steering_test_pkg/lib/python3.8/site-packages:/home/adam/Sensor-Fusion-And-Autonomous-Racing-Cars/ros_ws/install/servo_controller/lib/python3.8/site-packages:/home/adam/Sensor-Fusion-And-Autonomous-Racing-Cars/ros_ws/install/motor_controller/lib/python3.8/site-packages:/home/adam/Sensor-Fusion-And-Autonomous-Racing-Cars/ros_ws/install/camera_sensor/lib/python3.8/site-packages:/home/adam/Sensor-Fusion-And-Autonomous-Racing-Cars/ros_ws/install/arc_startup/lib/python3.8/site-packages:/home/adam/Sensor-Fusion-And-Autonomous-Racing-Cars/ros_ws/install/arc_keyboard_control/lib/python3.8/site-packages:/home/adam/Sensor-Fusion-And-Autonomous-Racing-Cars/ros_ws/install/arc_autonomous_ctrl/lib/python3.8/site-packages:/opt/ros/foxy/lib/python3.8/site-packages /usr/bin/cmake /home/adam/Sensor-Fusion-And-Autonomous-Racing-Cars/ros_ws/src/image_transport_plugins/image_transport_plugins -DCMAKE_INSTALL_PREFIX=/home/adam/Sensor-Fusion-And-Autonomous-Racing-Cars/ros_ws/install/image_transport_plugins
[570.282s] DEBUG:colcon.colcon_core.event_handler.log_command:Invoked command in '/home/adam/Sensor-Fusion-And-Autonomous-Racing-Cars/ros_ws/build/image_transport_plugins' returned '0': AMENT_PREFIX_PATH=/home/adam/Sensor-Fusion-And-Autonomous-Racing-Cars/ros_ws/install/image_transport:${AMENT_PREFIX_PATH} CMAKE_PREFIX_PATH=/home/adam/Sensor-Fusion-And-Autonomous-Racing-Cars/ros_ws/install/theora_image_transport:/home/adam/Sensor-Fusion-And-Autonomous-Racing-Cars/ros_ws/install/compressed_image_transport:/home/adam/Sensor-Fusion-And-Autonomous-Racing-Cars/ros_ws/install/compressed_depth_image_transport:/home/adam/Sensor-Fusion-And-Autonomous-Racing-Cars/ros_ws/install/image_transport:/home/adam/Sensor-Fusion-And-Autonomous-Racing-Cars/ros_ws/install/vesc:/home/adam/Sensor-Fusion-And-Autonomous-Racing-Cars/ros_ws/install/vesc_driver:/home/adam/Sensor-Fusion-And-Autonomous-Racing-Cars/ros_ws/install/vesc_ackermann:/home/adam/Sensor-Fusion-And-Autonomous-Racing-Cars/ros_ws/install/vesc_msgs:/home/adam/Sensor-Fusion-And-Autonomous-Racing-Cars/ros_ws/install/v4l2_camera:/home/adam/Sensor-Fusion-And-Autonomous-Racing-Cars/ros_ws/install/udp_driver:/home/adam/Sensor-Fusion-And-Autonomous-Racing-Cars/ros_ws/install/image_transport_plugins:/home/adam/Sensor-Fusion-And-Autonomous-Racing-Cars/ros_ws/install/serial_driver:/home/adam/Sensor-Fusion-And-Autonomous-Racing-Cars/ros_ws/install/ldlidar_ros2:/home/adam/Sensor-Fusion-And-Autonomous-Racing-Cars/ros_ws/install/io_context:/home/adam/Sensor-Fusion-And-Autonomous-Racing-Cars/ros_ws/install/asio_cmake_module:/home/adam/Sensor-Fusion-And-Autonomous-Racing-Cars/ros_ws/install/steering_test_pkg:/home/adam/Sensor-Fusion-And-Autonomous-Racing-Cars/ros_ws/install/servo_controller:/home/adam/Sensor-Fusion-And-Autonomous-Racing-Cars/ros_ws/install/motor_controller:/home/adam/Sensor-Fusion-And-Autonomous-Racing-Cars/ros_ws/install/camera_sensor:/home/adam/Sensor-Fusion-And-Autonomous-Racing-Cars/ros_ws/install/arc_startup:/home/adam/Sensor-Fusion-And-Autonomous-Racing-Cars/ros_ws/install/arc_keyboard_control:/home/adam/Sensor-Fusion-And-Autonomous-Racing-Cars/ros_ws/install/arc_autonomous_ctrl:/opt/ros/foxy LD_LIBRARY_PATH=/home/adam/Sensor-Fusion-And-Autonomous-Racing-Cars/ros_ws/install/theora_image_transport/lib:/home/adam/Sensor-Fusion-And-Autonomous-Racing-Cars/ros_ws/install/compressed_image_transport/lib:/home/adam/Sensor-Fusion-And-Autonomous-Racing-Cars/ros_ws/install/compressed_depth_image_transport/lib:/home/adam/Sensor-Fusion-And-Autonomous-Racing-Cars/ros_ws/install/image_transport/lib:/home/adam/Sensor-Fusion-And-Autonomous-Racing-Cars/ros_ws/install/vesc_driver/lib:/home/adam/Sensor-Fusion-And-Autonomous-Racing-Cars/ros_ws/install/vesc_ackermann/lib:/home/adam/Sensor-Fusion-And-Autonomous-Racing-Cars/ros_ws/install/vesc_msgs/lib:/home/adam/Sensor-Fusion-And-Autonomous-Racing-Cars/ros_ws/install/v4l2_camera/lib:/home/adam/Sensor-Fusion-And-Autonomous-Racing-Cars/ros_ws/install/udp_driver/lib:/home/adam/Sensor-Fusion-And-Autonomous-Racing-Cars/ros_ws/install/serial_driver/lib:/home/adam/Sensor-Fusion-And-Autonomous-Racing-Cars/ros_ws/install/io_context/lib:/opt/ros/foxy/opt/yaml_cpp_vendor/lib:/opt/ros/foxy/opt/rviz_ogre_vendor/lib:/opt/ros/foxy/lib/aarch64-linux-gnu:/opt/ros/foxy/lib PATH=/home/adam/Sensor-Fusion-And-Autonomous-Racing-Cars/ros_ws/install/theora_image_transport/bin:/home/adam/.vscode-server/bin/863d2581ecda6849923a2118d93a088b0745d9d6/bin/remote-cli:/home/adam/.local/bin:/opt/ros/foxy/bin:/usr/local/sbin:/usr/local/bin:/usr/sbin:/usr/bin:/sbin:/bin:/usr/games:/usr/local/games:/snap/bin PYTHONPATH=/home/adam/Sensor-Fusion-And-Autonomous-Racing-Cars/ros_ws/install/theora_image_transport/lib/python3.8/site-packages:/home/adam/Sensor-Fusion-And-Autonomous-Racing-Cars/ros_ws/install/vesc_msgs/lib/python3.8/site-packages:/home/adam/Sensor-Fusion-And-Autonomous-Racing-Cars/ros_ws/install/steering_test_pkg/lib/python3.8/site-packages:/home/adam/Sensor-Fusion-And-Autonomous-Racing-Cars/ros_ws/install/servo_controller/lib/python3.8/site-packages:/home/adam/Sensor-Fusion-And-Autonomous-Racing-Cars/ros_ws/install/motor_controller/lib/python3.8/site-packages:/home/adam/Sensor-Fusion-And-Autonomous-Racing-Cars/ros_ws/install/camera_sensor/lib/python3.8/site-packages:/home/adam/Sensor-Fusion-And-Autonomous-Racing-Cars/ros_ws/install/arc_startup/lib/python3.8/site-packages:/home/adam/Sensor-Fusion-And-Autonomous-Racing-Cars/ros_ws/install/arc_keyboard_control/lib/python3.8/site-packages:/home/adam/Sensor-Fusion-And-Autonomous-Racing-Cars/ros_ws/install/arc_autonomous_ctrl/lib/python3.8/site-packages:/opt/ros/foxy/lib/python3.8/site-packages /usr/bin/cmake /home/adam/Sensor-Fusion-And-Autonomous-Racing-Cars/ros_ws/src/image_transport_plugins/image_transport_plugins -DCMAKE_INSTALL_PREFIX=/home/adam/Sensor-Fusion-And-Autonomous-Racing-Cars/ros_ws/install/image_transport_plugins
[570.287s] DEBUG:colcon.colcon_core.event_handler.log_command:Invoking command in '/home/adam/Sensor-Fusion-And-Autonomous-Racing-Cars/ros_ws/build/image_transport_plugins': AMENT_PREFIX_PATH=/home/adam/Sensor-Fusion-And-Autonomous-Racing-Cars/ros_ws/install/image_transport:${AMENT_PREFIX_PATH} CMAKE_PREFIX_PATH=/home/adam/Sensor-Fusion-And-Autonomous-Racing-Cars/ros_ws/install/theora_image_transport:/home/adam/Sensor-Fusion-And-Autonomous-Racing-Cars/ros_ws/install/compressed_image_transport:/home/adam/Sensor-Fusion-And-Autonomous-Racing-Cars/ros_ws/install/compressed_depth_image_transport:/home/adam/Sensor-Fusion-And-Autonomous-Racing-Cars/ros_ws/install/image_transport:/home/adam/Sensor-Fusion-And-Autonomous-Racing-Cars/ros_ws/install/vesc:/home/adam/Sensor-Fusion-And-Autonomous-Racing-Cars/ros_ws/install/vesc_driver:/home/adam/Sensor-Fusion-And-Autonomous-Racing-Cars/ros_ws/install/vesc_ackermann:/home/adam/Sensor-Fusion-And-Autonomous-Racing-Cars/ros_ws/install/vesc_msgs:/home/adam/Sensor-Fusion-And-Autonomous-Racing-Cars/ros_ws/install/v4l2_camera:/home/adam/Sensor-Fusion-And-Autonomous-Racing-Cars/ros_ws/install/udp_driver:/home/adam/Sensor-Fusion-And-Autonomous-Racing-Cars/ros_ws/install/image_transport_plugins:/home/adam/Sensor-Fusion-And-Autonomous-Racing-Cars/ros_ws/install/serial_driver:/home/adam/Sensor-Fusion-And-Autonomous-Racing-Cars/ros_ws/install/ldlidar_ros2:/home/adam/Sensor-Fusion-And-Autonomous-Racing-Cars/ros_ws/install/io_context:/home/adam/Sensor-Fusion-And-Autonomous-Racing-Cars/ros_ws/install/asio_cmake_module:/home/adam/Sensor-Fusion-And-Autonomous-Racing-Cars/ros_ws/install/steering_test_pkg:/home/adam/Sensor-Fusion-And-Autonomous-Racing-Cars/ros_ws/install/servo_controller:/home/adam/Sensor-Fusion-And-Autonomous-Racing-Cars/ros_ws/install/motor_controller:/home/adam/Sensor-Fusion-And-Autonomous-Racing-Cars/ros_ws/install/camera_sensor:/home/adam/Sensor-Fusion-And-Autonomous-Racing-Cars/ros_ws/install/arc_startup:/home/adam/Sensor-Fusion-And-Autonomous-Racing-Cars/ros_ws/install/arc_keyboard_control:/home/adam/Sensor-Fusion-And-Autonomous-Racing-Cars/ros_ws/install/arc_autonomous_ctrl:/opt/ros/foxy LD_LIBRARY_PATH=/home/adam/Sensor-Fusion-And-Autonomous-Racing-Cars/ros_ws/install/theora_image_transport/lib:/home/adam/Sensor-Fusion-And-Autonomous-Racing-Cars/ros_ws/install/compressed_image_transport/lib:/home/adam/Sensor-Fusion-And-Autonomous-Racing-Cars/ros_ws/install/compressed_depth_image_transport/lib:/home/adam/Sensor-Fusion-And-Autonomous-Racing-Cars/ros_ws/install/image_transport/lib:/home/adam/Sensor-Fusion-And-Autonomous-Racing-Cars/ros_ws/install/vesc_driver/lib:/home/adam/Sensor-Fusion-And-Autonomous-Racing-Cars/ros_ws/install/vesc_ackermann/lib:/home/adam/Sensor-Fusion-And-Autonomous-Racing-Cars/ros_ws/install/vesc_msgs/lib:/home/adam/Sensor-Fusion-And-Autonomous-Racing-Cars/ros_ws/install/v4l2_camera/lib:/home/adam/Sensor-Fusion-And-Autonomous-Racing-Cars/ros_ws/install/udp_driver/lib:/home/adam/Sensor-Fusion-And-Autonomous-Racing-Cars/ros_ws/install/serial_driver/lib:/home/adam/Sensor-Fusion-And-Autonomous-Racing-Cars/ros_ws/install/io_context/lib:/opt/ros/foxy/opt/yaml_cpp_vendor/lib:/opt/ros/foxy/opt/rviz_ogre_vendor/lib:/opt/ros/foxy/lib/aarch64-linux-gnu:/opt/ros/foxy/lib PATH=/home/adam/Sensor-Fusion-And-Autonomous-Racing-Cars/ros_ws/install/theora_image_transport/bin:/home/adam/.vscode-server/bin/863d2581ecda6849923a2118d93a088b0745d9d6/bin/remote-cli:/home/adam/.local/bin:/opt/ros/foxy/bin:/usr/local/sbin:/usr/local/bin:/usr/sbin:/usr/bin:/sbin:/bin:/usr/games:/usr/local/games:/snap/bin PYTHONPATH=/home/adam/Sensor-Fusion-And-Autonomous-Racing-Cars/ros_ws/install/theora_image_transport/lib/python3.8/site-packages:/home/adam/Sensor-Fusion-And-Autonomous-Racing-Cars/ros_ws/install/vesc_msgs/lib/python3.8/site-packages:/home/adam/Sensor-Fusion-And-Autonomous-Racing-Cars/ros_ws/install/steering_test_pkg/lib/python3.8/site-packages:/home/adam/Sensor-Fusion-And-Autonomous-Racing-Cars/ros_ws/install/servo_controller/lib/python3.8/site-packages:/home/adam/Sensor-Fusion-And-Autonomous-Racing-Cars/ros_ws/install/motor_controller/lib/python3.8/site-packages:/home/adam/Sensor-Fusion-And-Autonomous-Racing-Cars/ros_ws/install/camera_sensor/lib/python3.8/site-packages:/home/adam/Sensor-Fusion-And-Autonomous-Racing-Cars/ros_ws/install/arc_startup/lib/python3.8/site-packages:/home/adam/Sensor-Fusion-And-Autonomous-Racing-Cars/ros_ws/install/arc_keyboard_control/lib/python3.8/site-packages:/home/adam/Sensor-Fusion-And-Autonomous-Racing-Cars/ros_ws/install/arc_autonomous_ctrl/lib/python3.8/site-packages:/opt/ros/foxy/lib/python3.8/site-packages /usr/bin/cmake --build /home/adam/Sensor-Fusion-And-Autonomous-Racing-Cars/ros_ws/build/image_transport_plugins -- -j4 -l4
[570.508s] DEBUG:colcon.colcon_core.event_handler.log_command:Invoked command in '/home/adam/Sensor-Fusion-And-Autonomous-Racing-Cars/ros_ws/build/image_transport_plugins' returned '0': AMENT_PREFIX_PATH=/home/adam/Sensor-Fusion-And-Autonomous-Racing-Cars/ros_ws/install/image_transport:${AMENT_PREFIX_PATH} CMAKE_PREFIX_PATH=/home/adam/Sensor-Fusion-And-Autonomous-Racing-Cars/ros_ws/install/theora_image_transport:/home/adam/Sensor-Fusion-And-Autonomous-Racing-Cars/ros_ws/install/compressed_image_transport:/home/adam/Sensor-Fusion-And-Autonomous-Racing-Cars/ros_ws/install/compressed_depth_image_transport:/home/adam/Sensor-Fusion-And-Autonomous-Racing-Cars/ros_ws/install/image_transport:/home/adam/Sensor-Fusion-And-Autonomous-Racing-Cars/ros_ws/install/vesc:/home/adam/Sensor-Fusion-And-Autonomous-Racing-Cars/ros_ws/install/vesc_driver:/home/adam/Sensor-Fusion-And-Autonomous-Racing-Cars/ros_ws/install/vesc_ackermann:/home/adam/Sensor-Fusion-And-Autonomous-Racing-Cars/ros_ws/install/vesc_msgs:/home/adam/Sensor-Fusion-And-Autonomous-Racing-Cars/ros_ws/install/v4l2_camera:/home/adam/Sensor-Fusion-And-Autonomous-Racing-Cars/ros_ws/install/udp_driver:/home/adam/Sensor-Fusion-And-Autonomous-Racing-Cars/ros_ws/install/image_transport_plugins:/home/adam/Sensor-Fusion-And-Autonomous-Racing-Cars/ros_ws/install/serial_driver:/home/adam/Sensor-Fusion-And-Autonomous-Racing-Cars/ros_ws/install/ldlidar_ros2:/home/adam/Sensor-Fusion-And-Autonomous-Racing-Cars/ros_ws/install/io_context:/home/adam/Sensor-Fusion-And-Autonomous-Racing-Cars/ros_ws/install/asio_cmake_module:/home/adam/Sensor-Fusion-And-Autonomous-Racing-Cars/ros_ws/install/steering_test_pkg:/home/adam/Sensor-Fusion-And-Autonomous-Racing-Cars/ros_ws/install/servo_controller:/home/adam/Sensor-Fusion-And-Autonomous-Racing-Cars/ros_ws/install/motor_controller:/home/adam/Sensor-Fusion-And-Autonomous-Racing-Cars/ros_ws/install/camera_sensor:/home/adam/Sensor-Fusion-And-Autonomous-Racing-Cars/ros_ws/install/arc_startup:/home/adam/Sensor-Fusion-And-Autonomous-Racing-Cars/ros_ws/install/arc_keyboard_control:/home/adam/Sensor-Fusion-And-Autonomous-Racing-Cars/ros_ws/install/arc_autonomous_ctrl:/opt/ros/foxy LD_LIBRARY_PATH=/home/adam/Sensor-Fusion-And-Autonomous-Racing-Cars/ros_ws/install/theora_image_transport/lib:/home/adam/Sensor-Fusion-And-Autonomous-Racing-Cars/ros_ws/install/compressed_image_transport/lib:/home/adam/Sensor-Fusion-And-Autonomous-Racing-Cars/ros_ws/install/compressed_depth_image_transport/lib:/home/adam/Sensor-Fusion-And-Autonomous-Racing-Cars/ros_ws/install/image_transport/lib:/home/adam/Sensor-Fusion-And-Autonomous-Racing-Cars/ros_ws/install/vesc_driver/lib:/home/adam/Sensor-Fusion-And-Autonomous-Racing-Cars/ros_ws/install/vesc_ackermann/lib:/home/adam/Sensor-Fusion-And-Autonomous-Racing-Cars/ros_ws/install/vesc_msgs/lib:/home/adam/Sensor-Fusion-And-Autonomous-Racing-Cars/ros_ws/install/v4l2_camera/lib:/home/adam/Sensor-Fusion-And-Autonomous-Racing-Cars/ros_ws/install/udp_driver/lib:/home/adam/Sensor-Fusion-And-Autonomous-Racing-Cars/ros_ws/install/serial_driver/lib:/home/adam/Sensor-Fusion-And-Autonomous-Racing-Cars/ros_ws/install/io_context/lib:/opt/ros/foxy/opt/yaml_cpp_vendor/lib:/opt/ros/foxy/opt/rviz_ogre_vendor/lib:/opt/ros/foxy/lib/aarch64-linux-gnu:/opt/ros/foxy/lib PATH=/home/adam/Sensor-Fusion-And-Autonomous-Racing-Cars/ros_ws/install/theora_image_transport/bin:/home/adam/.vscode-server/bin/863d2581ecda6849923a2118d93a088b0745d9d6/bin/remote-cli:/home/adam/.local/bin:/opt/ros/foxy/bin:/usr/local/sbin:/usr/local/bin:/usr/sbin:/usr/bin:/sbin:/bin:/usr/games:/usr/local/games:/snap/bin PYTHONPATH=/home/adam/Sensor-Fusion-And-Autonomous-Racing-Cars/ros_ws/install/theora_image_transport/lib/python3.8/site-packages:/home/adam/Sensor-Fusion-And-Autonomous-Racing-Cars/ros_ws/install/vesc_msgs/lib/python3.8/site-packages:/home/adam/Sensor-Fusion-And-Autonomous-Racing-Cars/ros_ws/install/steering_test_pkg/lib/python3.8/site-packages:/home/adam/Sensor-Fusion-And-Autonomous-Racing-Cars/ros_ws/install/servo_controller/lib/python3.8/site-packages:/home/adam/Sensor-Fusion-And-Autonomous-Racing-Cars/ros_ws/install/motor_controller/lib/python3.8/site-packages:/home/adam/Sensor-Fusion-And-Autonomous-Racing-Cars/ros_ws/install/camera_sensor/lib/python3.8/site-packages:/home/adam/Sensor-Fusion-And-Autonomous-Racing-Cars/ros_ws/install/arc_startup/lib/python3.8/site-packages:/home/adam/Sensor-Fusion-And-Autonomous-Racing-Cars/ros_ws/install/arc_keyboard_control/lib/python3.8/site-packages:/home/adam/Sensor-Fusion-And-Autonomous-Racing-Cars/ros_ws/install/arc_autonomous_ctrl/lib/python3.8/site-packages:/opt/ros/foxy/lib/python3.8/site-packages /usr/bin/cmake --build /home/adam/Sensor-Fusion-And-Autonomous-Racing-Cars/ros_ws/build/image_transport_plugins -- -j4 -l4
[570.679s] DEBUG:colcon.colcon_core.event_handler.log_command:Invoking command in '/home/adam/Sensor-Fusion-And-Autonomous-Racing-Cars/ros_ws/build/image_transport_plugins': AMENT_PREFIX_PATH=/home/adam/Sensor-Fusion-And-Autonomous-Racing-Cars/ros_ws/install/image_transport:${AMENT_PREFIX_PATH} CMAKE_PREFIX_PATH=/home/adam/Sensor-Fusion-And-Autonomous-Racing-Cars/ros_ws/install/theora_image_transport:/home/adam/Sensor-Fusion-And-Autonomous-Racing-Cars/ros_ws/install/compressed_image_transport:/home/adam/Sensor-Fusion-And-Autonomous-Racing-Cars/ros_ws/install/compressed_depth_image_transport:/home/adam/Sensor-Fusion-And-Autonomous-Racing-Cars/ros_ws/install/image_transport:/home/adam/Sensor-Fusion-And-Autonomous-Racing-Cars/ros_ws/install/vesc:/home/adam/Sensor-Fusion-And-Autonomous-Racing-Cars/ros_ws/install/vesc_driver:/home/adam/Sensor-Fusion-And-Autonomous-Racing-Cars/ros_ws/install/vesc_ackermann:/home/adam/Sensor-Fusion-And-Autonomous-Racing-Cars/ros_ws/install/vesc_msgs:/home/adam/Sensor-Fusion-And-Autonomous-Racing-Cars/ros_ws/install/v4l2_camera:/home/adam/Sensor-Fusion-And-Autonomous-Racing-Cars/ros_ws/install/udp_driver:/home/adam/Sensor-Fusion-And-Autonomous-Racing-Cars/ros_ws/install/image_transport_plugins:/home/adam/Sensor-Fusion-And-Autonomous-Racing-Cars/ros_ws/install/serial_driver:/home/adam/Sensor-Fusion-And-Autonomous-Racing-Cars/ros_ws/install/ldlidar_ros2:/home/adam/Sensor-Fusion-And-Autonomous-Racing-Cars/ros_ws/install/io_context:/home/adam/Sensor-Fusion-And-Autonomous-Racing-Cars/ros_ws/install/asio_cmake_module:/home/adam/Sensor-Fusion-And-Autonomous-Racing-Cars/ros_ws/install/steering_test_pkg:/home/adam/Sensor-Fusion-And-Autonomous-Racing-Cars/ros_ws/install/servo_controller:/home/adam/Sensor-Fusion-And-Autonomous-Racing-Cars/ros_ws/install/motor_controller:/home/adam/Sensor-Fusion-And-Autonomous-Racing-Cars/ros_ws/install/camera_sensor:/home/adam/Sensor-Fusion-And-Autonomous-Racing-Cars/ros_ws/install/arc_startup:/home/adam/Sensor-Fusion-And-Autonomous-Racing-Cars/ros_ws/install/arc_keyboard_control:/home/adam/Sensor-Fusion-And-Autonomous-Racing-Cars/ros_ws/install/arc_autonomous_ctrl:/opt/ros/foxy LD_LIBRARY_PATH=/home/adam/Sensor-Fusion-And-Autonomous-Racing-Cars/ros_ws/install/theora_image_transport/lib:/home/adam/Sensor-Fusion-And-Autonomous-Racing-Cars/ros_ws/install/compressed_image_transport/lib:/home/adam/Sensor-Fusion-And-Autonomous-Racing-Cars/ros_ws/install/compressed_depth_image_transport/lib:/home/adam/Sensor-Fusion-And-Autonomous-Racing-Cars/ros_ws/install/image_transport/lib:/home/adam/Sensor-Fusion-And-Autonomous-Racing-Cars/ros_ws/install/vesc_driver/lib:/home/adam/Sensor-Fusion-And-Autonomous-Racing-Cars/ros_ws/install/vesc_ackermann/lib:/home/adam/Sensor-Fusion-And-Autonomous-Racing-Cars/ros_ws/install/vesc_msgs/lib:/home/adam/Sensor-Fusion-And-Autonomous-Racing-Cars/ros_ws/install/v4l2_camera/lib:/home/adam/Sensor-Fusion-And-Autonomous-Racing-Cars/ros_ws/install/udp_driver/lib:/home/adam/Sensor-Fusion-And-Autonomous-Racing-Cars/ros_ws/install/serial_driver/lib:/home/adam/Sensor-Fusion-And-Autonomous-Racing-Cars/ros_ws/install/io_context/lib:/opt/ros/foxy/opt/yaml_cpp_vendor/lib:/opt/ros/foxy/opt/rviz_ogre_vendor/lib:/opt/ros/foxy/lib/aarch64-linux-gnu:/opt/ros/foxy/lib PATH=/home/adam/Sensor-Fusion-And-Autonomous-Racing-Cars/ros_ws/install/theora_image_transport/bin:/home/adam/.vscode-server/bin/863d2581ecda6849923a2118d93a088b0745d9d6/bin/remote-cli:/home/adam/.local/bin:/opt/ros/foxy/bin:/usr/local/sbin:/usr/local/bin:/usr/sbin:/usr/bin:/sbin:/bin:/usr/games:/usr/local/games:/snap/bin PYTHONPATH=/home/adam/Sensor-Fusion-And-Autonomous-Racing-Cars/ros_ws/install/theora_image_transport/lib/python3.8/site-packages:/home/adam/Sensor-Fusion-And-Autonomous-Racing-Cars/ros_ws/install/vesc_msgs/lib/python3.8/site-packages:/home/adam/Sensor-Fusion-And-Autonomous-Racing-Cars/ros_ws/install/steering_test_pkg/lib/python3.8/site-packages:/home/adam/Sensor-Fusion-And-Autonomous-Racing-Cars/ros_ws/install/servo_controller/lib/python3.8/site-packages:/home/adam/Sensor-Fusion-And-Autonomous-Racing-Cars/ros_ws/install/motor_controller/lib/python3.8/site-packages:/home/adam/Sensor-Fusion-And-Autonomous-Racing-Cars/ros_ws/install/camera_sensor/lib/python3.8/site-packages:/home/adam/Sensor-Fusion-And-Autonomous-Racing-Cars/ros_ws/install/arc_startup/lib/python3.8/site-packages:/home/adam/Sensor-Fusion-And-Autonomous-Racing-Cars/ros_ws/install/arc_keyboard_control/lib/python3.8/site-packages:/home/adam/Sensor-Fusion-And-Autonomous-Racing-Cars/ros_ws/install/arc_autonomous_ctrl/lib/python3.8/site-packages:/opt/ros/foxy/lib/python3.8/site-packages /usr/bin/cmake --install /home/adam/Sensor-Fusion-And-Autonomous-Racing-Cars/ros_ws/build/image_transport_plugins
[570.760s] Level 1:colcon.colcon_core.environment:create_environment_scripts_only(image_transport_plugins)
[570.763s] DEBUG:colcon.colcon_core.event_handler.log_command:Invoked command in '/home/adam/Sensor-Fusion-And-Autonomous-Racing-Cars/ros_ws/build/image_transport_plugins' returned '0': AMENT_PREFIX_PATH=/home/adam/Sensor-Fusion-And-Autonomous-Racing-Cars/ros_ws/install/image_transport:${AMENT_PREFIX_PATH} CMAKE_PREFIX_PATH=/home/adam/Sensor-Fusion-And-Autonomous-Racing-Cars/ros_ws/install/theora_image_transport:/home/adam/Sensor-Fusion-And-Autonomous-Racing-Cars/ros_ws/install/compressed_image_transport:/home/adam/Sensor-Fusion-And-Autonomous-Racing-Cars/ros_ws/install/compressed_depth_image_transport:/home/adam/Sensor-Fusion-And-Autonomous-Racing-Cars/ros_ws/install/image_transport:/home/adam/Sensor-Fusion-And-Autonomous-Racing-Cars/ros_ws/install/vesc:/home/adam/Sensor-Fusion-And-Autonomous-Racing-Cars/ros_ws/install/vesc_driver:/home/adam/Sensor-Fusion-And-Autonomous-Racing-Cars/ros_ws/install/vesc_ackermann:/home/adam/Sensor-Fusion-And-Autonomous-Racing-Cars/ros_ws/install/vesc_msgs:/home/adam/Sensor-Fusion-And-Autonomous-Racing-Cars/ros_ws/install/v4l2_camera:/home/adam/Sensor-Fusion-And-Autonomous-Racing-Cars/ros_ws/install/udp_driver:/home/adam/Sensor-Fusion-And-Autonomous-Racing-Cars/ros_ws/install/image_transport_plugins:/home/adam/Sensor-Fusion-And-Autonomous-Racing-Cars/ros_ws/install/serial_driver:/home/adam/Sensor-Fusion-And-Autonomous-Racing-Cars/ros_ws/install/ldlidar_ros2:/home/adam/Sensor-Fusion-And-Autonomous-Racing-Cars/ros_ws/install/io_context:/home/adam/Sensor-Fusion-And-Autonomous-Racing-Cars/ros_ws/install/asio_cmake_module:/home/adam/Sensor-Fusion-And-Autonomous-Racing-Cars/ros_ws/install/steering_test_pkg:/home/adam/Sensor-Fusion-And-Autonomous-Racing-Cars/ros_ws/install/servo_controller:/home/adam/Sensor-Fusion-And-Autonomous-Racing-Cars/ros_ws/install/motor_controller:/home/adam/Sensor-Fusion-And-Autonomous-Racing-Cars/ros_ws/install/camera_sensor:/home/adam/Sensor-Fusion-And-Autonomous-Racing-Cars/ros_ws/install/arc_startup:/home/adam/Sensor-Fusion-And-Autonomous-Racing-Cars/ros_ws/install/arc_keyboard_control:/home/adam/Sensor-Fusion-And-Autonomous-Racing-Cars/ros_ws/install/arc_autonomous_ctrl:/opt/ros/foxy LD_LIBRARY_PATH=/home/adam/Sensor-Fusion-And-Autonomous-Racing-Cars/ros_ws/install/theora_image_transport/lib:/home/adam/Sensor-Fusion-And-Autonomous-Racing-Cars/ros_ws/install/compressed_image_transport/lib:/home/adam/Sensor-Fusion-And-Autonomous-Racing-Cars/ros_ws/install/compressed_depth_image_transport/lib:/home/adam/Sensor-Fusion-And-Autonomous-Racing-Cars/ros_ws/install/image_transport/lib:/home/adam/Sensor-Fusion-And-Autonomous-Racing-Cars/ros_ws/install/vesc_driver/lib:/home/adam/Sensor-Fusion-And-Autonomous-Racing-Cars/ros_ws/install/vesc_ackermann/lib:/home/adam/Sensor-Fusion-And-Autonomous-Racing-Cars/ros_ws/install/vesc_msgs/lib:/home/adam/Sensor-Fusion-And-Autonomous-Racing-Cars/ros_ws/install/v4l2_camera/lib:/home/adam/Sensor-Fusion-And-Autonomous-Racing-Cars/ros_ws/install/udp_driver/lib:/home/adam/Sensor-Fusion-And-Autonomous-Racing-Cars/ros_ws/install/serial_driver/lib:/home/adam/Sensor-Fusion-And-Autonomous-Racing-Cars/ros_ws/install/io_context/lib:/opt/ros/foxy/opt/yaml_cpp_vendor/lib:/opt/ros/foxy/opt/rviz_ogre_vendor/lib:/opt/ros/foxy/lib/aarch64-linux-gnu:/opt/ros/foxy/lib PATH=/home/adam/Sensor-Fusion-And-Autonomous-Racing-Cars/ros_ws/install/theora_image_transport/bin:/home/adam/.vscode-server/bin/863d2581ecda6849923a2118d93a088b0745d9d6/bin/remote-cli:/home/adam/.local/bin:/opt/ros/foxy/bin:/usr/local/sbin:/usr/local/bin:/usr/sbin:/usr/bin:/sbin:/bin:/usr/games:/usr/local/games:/snap/bin PYTHONPATH=/home/adam/Sensor-Fusion-And-Autonomous-Racing-Cars/ros_ws/install/theora_image_transport/lib/python3.8/site-packages:/home/adam/Sensor-Fusion-And-Autonomous-Racing-Cars/ros_ws/install/vesc_msgs/lib/python3.8/site-packages:/home/adam/Sensor-Fusion-And-Autonomous-Racing-Cars/ros_ws/install/steering_test_pkg/lib/python3.8/site-packages:/home/adam/Sensor-Fusion-And-Autonomous-Racing-Cars/ros_ws/install/servo_controller/lib/python3.8/site-packages:/home/adam/Sensor-Fusion-And-Autonomous-Racing-Cars/ros_ws/install/motor_controller/lib/python3.8/site-packages:/home/adam/Sensor-Fusion-And-Autonomous-Racing-Cars/ros_ws/install/camera_sensor/lib/python3.8/site-packages:/home/adam/Sensor-Fusion-And-Autonomous-Racing-Cars/ros_ws/install/arc_startup/lib/python3.8/site-packages:/home/adam/Sensor-Fusion-And-Autonomous-Racing-Cars/ros_ws/install/arc_keyboard_control/lib/python3.8/site-packages:/home/adam/Sensor-Fusion-And-Autonomous-Racing-Cars/ros_ws/install/arc_autonomous_ctrl/lib/python3.8/site-packages:/opt/ros/foxy/lib/python3.8/site-packages /usr/bin/cmake --install /home/adam/Sensor-Fusion-And-Autonomous-Racing-Cars/ros_ws/build/image_transport_plugins
[571.059s] Level 1:colcon.colcon_core.environment:checking '/home/adam/Sensor-Fusion-And-Autonomous-Racing-Cars/ros_ws/install/image_transport_plugins' for CMake module files
[571.062s] Level 1:colcon.colcon_core.environment:checking '/home/adam/Sensor-Fusion-And-Autonomous-Racing-Cars/ros_ws/install/image_transport_plugins' for CMake config files
[571.063s] Level 1:colcon.colcon_core.shell:create_environment_hook('image_transport_plugins', 'cmake_prefix_path')
[571.394s] INFO:colcon.colcon_core.shell:Creating environment hook '/home/adam/Sensor-Fusion-And-Autonomous-Racing-Cars/ros_ws/install/image_transport_plugins/share/image_transport_plugins/hook/cmake_prefix_path.ps1'
[571.397s] INFO:colcon.colcon_core.shell:Creating environment descriptor '/home/adam/Sensor-Fusion-And-Autonomous-Racing-Cars/ros_ws/install/image_transport_plugins/share/image_transport_plugins/hook/cmake_prefix_path.dsv'
[571.401s] INFO:colcon.colcon_core.shell:Creating environment hook '/home/adam/Sensor-Fusion-And-Autonomous-Racing-Cars/ros_ws/install/image_transport_plugins/share/image_transport_plugins/hook/cmake_prefix_path.sh'
[571.405s] Level 1:colcon.colcon_core.environment:checking '/home/adam/Sensor-Fusion-And-Autonomous-Racing-Cars/ros_ws/install/image_transport_plugins/bin'
[571.406s] Level 1:colcon.colcon_core.environment:checking '/home/adam/Sensor-Fusion-And-Autonomous-Racing-Cars/ros_ws/install/image_transport_plugins/lib/pkgconfig/image_transport_plugins.pc'
[571.407s] Level 1:colcon.colcon_core.environment:checking '/home/adam/Sensor-Fusion-And-Autonomous-Racing-Cars/ros_ws/install/image_transport_plugins/lib/python3.8/site-packages'
[571.408s] Level 1:colcon.colcon_core.environment:checking '/home/adam/Sensor-Fusion-And-Autonomous-Racing-Cars/ros_ws/install/image_transport_plugins/bin'
[571.815s] INFO:colcon.colcon_core.shell:Creating package script '/home/adam/Sensor-Fusion-And-Autonomous-Racing-Cars/ros_ws/install/image_transport_plugins/share/image_transport_plugins/package.ps1'
[571.818s] INFO:colcon.colcon_core.shell:Creating package descriptor '/home/adam/Sensor-Fusion-And-Autonomous-Racing-Cars/ros_ws/install/image_transport_plugins/share/image_transport_plugins/package.dsv'
[571.822s] INFO:colcon.colcon_core.shell:Creating package script '/home/adam/Sensor-Fusion-And-Autonomous-Racing-Cars/ros_ws/install/image_transport_plugins/share/image_transport_plugins/package.sh'
[571.826s] INFO:colcon.colcon_core.shell:Creating package script '/home/adam/Sensor-Fusion-And-Autonomous-Racing-Cars/ros_ws/install/image_transport_plugins/share/image_transport_plugins/package.bash'
[571.829s] INFO:colcon.colcon_core.shell:Creating package script '/home/adam/Sensor-Fusion-And-Autonomous-Racing-Cars/ros_ws/install/image_transport_plugins/share/image_transport_plugins/package.zsh'
[571.832s] Level 1:colcon.colcon_core.environment:create_file_with_runtime_dependencies(/home/adam/Sensor-Fusion-And-Autonomous-Racing-Cars/ros_ws/install/image_transport_plugins/share/colcon-core/packages/image_transport_plugins)
[572.372s] Level 1:colcon.colcon_core.environment:create_environment_scripts_only(image_transport_plugins)
[572.656s] Level 1:colcon.colcon_core.environment:checking '/home/adam/Sensor-Fusion-And-Autonomous-Racing-Cars/ros_ws/install/image_transport_plugins' for CMake module files
[572.659s] Level 1:colcon.colcon_core.environment:checking '/home/adam/Sensor-Fusion-And-Autonomous-Racing-Cars/ros_ws/install/image_transport_plugins' for CMake config files
[572.661s] Level 1:colcon.colcon_core.shell:create_environment_hook('image_transport_plugins', 'cmake_prefix_path')
[572.932s] INFO:colcon.colcon_core.shell:Creating environment hook '/home/adam/Sensor-Fusion-And-Autonomous-Racing-Cars/ros_ws/install/image_transport_plugins/share/image_transport_plugins/hook/cmake_prefix_path.ps1'
[572.934s] INFO:colcon.colcon_core.shell:Creating environment descriptor '/home/adam/Sensor-Fusion-And-Autonomous-Racing-Cars/ros_ws/install/image_transport_plugins/share/image_transport_plugins/hook/cmake_prefix_path.dsv'
[572.936s] INFO:colcon.colcon_core.shell:Creating environment hook '/home/adam/Sensor-Fusion-And-Autonomous-Racing-Cars/ros_ws/install/image_transport_plugins/share/image_transport_plugins/hook/cmake_prefix_path.sh'
[572.939s] Level 1:colcon.colcon_core.environment:checking '/home/adam/Sensor-Fusion-And-Autonomous-Racing-Cars/ros_ws/install/image_transport_plugins/bin'
[572.939s] Level 1:colcon.colcon_core.environment:checking '/home/adam/Sensor-Fusion-And-Autonomous-Racing-Cars/ros_ws/install/image_transport_plugins/lib/pkgconfig/image_transport_plugins.pc'
[572.940s] Level 1:colcon.colcon_core.environment:checking '/home/adam/Sensor-Fusion-And-Autonomous-Racing-Cars/ros_ws/install/image_transport_plugins/lib/python3.8/site-packages'
[572.941s] Level 1:colcon.colcon_core.environment:checking '/home/adam/Sensor-Fusion-And-Autonomous-Racing-Cars/ros_ws/install/image_transport_plugins/bin'
[573.164s] INFO:colcon.colcon_core.shell:Creating package script '/home/adam/Sensor-Fusion-And-Autonomous-Racing-Cars/ros_ws/install/image_transport_plugins/share/image_transport_plugins/package.ps1'
[573.167s] INFO:colcon.colcon_core.shell:Creating package descriptor '/home/adam/Sensor-Fusion-And-Autonomous-Racing-Cars/ros_ws/install/image_transport_plugins/share/image_transport_plugins/package.dsv'
[573.170s] INFO:colcon.colcon_core.shell:Creating package script '/home/adam/Sensor-Fusion-And-Autonomous-Racing-Cars/ros_ws/install/image_transport_plugins/share/image_transport_plugins/package.sh'
[573.172s] INFO:colcon.colcon_core.shell:Creating package script '/home/adam/Sensor-Fusion-And-Autonomous-Racing-Cars/ros_ws/install/image_transport_plugins/share/image_transport_plugins/package.bash'
[573.174s] INFO:colcon.colcon_core.shell:Creating package script '/home/adam/Sensor-Fusion-And-Autonomous-Racing-Cars/ros_ws/install/image_transport_plugins/share/image_transport_plugins/package.zsh'
[573.176s] Level 1:colcon.colcon_core.environment:create_file_with_runtime_dependencies(/home/adam/Sensor-Fusion-And-Autonomous-Racing-Cars/ros_ws/install/image_transport_plugins/share/colcon-core/packages/image_transport_plugins)
[582.227s] DEBUG:colcon.colcon_core.event_handler.log_command:Invoked command in '/home/adam/Sensor-Fusion-And-Autonomous-Racing-Cars/ros_ws/build/v4l2_camera' returned '0': AMENT_PREFIX_PATH=/home/adam/Sensor-Fusion-And-Autonomous-Racing-Cars/ros_ws/install/camera_info_manager:/home/adam/Sensor-Fusion-And-Autonomous-Racing-Cars/ros_ws/install/image_transport:/home/adam/Sensor-Fusion-And-Autonomous-Racing-Cars/ros_ws/install/camera_calibration_parsers:${AMENT_PREFIX_PATH} CMAKE_PREFIX_PATH=/home/adam/Sensor-Fusion-And-Autonomous-Racing-Cars/ros_ws/install/camera_info_manager:/home/adam/Sensor-Fusion-And-Autonomous-Racing-Cars/ros_ws/install/image_transport:/home/adam/Sensor-Fusion-And-Autonomous-Racing-Cars/ros_ws/install/camera_calibration_parsers:/home/adam/Sensor-Fusion-And-Autonomous-Racing-Cars/ros_ws/install/vesc:/home/adam/Sensor-Fusion-And-Autonomous-Racing-Cars/ros_ws/install/vesc_driver:/home/adam/Sensor-Fusion-And-Autonomous-Racing-Cars/ros_ws/install/vesc_ackermann:/home/adam/Sensor-Fusion-And-Autonomous-Racing-Cars/ros_ws/install/vesc_msgs:/home/adam/Sensor-Fusion-And-Autonomous-Racing-Cars/ros_ws/install/v4l2_camera:/home/adam/Sensor-Fusion-And-Autonomous-Racing-Cars/ros_ws/install/udp_driver:/home/adam/Sensor-Fusion-And-Autonomous-Racing-Cars/ros_ws/install/image_transport_plugins:/home/adam/Sensor-Fusion-And-Autonomous-Racing-Cars/ros_ws/install/theora_image_transport:/home/adam/Sensor-Fusion-And-Autonomous-Racing-Cars/ros_ws/install/serial_driver:/home/adam/Sensor-Fusion-And-Autonomous-Racing-Cars/ros_ws/install/ldlidar_ros2:/home/adam/Sensor-Fusion-And-Autonomous-Racing-Cars/ros_ws/install/io_context:/home/adam/Sensor-Fusion-And-Autonomous-Racing-Cars/ros_ws/install/compressed_image_transport:/home/adam/Sensor-Fusion-And-Autonomous-Racing-Cars/ros_ws/install/compressed_depth_image_transport:/home/adam/Sensor-Fusion-And-Autonomous-Racing-Cars/ros_ws/install/asio_cmake_module:/home/adam/Sensor-Fusion-And-Autonomous-Racing-Cars/ros_ws/install/steering_test_pkg:/home/adam/Sensor-Fusion-And-Autonomous-Racing-Cars/ros_ws/install/servo_controller:/home/adam/Sensor-Fusion-And-Autonomous-Racing-Cars/ros_ws/install/motor_controller:/home/adam/Sensor-Fusion-And-Autonomous-Racing-Cars/ros_ws/install/camera_sensor:/home/adam/Sensor-Fusion-And-Autonomous-Racing-Cars/ros_ws/install/arc_startup:/home/adam/Sensor-Fusion-And-Autonomous-Racing-Cars/ros_ws/install/arc_keyboard_control:/home/adam/Sensor-Fusion-And-Autonomous-Racing-Cars/ros_ws/install/arc_autonomous_ctrl:/opt/ros/foxy LD_LIBRARY_PATH=/home/adam/Sensor-Fusion-And-Autonomous-Racing-Cars/ros_ws/install/camera_info_manager/lib:/home/adam/Sensor-Fusion-And-Autonomous-Racing-Cars/ros_ws/install/image_transport/lib:/home/adam/Sensor-Fusion-And-Autonomous-Racing-Cars/ros_ws/install/camera_calibration_parsers/lib:${LD_LIBRARY_PATH} /usr/bin/cmake --build /home/adam/Sensor-Fusion-And-Autonomous-Racing-Cars/ros_ws/build/v4l2_camera -- -j4 -l4
[582.511s] DEBUG:colcon.colcon_core.event_handler.log_command:Invoking command in '/home/adam/Sensor-Fusion-And-Autonomous-Racing-Cars/ros_ws/build/v4l2_camera': AMENT_PREFIX_PATH=/home/adam/Sensor-Fusion-And-Autonomous-Racing-Cars/ros_ws/install/camera_info_manager:/home/adam/Sensor-Fusion-And-Autonomous-Racing-Cars/ros_ws/install/image_transport:/home/adam/Sensor-Fusion-And-Autonomous-Racing-Cars/ros_ws/install/camera_calibration_parsers:${AMENT_PREFIX_PATH} CMAKE_PREFIX_PATH=/home/adam/Sensor-Fusion-And-Autonomous-Racing-Cars/ros_ws/install/camera_info_manager:/home/adam/Sensor-Fusion-And-Autonomous-Racing-Cars/ros_ws/install/image_transport:/home/adam/Sensor-Fusion-And-Autonomous-Racing-Cars/ros_ws/install/camera_calibration_parsers:/home/adam/Sensor-Fusion-And-Autonomous-Racing-Cars/ros_ws/install/vesc:/home/adam/Sensor-Fusion-And-Autonomous-Racing-Cars/ros_ws/install/vesc_driver:/home/adam/Sensor-Fusion-And-Autonomous-Racing-Cars/ros_ws/install/vesc_ackermann:/home/adam/Sensor-Fusion-And-Autonomous-Racing-Cars/ros_ws/install/vesc_msgs:/home/adam/Sensor-Fusion-And-Autonomous-Racing-Cars/ros_ws/install/v4l2_camera:/home/adam/Sensor-Fusion-And-Autonomous-Racing-Cars/ros_ws/install/udp_driver:/home/adam/Sensor-Fusion-And-Autonomous-Racing-Cars/ros_ws/install/image_transport_plugins:/home/adam/Sensor-Fusion-And-Autonomous-Racing-Cars/ros_ws/install/theora_image_transport:/home/adam/Sensor-Fusion-And-Autonomous-Racing-Cars/ros_ws/install/serial_driver:/home/adam/Sensor-Fusion-And-Autonomous-Racing-Cars/ros_ws/install/ldlidar_ros2:/home/adam/Sensor-Fusion-And-Autonomous-Racing-Cars/ros_ws/install/io_context:/home/adam/Sensor-Fusion-And-Autonomous-Racing-Cars/ros_ws/install/compressed_image_transport:/home/adam/Sensor-Fusion-And-Autonomous-Racing-Cars/ros_ws/install/compressed_depth_image_transport:/home/adam/Sensor-Fusion-And-Autonomous-Racing-Cars/ros_ws/install/asio_cmake_module:/home/adam/Sensor-Fusion-And-Autonomous-Racing-Cars/ros_ws/install/steering_test_pkg:/home/adam/Sensor-Fusion-And-Autonomous-Racing-Cars/ros_ws/install/servo_controller:/home/adam/Sensor-Fusion-And-Autonomous-Racing-Cars/ros_ws/install/motor_controller:/home/adam/Sensor-Fusion-And-Autonomous-Racing-Cars/ros_ws/install/camera_sensor:/home/adam/Sensor-Fusion-And-Autonomous-Racing-Cars/ros_ws/install/arc_startup:/home/adam/Sensor-Fusion-And-Autonomous-Racing-Cars/ros_ws/install/arc_keyboard_control:/home/adam/Sensor-Fusion-And-Autonomous-Racing-Cars/ros_ws/install/arc_autonomous_ctrl:/opt/ros/foxy LD_LIBRARY_PATH=/home/adam/Sensor-Fusion-And-Autonomous-Racing-Cars/ros_ws/install/camera_info_manager/lib:/home/adam/Sensor-Fusion-And-Autonomous-Racing-Cars/ros_ws/install/image_transport/lib:/home/adam/Sensor-Fusion-And-Autonomous-Racing-Cars/ros_ws/install/camera_calibration_parsers/lib:${LD_LIBRARY_PATH} /usr/bin/cmake --install /home/adam/Sensor-Fusion-And-Autonomous-Racing-Cars/ros_ws/build/v4l2_camera
[582.643s] Level 1:colcon.colcon_core.environment:create_environment_scripts_only(v4l2_camera)
[582.644s] DEBUG:colcon.colcon_core.event_handler.log_command:Invoked command in '/home/adam/Sensor-Fusion-And-Autonomous-Racing-Cars/ros_ws/build/v4l2_camera' returned '0': AMENT_PREFIX_PATH=/home/adam/Sensor-Fusion-And-Autonomous-Racing-Cars/ros_ws/install/camera_info_manager:/home/adam/Sensor-Fusion-And-Autonomous-Racing-Cars/ros_ws/install/image_transport:/home/adam/Sensor-Fusion-And-Autonomous-Racing-Cars/ros_ws/install/camera_calibration_parsers:${AMENT_PREFIX_PATH} CMAKE_PREFIX_PATH=/home/adam/Sensor-Fusion-And-Autonomous-Racing-Cars/ros_ws/install/camera_info_manager:/home/adam/Sensor-Fusion-And-Autonomous-Racing-Cars/ros_ws/install/image_transport:/home/adam/Sensor-Fusion-And-Autonomous-Racing-Cars/ros_ws/install/camera_calibration_parsers:/home/adam/Sensor-Fusion-And-Autonomous-Racing-Cars/ros_ws/install/vesc:/home/adam/Sensor-Fusion-And-Autonomous-Racing-Cars/ros_ws/install/vesc_driver:/home/adam/Sensor-Fusion-And-Autonomous-Racing-Cars/ros_ws/install/vesc_ackermann:/home/adam/Sensor-Fusion-And-Autonomous-Racing-Cars/ros_ws/install/vesc_msgs:/home/adam/Sensor-Fusion-And-Autonomous-Racing-Cars/ros_ws/install/v4l2_camera:/home/adam/Sensor-Fusion-And-Autonomous-Racing-Cars/ros_ws/install/udp_driver:/home/adam/Sensor-Fusion-And-Autonomous-Racing-Cars/ros_ws/install/image_transport_plugins:/home/adam/Sensor-Fusion-And-Autonomous-Racing-Cars/ros_ws/install/theora_image_transport:/home/adam/Sensor-Fusion-And-Autonomous-Racing-Cars/ros_ws/install/serial_driver:/home/adam/Sensor-Fusion-And-Autonomous-Racing-Cars/ros_ws/install/ldlidar_ros2:/home/adam/Sensor-Fusion-And-Autonomous-Racing-Cars/ros_ws/install/io_context:/home/adam/Sensor-Fusion-And-Autonomous-Racing-Cars/ros_ws/install/compressed_image_transport:/home/adam/Sensor-Fusion-And-Autonomous-Racing-Cars/ros_ws/install/compressed_depth_image_transport:/home/adam/Sensor-Fusion-And-Autonomous-Racing-Cars/ros_ws/install/asio_cmake_module:/home/adam/Sensor-Fusion-And-Autonomous-Racing-Cars/ros_ws/install/steering_test_pkg:/home/adam/Sensor-Fusion-And-Autonomous-Racing-Cars/ros_ws/install/servo_controller:/home/adam/Sensor-Fusion-And-Autonomous-Racing-Cars/ros_ws/install/motor_controller:/home/adam/Sensor-Fusion-And-Autonomous-Racing-Cars/ros_ws/install/camera_sensor:/home/adam/Sensor-Fusion-And-Autonomous-Racing-Cars/ros_ws/install/arc_startup:/home/adam/Sensor-Fusion-And-Autonomous-Racing-Cars/ros_ws/install/arc_keyboard_control:/home/adam/Sensor-Fusion-And-Autonomous-Racing-Cars/ros_ws/install/arc_autonomous_ctrl:/opt/ros/foxy LD_LIBRARY_PATH=/home/adam/Sensor-Fusion-And-Autonomous-Racing-Cars/ros_ws/install/camera_info_manager/lib:/home/adam/Sensor-Fusion-And-Autonomous-Racing-Cars/ros_ws/install/image_transport/lib:/home/adam/Sensor-Fusion-And-Autonomous-Racing-Cars/ros_ws/install/camera_calibration_parsers/lib:${LD_LIBRARY_PATH} /usr/bin/cmake --install /home/adam/Sensor-Fusion-And-Autonomous-Racing-Cars/ros_ws/build/v4l2_camera
[582.834s] Level 1:colcon.colcon_core.environment:checking '/home/adam/Sensor-Fusion-And-Autonomous-Racing-Cars/ros_ws/install/v4l2_camera' for CMake module files
[582.838s] Level 1:colcon.colcon_core.environment:checking '/home/adam/Sensor-Fusion-And-Autonomous-Racing-Cars/ros_ws/install/v4l2_camera' for CMake config files
[582.839s] Level 1:colcon.colcon_core.shell:create_environment_hook('v4l2_camera', 'cmake_prefix_path')
[583.027s] INFO:colcon.colcon_core.shell:Creating environment hook '/home/adam/Sensor-Fusion-And-Autonomous-Racing-Cars/ros_ws/install/v4l2_camera/share/v4l2_camera/hook/cmake_prefix_path.ps1'
[583.029s] INFO:colcon.colcon_core.shell:Creating environment descriptor '/home/adam/Sensor-Fusion-And-Autonomous-Racing-Cars/ros_ws/install/v4l2_camera/share/v4l2_camera/hook/cmake_prefix_path.dsv'
[583.030s] INFO:colcon.colcon_core.shell:Creating environment hook '/home/adam/Sensor-Fusion-And-Autonomous-Racing-Cars/ros_ws/install/v4l2_camera/share/v4l2_camera/hook/cmake_prefix_path.sh'
[583.032s] Level 1:colcon.colcon_core.environment:checking '/home/adam/Sensor-Fusion-And-Autonomous-Racing-Cars/ros_ws/install/v4l2_camera/lib'
[583.033s] Level 1:colcon.colcon_core.shell:create_environment_hook('v4l2_camera', 'ld_library_path_lib')
[583.222s] INFO:colcon.colcon_core.shell:Creating environment hook '/home/adam/Sensor-Fusion-And-Autonomous-Racing-Cars/ros_ws/install/v4l2_camera/share/v4l2_camera/hook/ld_library_path_lib.ps1'
[583.224s] INFO:colcon.colcon_core.shell:Creating environment descriptor '/home/adam/Sensor-Fusion-And-Autonomous-Racing-Cars/ros_ws/install/v4l2_camera/share/v4l2_camera/hook/ld_library_path_lib.dsv'
[583.225s] INFO:colcon.colcon_core.shell:Creating environment hook '/home/adam/Sensor-Fusion-And-Autonomous-Racing-Cars/ros_ws/install/v4l2_camera/share/v4l2_camera/hook/ld_library_path_lib.sh'
[583.227s] Level 1:colcon.colcon_core.environment:checking '/home/adam/Sensor-Fusion-And-Autonomous-Racing-Cars/ros_ws/install/v4l2_camera/bin'
[583.227s] Level 1:colcon.colcon_core.environment:checking '/home/adam/Sensor-Fusion-And-Autonomous-Racing-Cars/ros_ws/install/v4l2_camera/lib/pkgconfig/v4l2_camera.pc'
[583.228s] Level 1:colcon.colcon_core.environment:checking '/home/adam/Sensor-Fusion-And-Autonomous-Racing-Cars/ros_ws/install/v4l2_camera/lib/python3.8/site-packages'
[583.229s] Level 1:colcon.colcon_core.environment:checking '/home/adam/Sensor-Fusion-And-Autonomous-Racing-Cars/ros_ws/install/v4l2_camera/bin'
[583.416s] INFO:colcon.colcon_core.shell:Creating package script '/home/adam/Sensor-Fusion-And-Autonomous-Racing-Cars/ros_ws/install/v4l2_camera/share/v4l2_camera/package.ps1'
[583.419s] INFO:colcon.colcon_core.shell:Creating package descriptor '/home/adam/Sensor-Fusion-And-Autonomous-Racing-Cars/ros_ws/install/v4l2_camera/share/v4l2_camera/package.dsv'
[583.420s] INFO:colcon.colcon_core.shell:Creating package script '/home/adam/Sensor-Fusion-And-Autonomous-Racing-Cars/ros_ws/install/v4l2_camera/share/v4l2_camera/package.sh'
[583.422s] INFO:colcon.colcon_core.shell:Creating package script '/home/adam/Sensor-Fusion-And-Autonomous-Racing-Cars/ros_ws/install/v4l2_camera/share/v4l2_camera/package.bash'
[583.424s] INFO:colcon.colcon_core.shell:Creating package script '/home/adam/Sensor-Fusion-And-Autonomous-Racing-Cars/ros_ws/install/v4l2_camera/share/v4l2_camera/package.zsh'
[583.425s] Level 1:colcon.colcon_core.environment:create_file_with_runtime_dependencies(/home/adam/Sensor-Fusion-And-Autonomous-Racing-Cars/ros_ws/install/v4l2_camera/share/colcon-core/packages/v4l2_camera)
[583.890s] Level 1:colcon.colcon_core.environment:create_environment_scripts_only(v4l2_camera)
[584.104s] Level 1:colcon.colcon_core.environment:checking '/home/adam/Sensor-Fusion-And-Autonomous-Racing-Cars/ros_ws/install/v4l2_camera' for CMake module files
[584.108s] Level 1:colcon.colcon_core.environment:checking '/home/adam/Sensor-Fusion-And-Autonomous-Racing-Cars/ros_ws/install/v4l2_camera' for CMake config files
[584.109s] Level 1:colcon.colcon_core.shell:create_environment_hook('v4l2_camera', 'cmake_prefix_path')
[584.301s] INFO:colcon.colcon_core.shell:Creating environment hook '/home/adam/Sensor-Fusion-And-Autonomous-Racing-Cars/ros_ws/install/v4l2_camera/share/v4l2_camera/hook/cmake_prefix_path.ps1'
[584.303s] INFO:colcon.colcon_core.shell:Creating environment descriptor '/home/adam/Sensor-Fusion-And-Autonomous-Racing-Cars/ros_ws/install/v4l2_camera/share/v4l2_camera/hook/cmake_prefix_path.dsv'
[584.305s] INFO:colcon.colcon_core.shell:Creating environment hook '/home/adam/Sensor-Fusion-And-Autonomous-Racing-Cars/ros_ws/install/v4l2_camera/share/v4l2_camera/hook/cmake_prefix_path.sh'
[584.307s] Level 1:colcon.colcon_core.environment:checking '/home/adam/Sensor-Fusion-And-Autonomous-Racing-Cars/ros_ws/install/v4l2_camera/lib'
[584.308s] Level 1:colcon.colcon_core.shell:create_environment_hook('v4l2_camera', 'ld_library_path_lib')
[584.494s] INFO:colcon.colcon_core.shell:Creating environment hook '/home/adam/Sensor-Fusion-And-Autonomous-Racing-Cars/ros_ws/install/v4l2_camera/share/v4l2_camera/hook/ld_library_path_lib.ps1'
[584.496s] INFO:colcon.colcon_core.shell:Creating environment descriptor '/home/adam/Sensor-Fusion-And-Autonomous-Racing-Cars/ros_ws/install/v4l2_camera/share/v4l2_camera/hook/ld_library_path_lib.dsv'
[584.498s] INFO:colcon.colcon_core.shell:Creating environment hook '/home/adam/Sensor-Fusion-And-Autonomous-Racing-Cars/ros_ws/install/v4l2_camera/share/v4l2_camera/hook/ld_library_path_lib.sh'
[584.499s] Level 1:colcon.colcon_core.environment:checking '/home/adam/Sensor-Fusion-And-Autonomous-Racing-Cars/ros_ws/install/v4l2_camera/bin'
[584.500s] Level 1:colcon.colcon_core.environment:checking '/home/adam/Sensor-Fusion-And-Autonomous-Racing-Cars/ros_ws/install/v4l2_camera/lib/pkgconfig/v4l2_camera.pc'
[584.501s] Level 1:colcon.colcon_core.environment:checking '/home/adam/Sensor-Fusion-And-Autonomous-Racing-Cars/ros_ws/install/v4l2_camera/lib/python3.8/site-packages'
[584.501s] Level 1:colcon.colcon_core.environment:checking '/home/adam/Sensor-Fusion-And-Autonomous-Racing-Cars/ros_ws/install/v4l2_camera/bin'
[584.689s] INFO:colcon.colcon_core.shell:Creating package script '/home/adam/Sensor-Fusion-And-Autonomous-Racing-Cars/ros_ws/install/v4l2_camera/share/v4l2_camera/package.ps1'
[584.691s] INFO:colcon.colcon_core.shell:Creating package descriptor '/home/adam/Sensor-Fusion-And-Autonomous-Racing-Cars/ros_ws/install/v4l2_camera/share/v4l2_camera/package.dsv'
[584.694s] INFO:colcon.colcon_core.shell:Creating package script '/home/adam/Sensor-Fusion-And-Autonomous-Racing-Cars/ros_ws/install/v4l2_camera/share/v4l2_camera/package.sh'
[584.696s] INFO:colcon.colcon_core.shell:Creating package script '/home/adam/Sensor-Fusion-And-Autonomous-Racing-Cars/ros_ws/install/v4l2_camera/share/v4l2_camera/package.bash'
[584.698s] INFO:colcon.colcon_core.shell:Creating package script '/home/adam/Sensor-Fusion-And-Autonomous-Racing-Cars/ros_ws/install/v4l2_camera/share/v4l2_camera/package.zsh'
[584.700s] Level 1:colcon.colcon_core.environment:create_file_with_runtime_dependencies(/home/adam/Sensor-Fusion-And-Autonomous-Racing-Cars/ros_ws/install/v4l2_camera/share/colcon-core/packages/v4l2_camera)
[584.701s] DEBUG:colcon.colcon_parallel_executor.executor.parallel:closing loop
[584.702s] DEBUG:colcon.colcon_parallel_executor.executor.parallel:loop closed
[584.702s] DEBUG:colcon.colcon_parallel_executor.executor.parallel:run_until_complete finished with '0'
[584.703s] DEBUG:colcon.colcon_core.event_reactor:joining thread
[584.913s] INFO:colcon.colcon_core.plugin_system:Skipping extension 'colcon_notification.desktop_notification.terminal_notifier': Not used on non-Darwin systems
[584.914s] INFO:colcon.colcon_core.plugin_system:Skipping extension 'colcon_notification.desktop_notification.win32': Not used on non-Windows systems
[584.914s] INFO:colcon.colcon_notification.desktop_notification:Sending desktop notification using 'notify2'
[584.919s] DEBUG:colcon.colcon_notification.desktop_notification.notify2:Failed to initialize notify2: org.freedesktop.DBus.Error.ServiceUnknown: The name org.freedesktop.Notifications was not provided by any .service files
[584.920s] DEBUG:colcon.colcon_core.event_reactor:joined thread
[585.110s] INFO:colcon.colcon_core.shell:Creating prefix script '/home/adam/Sensor-Fusion-And-Autonomous-Racing-Cars/ros_ws/install/local_setup.ps1'
[585.114s] INFO:colcon.colcon_core.shell:Creating prefix util module '/home/adam/Sensor-Fusion-And-Autonomous-Racing-Cars/ros_ws/install/_local_setup_util_ps1.py'
[585.120s] INFO:colcon.colcon_core.shell:Creating prefix chain script '/home/adam/Sensor-Fusion-And-Autonomous-Racing-Cars/ros_ws/install/setup.ps1'
[585.311s] INFO:colcon.colcon_core.shell:Creating prefix script '/home/adam/Sensor-Fusion-And-Autonomous-Racing-Cars/ros_ws/install/local_setup.sh'
[585.314s] INFO:colcon.colcon_core.shell:Creating prefix util module '/home/adam/Sensor-Fusion-And-Autonomous-Racing-Cars/ros_ws/install/_local_setup_util_sh.py'
[585.316s] INFO:colcon.colcon_core.shell:Creating prefix chain script '/home/adam/Sensor-Fusion-And-Autonomous-Racing-Cars/ros_ws/install/setup.sh'
[585.507s] INFO:colcon.colcon_core.shell:Creating prefix script '/home/adam/Sensor-Fusion-And-Autonomous-Racing-Cars/ros_ws/install/local_setup.bash'
[585.509s] INFO:colcon.colcon_core.shell:Creating prefix chain script '/home/adam/Sensor-Fusion-And-Autonomous-Racing-Cars/ros_ws/install/setup.bash'
[585.699s] INFO:colcon.colcon_core.shell:Creating prefix script '/home/adam/Sensor-Fusion-And-Autonomous-Racing-Cars/ros_ws/install/local_setup.zsh'
[585.702s] INFO:colcon.colcon_core.shell:Creating prefix chain script '/home/adam/Sensor-Fusion-And-Autonomous-Racing-Cars/ros_ws/install/setup.zsh'
