[11.406s] DEBUG:colcon:Command line arguments: ['/usr/bin/colcon', 'build']
[11.407s] DEBUG:colcon:Parsed command line arguments: Namespace(allow_overriding=[], ament_cmake_args=None, base_paths=['.'], build_base='build', catkin_cmake_args=None, catkin_skip_building_tests=False, cmake_args=None, cmake_clean_cache=False, cmake_clean_first=False, cmake_force_configure=False, cmake_target=None, cmake_target_skip_unavailable=False, continue_on_error=False, event_handlers=None, executor='parallel', ignore_user_meta=False, install_base='install', log_base=None, log_level=None, main=<bound method BuildVerb.main of <colcon_core.verb.build.BuildVerb object at 0xffff8fa66d30>>, merge_install=False, metas=['./colcon.meta'], packages_above=None, packages_above_and_dependencies=None, packages_above_depth=None, packages_end=None, packages_ignore=None, packages_ignore_regex=None, packages_select=None, packages_select_build_failed=False, packages_select_by_dep=None, packages_select_regex=None, packages_select_test_failures=False, packages_skip=None, packages_skip_build_finished=False, packages_skip_by_dep=None, packages_skip_regex=None, packages_skip_test_passed=False, packages_skip_up_to=None, packages_start=None, packages_up_to=None, packages_up_to_regex=None, parallel_workers=4, paths=None, symlink_install=False, test_result_base=None, verb_extension=<colcon_core.verb.build.BuildVerb object at 0xffff8fa66d30>, verb_name='build', verb_parser=<colcon_defaults.argument_parser.defaults.DefaultArgumentsDecorator object at 0xffff8fbef640>)
[11.883s] Level 1:colcon.colcon_core.package_discovery:discover_packages(colcon_meta) check parameters
[11.884s] Level 1:colcon.colcon_core.package_discovery:discover_packages(recursive) check parameters
[11.884s] Level 1:colcon.colcon_core.package_discovery:discover_packages(ignore) check parameters
[11.884s] Level 1:colcon.colcon_core.package_discovery:discover_packages(path) check parameters
[11.884s] Level 1:colcon.colcon_core.package_discovery:discover_packages(colcon_meta) discover
[11.885s] Level 1:colcon.colcon_core.package_discovery:discover_packages(recursive) discover
[11.885s] INFO:colcon.colcon_core.package_discovery:Crawling recursively for packages in '/home/adam/Sensor-Fusion-And-Autonomous-Racing-Cars/ros_ws'
[11.885s] Level 1:colcon.colcon_core.package_identification:_identify(.) by extensions ['ignore', 'ignore_ament_install']
[11.886s] Level 1:colcon.colcon_core.package_identification:_identify(.) by extension 'ignore'
[11.886s] Level 1:colcon.colcon_core.package_identification:_identify(.) by extension 'ignore_ament_install'
[11.886s] Level 1:colcon.colcon_core.package_identification:_identify(.) by extensions ['colcon_pkg']
[11.886s] Level 1:colcon.colcon_core.package_identification:_identify(.) by extension 'colcon_pkg'
[11.887s] Level 1:colcon.colcon_core.package_identification:_identify(.) by extensions ['colcon_meta']
[11.887s] Level 1:colcon.colcon_core.package_identification:_identify(.) by extension 'colcon_meta'
[11.887s] Level 1:colcon.colcon_core.package_identification:_identify(.) by extensions ['ros']
[11.887s] Level 1:colcon.colcon_core.package_identification:_identify(.) by extension 'ros'
[11.934s] Level 1:colcon.colcon_core.package_identification:_identify(.) by extensions ['cmake', 'python']
[11.934s] Level 1:colcon.colcon_core.package_identification:_identify(.) by extension 'cmake'
[11.934s] Level 1:colcon.colcon_core.package_identification:_identify(.) by extension 'python'
[11.934s] Level 1:colcon.colcon_core.package_identification:_identify(.) by extensions ['python_setup_py']
[11.935s] Level 1:colcon.colcon_core.package_identification:_identify(.) by extension 'python_setup_py'
[11.935s] Level 1:colcon.colcon_core.package_identification:_identify(build) by extensions ['ignore', 'ignore_ament_install']
[11.936s] Level 1:colcon.colcon_core.package_identification:_identify(build) by extension 'ignore'
[11.936s] Level 1:colcon.colcon_core.package_identification:_identify(build) ignored
[11.937s] Level 1:colcon.colcon_core.package_identification:_identify(install) by extensions ['ignore', 'ignore_ament_install']
[11.937s] Level 1:colcon.colcon_core.package_identification:_identify(install) by extension 'ignore'
[11.938s] Level 1:colcon.colcon_core.package_identification:_identify(install) ignored
[11.942s] Level 1:colcon.colcon_core.package_identification:_identify(log) by extensions ['ignore', 'ignore_ament_install']
[11.943s] Level 1:colcon.colcon_core.package_identification:_identify(log) by extension 'ignore'
[11.943s] Level 1:colcon.colcon_core.package_identification:_identify(log) ignored
[11.944s] Level 1:colcon.colcon_core.package_identification:_identify(src) by extensions ['ignore', 'ignore_ament_install']
[11.944s] Level 1:colcon.colcon_core.package_identification:_identify(src) by extension 'ignore'
[11.945s] Level 1:colcon.colcon_core.package_identification:_identify(src) by extension 'ignore_ament_install'
[11.945s] Level 1:colcon.colcon_core.package_identification:_identify(src) by extensions ['colcon_pkg']
[11.945s] Level 1:colcon.colcon_core.package_identification:_identify(src) by extension 'colcon_pkg'
[11.945s] Level 1:colcon.colcon_core.package_identification:_identify(src) by extensions ['colcon_meta']
[11.945s] Level 1:colcon.colcon_core.package_identification:_identify(src) by extension 'colcon_meta'
[11.946s] Level 1:colcon.colcon_core.package_identification:_identify(src) by extensions ['ros']
[11.946s] Level 1:colcon.colcon_core.package_identification:_identify(src) by extension 'ros'
[11.946s] Level 1:colcon.colcon_core.package_identification:_identify(src) by extensions ['cmake', 'python']
[11.946s] Level 1:colcon.colcon_core.package_identification:_identify(src) by extension 'cmake'
[11.946s] Level 1:colcon.colcon_core.package_identification:_identify(src) by extension 'python'
[11.947s] Level 1:colcon.colcon_core.package_identification:_identify(src) by extensions ['python_setup_py']
[11.947s] Level 1:colcon.colcon_core.package_identification:_identify(src) by extension 'python_setup_py'
[11.947s] Level 1:colcon.colcon_core.package_identification:_identify(src/arc_autonomous_ctrl) by extensions ['ignore', 'ignore_ament_install']
[11.948s] Level 1:colcon.colcon_core.package_identification:_identify(src/arc_autonomous_ctrl) by extension 'ignore'
[11.949s] Level 1:colcon.colcon_core.package_identification:_identify(src/arc_autonomous_ctrl) by extension 'ignore_ament_install'
[11.949s] Level 1:colcon.colcon_core.package_identification:_identify(src/arc_autonomous_ctrl) by extensions ['colcon_pkg']
[11.949s] Level 1:colcon.colcon_core.package_identification:_identify(src/arc_autonomous_ctrl) by extension 'colcon_pkg'
[11.949s] Level 1:colcon.colcon_core.package_identification:_identify(src/arc_autonomous_ctrl) by extensions ['colcon_meta']
[11.949s] Level 1:colcon.colcon_core.package_identification:_identify(src/arc_autonomous_ctrl) by extension 'colcon_meta'
[11.950s] Level 1:colcon.colcon_core.package_identification:_identify(src/arc_autonomous_ctrl) by extensions ['ros']
[11.950s] Level 1:colcon.colcon_core.package_identification:_identify(src/arc_autonomous_ctrl) by extension 'ros'
[11.959s] DEBUG:colcon.colcon_core.package_identification:Package 'src/arc_autonomous_ctrl' with type 'ros.ament_python' and name 'arc_autonomous_ctrl'
[11.960s] Level 1:colcon.colcon_core.package_identification:_identify(src/arc_keyboard_control) by extensions ['ignore', 'ignore_ament_install']
[11.960s] Level 1:colcon.colcon_core.package_identification:_identify(src/arc_keyboard_control) by extension 'ignore'
[11.961s] Level 1:colcon.colcon_core.package_identification:_identify(src/arc_keyboard_control) by extension 'ignore_ament_install'
[11.961s] Level 1:colcon.colcon_core.package_identification:_identify(src/arc_keyboard_control) by extensions ['colcon_pkg']
[11.961s] Level 1:colcon.colcon_core.package_identification:_identify(src/arc_keyboard_control) by extension 'colcon_pkg'
[11.961s] Level 1:colcon.colcon_core.package_identification:_identify(src/arc_keyboard_control) by extensions ['colcon_meta']
[11.962s] Level 1:colcon.colcon_core.package_identification:_identify(src/arc_keyboard_control) by extension 'colcon_meta'
[11.962s] Level 1:colcon.colcon_core.package_identification:_identify(src/arc_keyboard_control) by extensions ['ros']
[11.962s] Level 1:colcon.colcon_core.package_identification:_identify(src/arc_keyboard_control) by extension 'ros'
[11.966s] DEBUG:colcon.colcon_core.package_identification:Package 'src/arc_keyboard_control' with type 'ros.ament_python' and name 'arc_keyboard_control'
[11.967s] Level 1:colcon.colcon_core.package_identification:_identify(src/arc_startup) by extensions ['ignore', 'ignore_ament_install']
[11.967s] Level 1:colcon.colcon_core.package_identification:_identify(src/arc_startup) by extension 'ignore'
[11.968s] Level 1:colcon.colcon_core.package_identification:_identify(src/arc_startup) by extension 'ignore_ament_install'
[11.968s] Level 1:colcon.colcon_core.package_identification:_identify(src/arc_startup) by extensions ['colcon_pkg']
[11.968s] Level 1:colcon.colcon_core.package_identification:_identify(src/arc_startup) by extension 'colcon_pkg'
[11.968s] Level 1:colcon.colcon_core.package_identification:_identify(src/arc_startup) by extensions ['colcon_meta']
[11.969s] Level 1:colcon.colcon_core.package_identification:_identify(src/arc_startup) by extension 'colcon_meta'
[11.969s] Level 1:colcon.colcon_core.package_identification:_identify(src/arc_startup) by extensions ['ros']
[11.969s] Level 1:colcon.colcon_core.package_identification:_identify(src/arc_startup) by extension 'ros'
[11.971s] DEBUG:colcon.colcon_core.package_identification:Package 'src/arc_startup' with type 'ros.ament_python' and name 'arc_startup'
[11.972s] Level 1:colcon.colcon_core.package_identification:_identify(src/camera_sensor) by extensions ['ignore', 'ignore_ament_install']
[11.972s] Level 1:colcon.colcon_core.package_identification:_identify(src/camera_sensor) by extension 'ignore'
[11.973s] Level 1:colcon.colcon_core.package_identification:_identify(src/camera_sensor) by extension 'ignore_ament_install'
[11.973s] Level 1:colcon.colcon_core.package_identification:_identify(src/camera_sensor) by extensions ['colcon_pkg']
[11.973s] Level 1:colcon.colcon_core.package_identification:_identify(src/camera_sensor) by extension 'colcon_pkg'
[11.973s] Level 1:colcon.colcon_core.package_identification:_identify(src/camera_sensor) by extensions ['colcon_meta']
[11.974s] Level 1:colcon.colcon_core.package_identification:_identify(src/camera_sensor) by extension 'colcon_meta'
[11.974s] Level 1:colcon.colcon_core.package_identification:_identify(src/camera_sensor) by extensions ['ros']
[11.974s] Level 1:colcon.colcon_core.package_identification:_identify(src/camera_sensor) by extension 'ros'
[11.976s] DEBUG:colcon.colcon_core.package_identification:Package 'src/camera_sensor' with type 'ros.ament_python' and name 'camera_sensor'
[11.977s] Level 1:colcon.colcon_core.package_identification:_identify(src/image_common) by extensions ['ignore', 'ignore_ament_install']
[11.977s] Level 1:colcon.colcon_core.package_identification:_identify(src/image_common) by extension 'ignore'
[11.978s] Level 1:colcon.colcon_core.package_identification:_identify(src/image_common) by extension 'ignore_ament_install'
[11.978s] Level 1:colcon.colcon_core.package_identification:_identify(src/image_common) by extensions ['colcon_pkg']
[11.978s] Level 1:colcon.colcon_core.package_identification:_identify(src/image_common) by extension 'colcon_pkg'
[11.978s] Level 1:colcon.colcon_core.package_identification:_identify(src/image_common) by extensions ['colcon_meta']
[11.978s] Level 1:colcon.colcon_core.package_identification:_identify(src/image_common) by extension 'colcon_meta'
[11.979s] Level 1:colcon.colcon_core.package_identification:_identify(src/image_common) by extensions ['ros']
[11.979s] Level 1:colcon.colcon_core.package_identification:_identify(src/image_common) by extension 'ros'
[11.979s] Level 1:colcon.colcon_core.package_identification:_identify(src/image_common) by extensions ['cmake', 'python']
[11.980s] Level 1:colcon.colcon_core.package_identification:_identify(src/image_common) by extension 'cmake'
[11.980s] Level 1:colcon.colcon_core.package_identification:_identify(src/image_common) by extension 'python'
[11.980s] Level 1:colcon.colcon_core.package_identification:_identify(src/image_common) by extensions ['python_setup_py']
[11.980s] Level 1:colcon.colcon_core.package_identification:_identify(src/image_common) by extension 'python_setup_py'
[11.981s] Level 1:colcon.colcon_core.package_identification:_identify(src/image_transport_plugins) by extensions ['ignore', 'ignore_ament_install']
[11.981s] Level 1:colcon.colcon_core.package_identification:_identify(src/image_transport_plugins) by extension 'ignore'
[11.982s] Level 1:colcon.colcon_core.package_identification:_identify(src/image_transport_plugins) by extension 'ignore_ament_install'
[11.982s] Level 1:colcon.colcon_core.package_identification:_identify(src/image_transport_plugins) by extensions ['colcon_pkg']
[11.982s] Level 1:colcon.colcon_core.package_identification:_identify(src/image_transport_plugins) by extension 'colcon_pkg'
[11.982s] Level 1:colcon.colcon_core.package_identification:_identify(src/image_transport_plugins) by extensions ['colcon_meta']
[11.982s] Level 1:colcon.colcon_core.package_identification:_identify(src/image_transport_plugins) by extension 'colcon_meta'
[11.983s] Level 1:colcon.colcon_core.package_identification:_identify(src/image_transport_plugins) by extensions ['ros']
[11.983s] Level 1:colcon.colcon_core.package_identification:_identify(src/image_transport_plugins) by extension 'ros'
[11.983s] Level 1:colcon.colcon_core.package_identification:_identify(src/image_transport_plugins) by extensions ['cmake', 'python']
[11.983s] Level 1:colcon.colcon_core.package_identification:_identify(src/image_transport_plugins) by extension 'cmake'
[11.983s] Level 1:colcon.colcon_core.package_identification:_identify(src/image_transport_plugins) by extension 'python'
[11.984s] Level 1:colcon.colcon_core.package_identification:_identify(src/image_transport_plugins) by extensions ['python_setup_py']
[11.984s] Level 1:colcon.colcon_core.package_identification:_identify(src/image_transport_plugins) by extension 'python_setup_py'
[11.984s] Level 1:colcon.colcon_core.package_identification:_identify(src/image_transport_plugins/compressed_depth_image_transport) by extensions ['ignore', 'ignore_ament_install']
[11.985s] Level 1:colcon.colcon_core.package_identification:_identify(src/image_transport_plugins/compressed_depth_image_transport) by extension 'ignore'
[11.985s] Level 1:colcon.colcon_core.package_identification:_identify(src/image_transport_plugins/compressed_depth_image_transport) by extension 'ignore_ament_install'
[11.985s] Level 1:colcon.colcon_core.package_identification:_identify(src/image_transport_plugins/compressed_depth_image_transport) by extensions ['colcon_pkg']
[11.985s] Level 1:colcon.colcon_core.package_identification:_identify(src/image_transport_plugins/compressed_depth_image_transport) by extension 'colcon_pkg'
[11.986s] Level 1:colcon.colcon_core.package_identification:_identify(src/image_transport_plugins/compressed_depth_image_transport) by extensions ['colcon_meta']
[11.986s] Level 1:colcon.colcon_core.package_identification:_identify(src/image_transport_plugins/compressed_depth_image_transport) by extension 'colcon_meta'
[11.986s] Level 1:colcon.colcon_core.package_identification:_identify(src/image_transport_plugins/compressed_depth_image_transport) by extensions ['ros']
[11.986s] Level 1:colcon.colcon_core.package_identification:_identify(src/image_transport_plugins/compressed_depth_image_transport) by extension 'ros'
[11.988s] DEBUG:colcon.colcon_core.package_identification:Package 'src/image_transport_plugins/compressed_depth_image_transport' with type 'ros.ament_cmake' and name 'compressed_depth_image_transport'
[11.989s] Level 1:colcon.colcon_core.package_identification:_identify(src/image_transport_plugins/compressed_image_transport) by extensions ['ignore', 'ignore_ament_install']
[11.990s] Level 1:colcon.colcon_core.package_identification:_identify(src/image_transport_plugins/compressed_image_transport) by extension 'ignore'
[11.990s] Level 1:colcon.colcon_core.package_identification:_identify(src/image_transport_plugins/compressed_image_transport) by extension 'ignore_ament_install'
[11.991s] Level 1:colcon.colcon_core.package_identification:_identify(src/image_transport_plugins/compressed_image_transport) by extensions ['colcon_pkg']
[11.991s] Level 1:colcon.colcon_core.package_identification:_identify(src/image_transport_plugins/compressed_image_transport) by extension 'colcon_pkg'
[11.991s] Level 1:colcon.colcon_core.package_identification:_identify(src/image_transport_plugins/compressed_image_transport) by extensions ['colcon_meta']
[11.991s] Level 1:colcon.colcon_core.package_identification:_identify(src/image_transport_plugins/compressed_image_transport) by extension 'colcon_meta'
[11.992s] Level 1:colcon.colcon_core.package_identification:_identify(src/image_transport_plugins/compressed_image_transport) by extensions ['ros']
[11.992s] Level 1:colcon.colcon_core.package_identification:_identify(src/image_transport_plugins/compressed_image_transport) by extension 'ros'
[11.995s] DEBUG:colcon.colcon_core.package_identification:Package 'src/image_transport_plugins/compressed_image_transport' with type 'ros.ament_cmake' and name 'compressed_image_transport'
[11.995s] Level 1:colcon.colcon_core.package_identification:_identify(src/image_transport_plugins/image_transport_plugins) by extensions ['ignore', 'ignore_ament_install']
[11.996s] Level 1:colcon.colcon_core.package_identification:_identify(src/image_transport_plugins/image_transport_plugins) by extension 'ignore'
[11.996s] Level 1:colcon.colcon_core.package_identification:_identify(src/image_transport_plugins/image_transport_plugins) by extension 'ignore_ament_install'
[11.997s] Level 1:colcon.colcon_core.package_identification:_identify(src/image_transport_plugins/image_transport_plugins) by extensions ['colcon_pkg']
[11.997s] Level 1:colcon.colcon_core.package_identification:_identify(src/image_transport_plugins/image_transport_plugins) by extension 'colcon_pkg'
[11.998s] Level 1:colcon.colcon_core.package_identification:_identify(src/image_transport_plugins/image_transport_plugins) by extensions ['colcon_meta']
[11.998s] Level 1:colcon.colcon_core.package_identification:_identify(src/image_transport_plugins/image_transport_plugins) by extension 'colcon_meta'
[11.998s] Level 1:colcon.colcon_core.package_identification:_identify(src/image_transport_plugins/image_transport_plugins) by extensions ['ros']
[11.999s] Level 1:colcon.colcon_core.package_identification:_identify(src/image_transport_plugins/image_transport_plugins) by extension 'ros'
[12.001s] DEBUG:colcon.colcon_core.package_identification:Package 'src/image_transport_plugins/image_transport_plugins' with type 'ros.ament_cmake' and name 'image_transport_plugins'
[12.002s] Level 1:colcon.colcon_core.package_identification:_identify(src/image_transport_plugins/theora_image_transport) by extensions ['ignore', 'ignore_ament_install']
[12.002s] Level 1:colcon.colcon_core.package_identification:_identify(src/image_transport_plugins/theora_image_transport) by extension 'ignore'
[12.003s] Level 1:colcon.colcon_core.package_identification:_identify(src/image_transport_plugins/theora_image_transport) by extension 'ignore_ament_install'
[12.003s] Level 1:colcon.colcon_core.package_identification:_identify(src/image_transport_plugins/theora_image_transport) by extensions ['colcon_pkg']
[12.003s] Level 1:colcon.colcon_core.package_identification:_identify(src/image_transport_plugins/theora_image_transport) by extension 'colcon_pkg'
[12.003s] Level 1:colcon.colcon_core.package_identification:_identify(src/image_transport_plugins/theora_image_transport) by extensions ['colcon_meta']
[12.003s] Level 1:colcon.colcon_core.package_identification:_identify(src/image_transport_plugins/theora_image_transport) by extension 'colcon_meta'
[12.004s] Level 1:colcon.colcon_core.package_identification:_identify(src/image_transport_plugins/theora_image_transport) by extensions ['ros']
[12.004s] Level 1:colcon.colcon_core.package_identification:_identify(src/image_transport_plugins/theora_image_transport) by extension 'ros'
[12.008s] DEBUG:colcon.colcon_core.package_identification:Package 'src/image_transport_plugins/theora_image_transport' with type 'ros.ament_cmake' and name 'theora_image_transport'
[12.009s] Level 1:colcon.colcon_core.package_identification:_identify(src/ldlidar_ros2) by extensions ['ignore', 'ignore_ament_install']
[12.010s] Level 1:colcon.colcon_core.package_identification:_identify(src/ldlidar_ros2) by extension 'ignore'
[12.010s] Level 1:colcon.colcon_core.package_identification:_identify(src/ldlidar_ros2) by extension 'ignore_ament_install'
[12.010s] Level 1:colcon.colcon_core.package_identification:_identify(src/ldlidar_ros2) by extensions ['colcon_pkg']
[12.011s] Level 1:colcon.colcon_core.package_identification:_identify(src/ldlidar_ros2) by extension 'colcon_pkg'
[12.011s] Level 1:colcon.colcon_core.package_identification:_identify(src/ldlidar_ros2) by extensions ['colcon_meta']
[12.011s] Level 1:colcon.colcon_core.package_identification:_identify(src/ldlidar_ros2) by extension 'colcon_meta'
[12.011s] Level 1:colcon.colcon_core.package_identification:_identify(src/ldlidar_ros2) by extensions ['ros']
[12.012s] Level 1:colcon.colcon_core.package_identification:_identify(src/ldlidar_ros2) by extension 'ros'
[12.015s] DEBUG:colcon.colcon_core.package_identification:Package 'src/ldlidar_ros2' with type 'ros.ament_cmake' and name 'ldlidar_ros2'
[12.016s] Level 1:colcon.colcon_core.package_identification:_identify(src/log) by extensions ['ignore', 'ignore_ament_install']
[12.016s] Level 1:colcon.colcon_core.package_identification:_identify(src/log) by extension 'ignore'
[12.016s] Level 1:colcon.colcon_core.package_identification:_identify(src/log) ignored
[12.017s] Level 1:colcon.colcon_core.package_identification:_identify(src/motor_controller) by extensions ['ignore', 'ignore_ament_install']
[12.017s] Level 1:colcon.colcon_core.package_identification:_identify(src/motor_controller) by extension 'ignore'
[12.018s] Level 1:colcon.colcon_core.package_identification:_identify(src/motor_controller) by extension 'ignore_ament_install'
[12.018s] Level 1:colcon.colcon_core.package_identification:_identify(src/motor_controller) by extensions ['colcon_pkg']
[12.018s] Level 1:colcon.colcon_core.package_identification:_identify(src/motor_controller) by extension 'colcon_pkg'
[12.018s] Level 1:colcon.colcon_core.package_identification:_identify(src/motor_controller) by extensions ['colcon_meta']
[12.019s] Level 1:colcon.colcon_core.package_identification:_identify(src/motor_controller) by extension 'colcon_meta'
[12.019s] Level 1:colcon.colcon_core.package_identification:_identify(src/motor_controller) by extensions ['ros']
[12.019s] Level 1:colcon.colcon_core.package_identification:_identify(src/motor_controller) by extension 'ros'
[12.021s] DEBUG:colcon.colcon_core.package_identification:Package 'src/motor_controller' with type 'ros.ament_python' and name 'motor_controller'
[12.022s] Level 1:colcon.colcon_core.package_identification:_identify(src/servo_controller) by extensions ['ignore', 'ignore_ament_install']
[12.022s] Level 1:colcon.colcon_core.package_identification:_identify(src/servo_controller) by extension 'ignore'
[12.023s] Level 1:colcon.colcon_core.package_identification:_identify(src/servo_controller) by extension 'ignore_ament_install'
[12.023s] Level 1:colcon.colcon_core.package_identification:_identify(src/servo_controller) by extensions ['colcon_pkg']
[12.023s] Level 1:colcon.colcon_core.package_identification:_identify(src/servo_controller) by extension 'colcon_pkg'
[12.023s] Level 1:colcon.colcon_core.package_identification:_identify(src/servo_controller) by extensions ['colcon_meta']
[12.024s] Level 1:colcon.colcon_core.package_identification:_identify(src/servo_controller) by extension 'colcon_meta'
[12.024s] Level 1:colcon.colcon_core.package_identification:_identify(src/servo_controller) by extensions ['ros']
[12.024s] Level 1:colcon.colcon_core.package_identification:_identify(src/servo_controller) by extension 'ros'
[12.027s] DEBUG:colcon.colcon_core.package_identification:Package 'src/servo_controller' with type 'ros.ament_python' and name 'servo_controller'
[12.027s] Level 1:colcon.colcon_core.package_identification:_identify(src/steering_test_pkg) by extensions ['ignore', 'ignore_ament_install']
[12.028s] Level 1:colcon.colcon_core.package_identification:_identify(src/steering_test_pkg) by extension 'ignore'
[12.028s] Level 1:colcon.colcon_core.package_identification:_identify(src/steering_test_pkg) by extension 'ignore_ament_install'
[12.029s] Level 1:colcon.colcon_core.package_identification:_identify(src/steering_test_pkg) by extensions ['colcon_pkg']
[12.029s] Level 1:colcon.colcon_core.package_identification:_identify(src/steering_test_pkg) by extension 'colcon_pkg'
[12.029s] Level 1:colcon.colcon_core.package_identification:_identify(src/steering_test_pkg) by extensions ['colcon_meta']
[12.029s] Level 1:colcon.colcon_core.package_identification:_identify(src/steering_test_pkg) by extension 'colcon_meta'
[12.030s] Level 1:colcon.colcon_core.package_identification:_identify(src/steering_test_pkg) by extensions ['ros']
[12.030s] Level 1:colcon.colcon_core.package_identification:_identify(src/steering_test_pkg) by extension 'ros'
[12.033s] DEBUG:colcon.colcon_core.package_identification:Package 'src/steering_test_pkg' with type 'ros.ament_python' and name 'steering_test_pkg'
[12.034s] Level 1:colcon.colcon_core.package_identification:_identify(src/transport_drivers) by extensions ['ignore', 'ignore_ament_install']
[12.034s] Level 1:colcon.colcon_core.package_identification:_identify(src/transport_drivers) by extension 'ignore'
[12.035s] Level 1:colcon.colcon_core.package_identification:_identify(src/transport_drivers) by extension 'ignore_ament_install'
[12.035s] Level 1:colcon.colcon_core.package_identification:_identify(src/transport_drivers) by extensions ['colcon_pkg']
[12.036s] Level 1:colcon.colcon_core.package_identification:_identify(src/transport_drivers) by extension 'colcon_pkg'
[12.036s] Level 1:colcon.colcon_core.package_identification:_identify(src/transport_drivers) by extensions ['colcon_meta']
[12.036s] Level 1:colcon.colcon_core.package_identification:_identify(src/transport_drivers) by extension 'colcon_meta'
[12.036s] Level 1:colcon.colcon_core.package_identification:_identify(src/transport_drivers) by extensions ['ros']
[12.037s] Level 1:colcon.colcon_core.package_identification:_identify(src/transport_drivers) by extension 'ros'
[12.037s] Level 1:colcon.colcon_core.package_identification:_identify(src/transport_drivers) by extensions ['cmake', 'python']
[12.038s] Level 1:colcon.colcon_core.package_identification:_identify(src/transport_drivers) by extension 'cmake'
[12.038s] Level 1:colcon.colcon_core.package_identification:_identify(src/transport_drivers) by extension 'python'
[12.039s] Level 1:colcon.colcon_core.package_identification:_identify(src/transport_drivers) by extensions ['python_setup_py']
[12.039s] Level 1:colcon.colcon_core.package_identification:_identify(src/transport_drivers) by extension 'python_setup_py'
[12.040s] Level 1:colcon.colcon_core.package_identification:_identify(src/transport_drivers/asio_cmake_module) by extensions ['ignore', 'ignore_ament_install']
[12.040s] Level 1:colcon.colcon_core.package_identification:_identify(src/transport_drivers/asio_cmake_module) by extension 'ignore'
[12.040s] Level 1:colcon.colcon_core.package_identification:_identify(src/transport_drivers/asio_cmake_module) by extension 'ignore_ament_install'
[12.041s] Level 1:colcon.colcon_core.package_identification:_identify(src/transport_drivers/asio_cmake_module) by extensions ['colcon_pkg']
[12.041s] Level 1:colcon.colcon_core.package_identification:_identify(src/transport_drivers/asio_cmake_module) by extension 'colcon_pkg'
[12.041s] Level 1:colcon.colcon_core.package_identification:_identify(src/transport_drivers/asio_cmake_module) by extensions ['colcon_meta']
[12.041s] Level 1:colcon.colcon_core.package_identification:_identify(src/transport_drivers/asio_cmake_module) by extension 'colcon_meta'
[12.042s] Level 1:colcon.colcon_core.package_identification:_identify(src/transport_drivers/asio_cmake_module) by extensions ['ros']
[12.042s] Level 1:colcon.colcon_core.package_identification:_identify(src/transport_drivers/asio_cmake_module) by extension 'ros'
[12.044s] DEBUG:colcon.colcon_core.package_identification:Package 'src/transport_drivers/asio_cmake_module' with type 'ros.ament_cmake' and name 'asio_cmake_module'
[12.045s] Level 1:colcon.colcon_core.package_identification:_identify(src/transport_drivers/io_context) by extensions ['ignore', 'ignore_ament_install']
[12.045s] Level 1:colcon.colcon_core.package_identification:_identify(src/transport_drivers/io_context) by extension 'ignore'
[12.046s] Level 1:colcon.colcon_core.package_identification:_identify(src/transport_drivers/io_context) by extension 'ignore_ament_install'
[12.046s] Level 1:colcon.colcon_core.package_identification:_identify(src/transport_drivers/io_context) by extensions ['colcon_pkg']
[12.046s] Level 1:colcon.colcon_core.package_identification:_identify(src/transport_drivers/io_context) by extension 'colcon_pkg'
[12.047s] Level 1:colcon.colcon_core.package_identification:_identify(src/transport_drivers/io_context) by extensions ['colcon_meta']
[12.047s] Level 1:colcon.colcon_core.package_identification:_identify(src/transport_drivers/io_context) by extension 'colcon_meta'
[12.047s] Level 1:colcon.colcon_core.package_identification:_identify(src/transport_drivers/io_context) by extensions ['ros']
[12.047s] Level 1:colcon.colcon_core.package_identification:_identify(src/transport_drivers/io_context) by extension 'ros'
[12.051s] DEBUG:colcon.colcon_core.package_identification:Package 'src/transport_drivers/io_context' with type 'ros.ament_cmake' and name 'io_context'
[12.052s] Level 1:colcon.colcon_core.package_identification:_identify(src/transport_drivers/serial_driver) by extensions ['ignore', 'ignore_ament_install']
[12.053s] Level 1:colcon.colcon_core.package_identification:_identify(src/transport_drivers/serial_driver) by extension 'ignore'
[12.053s] Level 1:colcon.colcon_core.package_identification:_identify(src/transport_drivers/serial_driver) by extension 'ignore_ament_install'
[12.054s] Level 1:colcon.colcon_core.package_identification:_identify(src/transport_drivers/serial_driver) by extensions ['colcon_pkg']
[12.054s] Level 1:colcon.colcon_core.package_identification:_identify(src/transport_drivers/serial_driver) by extension 'colcon_pkg'
[12.054s] Level 1:colcon.colcon_core.package_identification:_identify(src/transport_drivers/serial_driver) by extensions ['colcon_meta']
[12.054s] Level 1:colcon.colcon_core.package_identification:_identify(src/transport_drivers/serial_driver) by extension 'colcon_meta'
[12.054s] Level 1:colcon.colcon_core.package_identification:_identify(src/transport_drivers/serial_driver) by extensions ['ros']
[12.054s] Level 1:colcon.colcon_core.package_identification:_identify(src/transport_drivers/serial_driver) by extension 'ros'
[12.058s] DEBUG:colcon.colcon_core.package_identification:Package 'src/transport_drivers/serial_driver' with type 'ros.ament_cmake' and name 'serial_driver'
[12.059s] Level 1:colcon.colcon_core.package_identification:_identify(src/transport_drivers/udp_driver) by extensions ['ignore', 'ignore_ament_install']
[12.060s] Level 1:colcon.colcon_core.package_identification:_identify(src/transport_drivers/udp_driver) by extension 'ignore'
[12.060s] Level 1:colcon.colcon_core.package_identification:_identify(src/transport_drivers/udp_driver) by extension 'ignore_ament_install'
[12.060s] Level 1:colcon.colcon_core.package_identification:_identify(src/transport_drivers/udp_driver) by extensions ['colcon_pkg']
[12.061s] Level 1:colcon.colcon_core.package_identification:_identify(src/transport_drivers/udp_driver) by extension 'colcon_pkg'
[12.061s] Level 1:colcon.colcon_core.package_identification:_identify(src/transport_drivers/udp_driver) by extensions ['colcon_meta']
[12.061s] Level 1:colcon.colcon_core.package_identification:_identify(src/transport_drivers/udp_driver) by extension 'colcon_meta'
[12.061s] Level 1:colcon.colcon_core.package_identification:_identify(src/transport_drivers/udp_driver) by extensions ['ros']
[12.061s] Level 1:colcon.colcon_core.package_identification:_identify(src/transport_drivers/udp_driver) by extension 'ros'
[12.066s] DEBUG:colcon.colcon_core.package_identification:Package 'src/transport_drivers/udp_driver' with type 'ros.ament_cmake' and name 'udp_driver'
[12.067s] Level 1:colcon.colcon_core.package_identification:_identify(src/v4l2_camera) by extensions ['ignore', 'ignore_ament_install']
[12.067s] Level 1:colcon.colcon_core.package_identification:_identify(src/v4l2_camera) by extension 'ignore'
[12.068s] Level 1:colcon.colcon_core.package_identification:_identify(src/v4l2_camera) by extension 'ignore_ament_install'
[12.068s] Level 1:colcon.colcon_core.package_identification:_identify(src/v4l2_camera) by extensions ['colcon_pkg']
[12.068s] Level 1:colcon.colcon_core.package_identification:_identify(src/v4l2_camera) by extension 'colcon_pkg'
[12.068s] Level 1:colcon.colcon_core.package_identification:_identify(src/v4l2_camera) by extensions ['colcon_meta']
[12.068s] Level 1:colcon.colcon_core.package_identification:_identify(src/v4l2_camera) by extension 'colcon_meta'
[12.069s] Level 1:colcon.colcon_core.package_identification:_identify(src/v4l2_camera) by extensions ['ros']
[12.069s] Level 1:colcon.colcon_core.package_identification:_identify(src/v4l2_camera) by extension 'ros'
[12.072s] DEBUG:colcon.colcon_core.package_identification:Package 'src/v4l2_camera' with type 'ros.ament_cmake' and name 'v4l2_camera'
[12.073s] Level 1:colcon.colcon_core.package_identification:_identify(src/vesc_driver) by extensions ['ignore', 'ignore_ament_install']
[12.074s] Level 1:colcon.colcon_core.package_identification:_identify(src/vesc_driver) by extension 'ignore'
[12.074s] Level 1:colcon.colcon_core.package_identification:_identify(src/vesc_driver) by extension 'ignore_ament_install'
[12.074s] Level 1:colcon.colcon_core.package_identification:_identify(src/vesc_driver) by extensions ['colcon_pkg']
[12.074s] Level 1:colcon.colcon_core.package_identification:_identify(src/vesc_driver) by extension 'colcon_pkg'
[12.075s] Level 1:colcon.colcon_core.package_identification:_identify(src/vesc_driver) by extensions ['colcon_meta']
[12.075s] Level 1:colcon.colcon_core.package_identification:_identify(src/vesc_driver) by extension 'colcon_meta'
[12.075s] Level 1:colcon.colcon_core.package_identification:_identify(src/vesc_driver) by extensions ['ros']
[12.075s] Level 1:colcon.colcon_core.package_identification:_identify(src/vesc_driver) by extension 'ros'
[12.075s] Level 1:colcon.colcon_core.package_identification:_identify(src/vesc_driver) by extensions ['cmake', 'python']
[12.076s] Level 1:colcon.colcon_core.package_identification:_identify(src/vesc_driver) by extension 'cmake'
[12.076s] Level 1:colcon.colcon_core.package_identification:_identify(src/vesc_driver) by extension 'python'
[12.076s] Level 1:colcon.colcon_core.package_identification:_identify(src/vesc_driver) by extensions ['python_setup_py']
[12.076s] Level 1:colcon.colcon_core.package_identification:_identify(src/vesc_driver) by extension 'python_setup_py'
[12.077s] Level 1:colcon.colcon_core.package_identification:_identify(src/vesc_driver/vesc) by extensions ['ignore', 'ignore_ament_install']
[12.078s] Level 1:colcon.colcon_core.package_identification:_identify(src/vesc_driver/vesc) by extension 'ignore'
[12.078s] Level 1:colcon.colcon_core.package_identification:_identify(src/vesc_driver/vesc) by extension 'ignore_ament_install'
[12.078s] Level 1:colcon.colcon_core.package_identification:_identify(src/vesc_driver/vesc) by extensions ['colcon_pkg']
[12.078s] Level 1:colcon.colcon_core.package_identification:_identify(src/vesc_driver/vesc) by extension 'colcon_pkg'
[12.079s] Level 1:colcon.colcon_core.package_identification:_identify(src/vesc_driver/vesc) by extensions ['colcon_meta']
[12.079s] Level 1:colcon.colcon_core.package_identification:_identify(src/vesc_driver/vesc) by extension 'colcon_meta'
[12.079s] Level 1:colcon.colcon_core.package_identification:_identify(src/vesc_driver/vesc) by extensions ['ros']
[12.079s] Level 1:colcon.colcon_core.package_identification:_identify(src/vesc_driver/vesc) by extension 'ros'
[12.082s] DEBUG:colcon.colcon_core.package_identification:Package 'src/vesc_driver/vesc' with type 'ros.ament_cmake' and name 'vesc'
[12.082s] Level 1:colcon.colcon_core.package_identification:_identify(src/vesc_driver/vesc_ackermann) by extensions ['ignore', 'ignore_ament_install']
[12.083s] Level 1:colcon.colcon_core.package_identification:_identify(src/vesc_driver/vesc_ackermann) by extension 'ignore'
[12.083s] Level 1:colcon.colcon_core.package_identification:_identify(src/vesc_driver/vesc_ackermann) by extension 'ignore_ament_install'
[12.083s] Level 1:colcon.colcon_core.package_identification:_identify(src/vesc_driver/vesc_ackermann) by extensions ['colcon_pkg']
[12.084s] Level 1:colcon.colcon_core.package_identification:_identify(src/vesc_driver/vesc_ackermann) by extension 'colcon_pkg'
[12.084s] Level 1:colcon.colcon_core.package_identification:_identify(src/vesc_driver/vesc_ackermann) by extensions ['colcon_meta']
[12.084s] Level 1:colcon.colcon_core.package_identification:_identify(src/vesc_driver/vesc_ackermann) by extension 'colcon_meta'
[12.084s] Level 1:colcon.colcon_core.package_identification:_identify(src/vesc_driver/vesc_ackermann) by extensions ['ros']
[12.084s] Level 1:colcon.colcon_core.package_identification:_identify(src/vesc_driver/vesc_ackermann) by extension 'ros'
[12.088s] DEBUG:colcon.colcon_core.package_identification:Package 'src/vesc_driver/vesc_ackermann' with type 'ros.ament_cmake' and name 'vesc_ackermann'
[12.089s] Level 1:colcon.colcon_core.package_identification:_identify(src/vesc_driver/vesc_driver) by extensions ['ignore', 'ignore_ament_install']
[12.090s] Level 1:colcon.colcon_core.package_identification:_identify(src/vesc_driver/vesc_driver) by extension 'ignore'
[12.090s] Level 1:colcon.colcon_core.package_identification:_identify(src/vesc_driver/vesc_driver) by extension 'ignore_ament_install'
[12.091s] Level 1:colcon.colcon_core.package_identification:_identify(src/vesc_driver/vesc_driver) by extensions ['colcon_pkg']
[12.091s] Level 1:colcon.colcon_core.package_identification:_identify(src/vesc_driver/vesc_driver) by extension 'colcon_pkg'
[12.091s] Level 1:colcon.colcon_core.package_identification:_identify(src/vesc_driver/vesc_driver) by extensions ['colcon_meta']
[12.091s] Level 1:colcon.colcon_core.package_identification:_identify(src/vesc_driver/vesc_driver) by extension 'colcon_meta'
[12.092s] Level 1:colcon.colcon_core.package_identification:_identify(src/vesc_driver/vesc_driver) by extensions ['ros']
[12.092s] Level 1:colcon.colcon_core.package_identification:_identify(src/vesc_driver/vesc_driver) by extension 'ros'
[12.096s] DEBUG:colcon.colcon_core.package_identification:Package 'src/vesc_driver/vesc_driver' with type 'ros.ament_cmake' and name 'vesc_driver'
[12.097s] Level 1:colcon.colcon_core.package_identification:_identify(src/vesc_driver/vesc_msgs) by extensions ['ignore', 'ignore_ament_install']
[12.097s] Level 1:colcon.colcon_core.package_identification:_identify(src/vesc_driver/vesc_msgs) by extension 'ignore'
[12.098s] Level 1:colcon.colcon_core.package_identification:_identify(src/vesc_driver/vesc_msgs) by extension 'ignore_ament_install'
[12.098s] Level 1:colcon.colcon_core.package_identification:_identify(src/vesc_driver/vesc_msgs) by extensions ['colcon_pkg']
[12.099s] Level 1:colcon.colcon_core.package_identification:_identify(src/vesc_driver/vesc_msgs) by extension 'colcon_pkg'
[12.099s] Level 1:colcon.colcon_core.package_identification:_identify(src/vesc_driver/vesc_msgs) by extensions ['colcon_meta']
[12.099s] Level 1:colcon.colcon_core.package_identification:_identify(src/vesc_driver/vesc_msgs) by extension 'colcon_meta'
[12.099s] Level 1:colcon.colcon_core.package_identification:_identify(src/vesc_driver/vesc_msgs) by extensions ['ros']
[12.100s] Level 1:colcon.colcon_core.package_identification:_identify(src/vesc_driver/vesc_msgs) by extension 'ros'
[12.104s] DEBUG:colcon.colcon_core.package_identification:Package 'src/vesc_driver/vesc_msgs' with type 'ros.ament_cmake' and name 'vesc_msgs'
[12.104s] Level 1:colcon.colcon_core.package_identification:_identify(src/vision_opencv) by extensions ['ignore', 'ignore_ament_install']
[12.105s] Level 1:colcon.colcon_core.package_identification:_identify(src/vision_opencv) by extension 'ignore'
[12.105s] Level 1:colcon.colcon_core.package_identification:_identify(src/vision_opencv) by extension 'ignore_ament_install'
[12.106s] Level 1:colcon.colcon_core.package_identification:_identify(src/vision_opencv) by extensions ['colcon_pkg']
[12.106s] Level 1:colcon.colcon_core.package_identification:_identify(src/vision_opencv) by extension 'colcon_pkg'
[12.106s] Level 1:colcon.colcon_core.package_identification:_identify(src/vision_opencv) by extensions ['colcon_meta']
[12.106s] Level 1:colcon.colcon_core.package_identification:_identify(src/vision_opencv) by extension 'colcon_meta'
[12.106s] Level 1:colcon.colcon_core.package_identification:_identify(src/vision_opencv) by extensions ['ros']
[12.106s] Level 1:colcon.colcon_core.package_identification:_identify(src/vision_opencv) by extension 'ros'
[12.107s] Level 1:colcon.colcon_core.package_identification:_identify(src/vision_opencv) by extensions ['cmake', 'python']
[12.107s] Level 1:colcon.colcon_core.package_identification:_identify(src/vision_opencv) by extension 'cmake'
[12.107s] Level 1:colcon.colcon_core.package_identification:_identify(src/vision_opencv) by extension 'python'
[12.107s] Level 1:colcon.colcon_core.package_identification:_identify(src/vision_opencv) by extensions ['python_setup_py']
[12.108s] Level 1:colcon.colcon_core.package_identification:_identify(src/vision_opencv) by extension 'python_setup_py'
[12.108s] Level 1:colcon.colcon_core.package_discovery:discover_packages(recursive) using defaults
[12.108s] Level 1:colcon.colcon_core.package_discovery:discover_packages(ignore) discover
[12.108s] Level 1:colcon.colcon_core.package_discovery:discover_packages(ignore) using defaults
[12.108s] Level 1:colcon.colcon_core.package_discovery:discover_packages(path) discover
[12.109s] Level 1:colcon.colcon_core.package_discovery:discover_packages(path) using defaults
[13.155s] Level 1:colcon.colcon_core.package_discovery:discover_packages(prefix_path) check parameters
[13.155s] Level 1:colcon.colcon_core.package_discovery:discover_packages(prefix_path) discover
[13.391s] WARNING:colcon.colcon_core.prefix_path.colcon:The path '/home/adam/Sensor-Fusion-And-Autonomous-Racing-Cars/ros_ws/src/install' in the environment variable COLCON_PREFIX_PATH doesn't exist
[13.391s] WARNING:colcon.colcon_ros.prefix_path.ament:The path '/home/adam/Sensor-Fusion-And-Autonomous-Racing-Cars/ros_ws/src/install/arc_autonomous_ctrl' in the environment variable AMENT_PREFIX_PATH doesn't exist
[13.392s] WARNING:colcon.colcon_ros.prefix_path.ament:The path '/home/adam/Sensor-Fusion-And-Autonomous-Racing-Cars/ros_ws/install/vesc' in the environment variable AMENT_PREFIX_PATH doesn't exist
[13.392s] WARNING:colcon.colcon_ros.prefix_path.ament:The path '/home/adam/Sensor-Fusion-And-Autonomous-Racing-Cars/ros_ws/install/vesc_driver' in the environment variable AMENT_PREFIX_PATH doesn't exist
[13.393s] WARNING:colcon.colcon_ros.prefix_path.ament:The path '/home/adam/Sensor-Fusion-And-Autonomous-Racing-Cars/ros_ws/install/vesc_ackermann' in the environment variable AMENT_PREFIX_PATH doesn't exist
[13.393s] WARNING:colcon.colcon_ros.prefix_path.ament:The path '/home/adam/Sensor-Fusion-And-Autonomous-Racing-Cars/ros_ws/install/vesc_msgs' in the environment variable AMENT_PREFIX_PATH doesn't exist
[13.393s] WARNING:colcon.colcon_ros.prefix_path.ament:The path '/home/adam/Sensor-Fusion-And-Autonomous-Racing-Cars/ros_ws/install/v4l2_camera' in the environment variable AMENT_PREFIX_PATH doesn't exist
[13.394s] WARNING:colcon.colcon_ros.prefix_path.ament:The path '/home/adam/Sensor-Fusion-And-Autonomous-Racing-Cars/ros_ws/install/udp_driver' in the environment variable AMENT_PREFIX_PATH doesn't exist
[13.394s] WARNING:colcon.colcon_ros.prefix_path.ament:The path '/home/adam/Sensor-Fusion-And-Autonomous-Racing-Cars/ros_ws/install/image_transport_plugins' in the environment variable AMENT_PREFIX_PATH doesn't exist
[13.395s] WARNING:colcon.colcon_ros.prefix_path.ament:The path '/home/adam/Sensor-Fusion-And-Autonomous-Racing-Cars/ros_ws/install/theora_image_transport' in the environment variable AMENT_PREFIX_PATH doesn't exist
[13.395s] WARNING:colcon.colcon_ros.prefix_path.ament:The path '/home/adam/Sensor-Fusion-And-Autonomous-Racing-Cars/ros_ws/install/steering_test_pkg' in the environment variable AMENT_PREFIX_PATH doesn't exist
[13.395s] WARNING:colcon.colcon_ros.prefix_path.ament:The path '/home/adam/Sensor-Fusion-And-Autonomous-Racing-Cars/ros_ws/install/servo_controller' in the environment variable AMENT_PREFIX_PATH doesn't exist
[13.396s] WARNING:colcon.colcon_ros.prefix_path.ament:The path '/home/adam/Sensor-Fusion-And-Autonomous-Racing-Cars/ros_ws/install/serial_driver' in the environment variable AMENT_PREFIX_PATH doesn't exist
[13.396s] WARNING:colcon.colcon_ros.prefix_path.ament:The path '/home/adam/Sensor-Fusion-And-Autonomous-Racing-Cars/ros_ws/install/motor_controller' in the environment variable AMENT_PREFIX_PATH doesn't exist
[13.397s] WARNING:colcon.colcon_ros.prefix_path.ament:The path '/home/adam/Sensor-Fusion-And-Autonomous-Racing-Cars/ros_ws/install/ldlidar_ros2' in the environment variable AMENT_PREFIX_PATH doesn't exist
[13.397s] WARNING:colcon.colcon_ros.prefix_path.ament:The path '/home/adam/Sensor-Fusion-And-Autonomous-Racing-Cars/ros_ws/install/io_context' in the environment variable AMENT_PREFIX_PATH doesn't exist
[13.398s] WARNING:colcon.colcon_ros.prefix_path.ament:The path '/home/adam/Sensor-Fusion-And-Autonomous-Racing-Cars/ros_ws/install/compressed_image_transport' in the environment variable AMENT_PREFIX_PATH doesn't exist
[13.399s] WARNING:colcon.colcon_ros.prefix_path.ament:The path '/home/adam/Sensor-Fusion-And-Autonomous-Racing-Cars/ros_ws/install/compressed_depth_image_transport' in the environment variable AMENT_PREFIX_PATH doesn't exist
[13.399s] WARNING:colcon.colcon_ros.prefix_path.ament:The path '/home/adam/Sensor-Fusion-And-Autonomous-Racing-Cars/ros_ws/install/camera_sensor' in the environment variable AMENT_PREFIX_PATH doesn't exist
[13.400s] WARNING:colcon.colcon_ros.prefix_path.ament:The path '/home/adam/Sensor-Fusion-And-Autonomous-Racing-Cars/ros_ws/install/asio_cmake_module' in the environment variable AMENT_PREFIX_PATH doesn't exist
[13.400s] WARNING:colcon.colcon_ros.prefix_path.ament:The path '/home/adam/Sensor-Fusion-And-Autonomous-Racing-Cars/ros_ws/install/arc_startup' in the environment variable AMENT_PREFIX_PATH doesn't exist
[13.401s] WARNING:colcon.colcon_ros.prefix_path.ament:The path '/home/adam/Sensor-Fusion-And-Autonomous-Racing-Cars/ros_ws/install/arc_keyboard_control' in the environment variable AMENT_PREFIX_PATH doesn't exist
[13.401s] WARNING:colcon.colcon_ros.prefix_path.ament:The path '/home/adam/Sensor-Fusion-And-Autonomous-Racing-Cars/ros_ws/install/arc_autonomous_ctrl' in the environment variable AMENT_PREFIX_PATH doesn't exist
[13.402s] WARNING:colcon.colcon_ros.prefix_path.catkin:The path '/home/adam/Sensor-Fusion-And-Autonomous-Racing-Cars/ros_ws/install/vesc' in the environment variable CMAKE_PREFIX_PATH doesn't exist
[13.403s] WARNING:colcon.colcon_ros.prefix_path.catkin:The path '/home/adam/Sensor-Fusion-And-Autonomous-Racing-Cars/ros_ws/install/vesc_driver' in the environment variable CMAKE_PREFIX_PATH doesn't exist
[13.403s] WARNING:colcon.colcon_ros.prefix_path.catkin:The path '/home/adam/Sensor-Fusion-And-Autonomous-Racing-Cars/ros_ws/install/vesc_ackermann' in the environment variable CMAKE_PREFIX_PATH doesn't exist
[13.403s] WARNING:colcon.colcon_ros.prefix_path.catkin:The path '/home/adam/Sensor-Fusion-And-Autonomous-Racing-Cars/ros_ws/install/vesc_msgs' in the environment variable CMAKE_PREFIX_PATH doesn't exist
[13.404s] WARNING:colcon.colcon_ros.prefix_path.catkin:The path '/home/adam/Sensor-Fusion-And-Autonomous-Racing-Cars/ros_ws/install/v4l2_camera' in the environment variable CMAKE_PREFIX_PATH doesn't exist
[13.404s] WARNING:colcon.colcon_ros.prefix_path.catkin:The path '/home/adam/Sensor-Fusion-And-Autonomous-Racing-Cars/ros_ws/install/udp_driver' in the environment variable CMAKE_PREFIX_PATH doesn't exist
[13.405s] WARNING:colcon.colcon_ros.prefix_path.catkin:The path '/home/adam/Sensor-Fusion-And-Autonomous-Racing-Cars/ros_ws/install/image_transport_plugins' in the environment variable CMAKE_PREFIX_PATH doesn't exist
[13.405s] WARNING:colcon.colcon_ros.prefix_path.catkin:The path '/home/adam/Sensor-Fusion-And-Autonomous-Racing-Cars/ros_ws/install/theora_image_transport' in the environment variable CMAKE_PREFIX_PATH doesn't exist
[13.406s] WARNING:colcon.colcon_ros.prefix_path.catkin:The path '/home/adam/Sensor-Fusion-And-Autonomous-Racing-Cars/ros_ws/install/serial_driver' in the environment variable CMAKE_PREFIX_PATH doesn't exist
[13.406s] WARNING:colcon.colcon_ros.prefix_path.catkin:The path '/home/adam/Sensor-Fusion-And-Autonomous-Racing-Cars/ros_ws/install/ldlidar_ros2' in the environment variable CMAKE_PREFIX_PATH doesn't exist
[13.407s] WARNING:colcon.colcon_ros.prefix_path.catkin:The path '/home/adam/Sensor-Fusion-And-Autonomous-Racing-Cars/ros_ws/install/io_context' in the environment variable CMAKE_PREFIX_PATH doesn't exist
[13.407s] WARNING:colcon.colcon_ros.prefix_path.catkin:The path '/home/adam/Sensor-Fusion-And-Autonomous-Racing-Cars/ros_ws/install/compressed_image_transport' in the environment variable CMAKE_PREFIX_PATH doesn't exist
[13.408s] WARNING:colcon.colcon_ros.prefix_path.catkin:The path '/home/adam/Sensor-Fusion-And-Autonomous-Racing-Cars/ros_ws/install/compressed_depth_image_transport' in the environment variable CMAKE_PREFIX_PATH doesn't exist
[13.408s] WARNING:colcon.colcon_ros.prefix_path.catkin:The path '/home/adam/Sensor-Fusion-And-Autonomous-Racing-Cars/ros_ws/install/asio_cmake_module' in the environment variable CMAKE_PREFIX_PATH doesn't exist
[13.608s] DEBUG:colcon.colcon_installed_package_information.package_discovery:Found 0 installed packages in /home/adam/Sensor-Fusion-And-Autonomous-Racing-Cars/ros_ws/install
[13.817s] DEBUG:colcon.colcon_installed_package_information.package_discovery:Found 263 installed packages in /opt/ros/foxy
[13.823s] Level 1:colcon.colcon_core.package_discovery:discover_packages(prefix_path) using defaults
[14.572s] Level 5:colcon.colcon_core.verb:set package 'arc_autonomous_ctrl' build argument 'cmake_args' from command line to 'None'
[14.573s] Level 5:colcon.colcon_core.verb:set package 'arc_autonomous_ctrl' build argument 'cmake_target' from command line to 'None'
[14.573s] Level 5:colcon.colcon_core.verb:set package 'arc_autonomous_ctrl' build argument 'cmake_target_skip_unavailable' from command line to 'False'
[14.573s] Level 5:colcon.colcon_core.verb:set package 'arc_autonomous_ctrl' build argument 'cmake_clean_cache' from command line to 'False'
[14.573s] Level 5:colcon.colcon_core.verb:set package 'arc_autonomous_ctrl' build argument 'cmake_clean_first' from command line to 'False'
[14.573s] Level 5:colcon.colcon_core.verb:set package 'arc_autonomous_ctrl' build argument 'cmake_force_configure' from command line to 'False'
[14.573s] Level 5:colcon.colcon_core.verb:set package 'arc_autonomous_ctrl' build argument 'ament_cmake_args' from command line to 'None'
[14.573s] Level 5:colcon.colcon_core.verb:set package 'arc_autonomous_ctrl' build argument 'catkin_cmake_args' from command line to 'None'
[14.573s] Level 5:colcon.colcon_core.verb:set package 'arc_autonomous_ctrl' build argument 'catkin_skip_building_tests' from command line to 'False'
[14.573s] DEBUG:colcon.colcon_core.verb:Building package 'arc_autonomous_ctrl' with the following arguments: {'ament_cmake_args': None, 'build_base': '/home/adam/Sensor-Fusion-And-Autonomous-Racing-Cars/ros_ws/build/arc_autonomous_ctrl', 'catkin_cmake_args': None, 'catkin_skip_building_tests': False, 'cmake_args': None, 'cmake_clean_cache': False, 'cmake_clean_first': False, 'cmake_force_configure': False, 'cmake_target': None, 'cmake_target_skip_unavailable': False, 'install_base': '/home/adam/Sensor-Fusion-And-Autonomous-Racing-Cars/ros_ws/install/arc_autonomous_ctrl', 'merge_install': False, 'path': '/home/adam/Sensor-Fusion-And-Autonomous-Racing-Cars/ros_ws/src/arc_autonomous_ctrl', 'symlink_install': False, 'test_result_base': None}
[14.769s] Level 5:colcon.colcon_core.verb:set package 'arc_keyboard_control' build argument 'cmake_args' from command line to 'None'
[14.769s] Level 5:colcon.colcon_core.verb:set package 'arc_keyboard_control' build argument 'cmake_target' from command line to 'None'
[14.773s] Level 5:colcon.colcon_core.verb:set package 'arc_keyboard_control' build argument 'cmake_target_skip_unavailable' from command line to 'False'
[14.774s] Level 5:colcon.colcon_core.verb:set package 'arc_keyboard_control' build argument 'cmake_clean_cache' from command line to 'False'
[14.774s] Level 5:colcon.colcon_core.verb:set package 'arc_keyboard_control' build argument 'cmake_clean_first' from command line to 'False'
[14.774s] Level 5:colcon.colcon_core.verb:set package 'arc_keyboard_control' build argument 'cmake_force_configure' from command line to 'False'
[14.774s] Level 5:colcon.colcon_core.verb:set package 'arc_keyboard_control' build argument 'ament_cmake_args' from command line to 'None'
[14.774s] Level 5:colcon.colcon_core.verb:set package 'arc_keyboard_control' build argument 'catkin_cmake_args' from command line to 'None'
[14.774s] Level 5:colcon.colcon_core.verb:set package 'arc_keyboard_control' build argument 'catkin_skip_building_tests' from command line to 'False'
[14.774s] DEBUG:colcon.colcon_core.verb:Building package 'arc_keyboard_control' with the following arguments: {'ament_cmake_args': None, 'build_base': '/home/adam/Sensor-Fusion-And-Autonomous-Racing-Cars/ros_ws/build/arc_keyboard_control', 'catkin_cmake_args': None, 'catkin_skip_building_tests': False, 'cmake_args': None, 'cmake_clean_cache': False, 'cmake_clean_first': False, 'cmake_force_configure': False, 'cmake_target': None, 'cmake_target_skip_unavailable': False, 'install_base': '/home/adam/Sensor-Fusion-And-Autonomous-Racing-Cars/ros_ws/install/arc_keyboard_control', 'merge_install': False, 'path': '/home/adam/Sensor-Fusion-And-Autonomous-Racing-Cars/ros_ws/src/arc_keyboard_control', 'symlink_install': False, 'test_result_base': None}
[14.983s] Level 5:colcon.colcon_core.verb:set package 'arc_startup' build argument 'cmake_args' from command line to 'None'
[14.983s] Level 5:colcon.colcon_core.verb:set package 'arc_startup' build argument 'cmake_target' from command line to 'None'
[14.983s] Level 5:colcon.colcon_core.verb:set package 'arc_startup' build argument 'cmake_target_skip_unavailable' from command line to 'False'
[14.983s] Level 5:colcon.colcon_core.verb:set package 'arc_startup' build argument 'cmake_clean_cache' from command line to 'False'
[14.983s] Level 5:colcon.colcon_core.verb:set package 'arc_startup' build argument 'cmake_clean_first' from command line to 'False'
[14.983s] Level 5:colcon.colcon_core.verb:set package 'arc_startup' build argument 'cmake_force_configure' from command line to 'False'
[14.984s] Level 5:colcon.colcon_core.verb:set package 'arc_startup' build argument 'ament_cmake_args' from command line to 'None'
[14.984s] Level 5:colcon.colcon_core.verb:set package 'arc_startup' build argument 'catkin_cmake_args' from command line to 'None'
[14.984s] Level 5:colcon.colcon_core.verb:set package 'arc_startup' build argument 'catkin_skip_building_tests' from command line to 'False'
[14.984s] DEBUG:colcon.colcon_core.verb:Building package 'arc_startup' with the following arguments: {'ament_cmake_args': None, 'build_base': '/home/adam/Sensor-Fusion-And-Autonomous-Racing-Cars/ros_ws/build/arc_startup', 'catkin_cmake_args': None, 'catkin_skip_building_tests': False, 'cmake_args': None, 'cmake_clean_cache': False, 'cmake_clean_first': False, 'cmake_force_configure': False, 'cmake_target': None, 'cmake_target_skip_unavailable': False, 'install_base': '/home/adam/Sensor-Fusion-And-Autonomous-Racing-Cars/ros_ws/install/arc_startup', 'merge_install': False, 'path': '/home/adam/Sensor-Fusion-And-Autonomous-Racing-Cars/ros_ws/src/arc_startup', 'symlink_install': False, 'test_result_base': None}
[15.185s] Level 5:colcon.colcon_core.verb:set package 'asio_cmake_module' build argument 'cmake_args' from command line to 'None'
[15.185s] Level 5:colcon.colcon_core.verb:set package 'asio_cmake_module' build argument 'cmake_target' from command line to 'None'
[15.185s] Level 5:colcon.colcon_core.verb:set package 'asio_cmake_module' build argument 'cmake_target_skip_unavailable' from command line to 'False'
[15.185s] Level 5:colcon.colcon_core.verb:set package 'asio_cmake_module' build argument 'cmake_clean_cache' from command line to 'False'
[15.185s] Level 5:colcon.colcon_core.verb:set package 'asio_cmake_module' build argument 'cmake_clean_first' from command line to 'False'
[15.186s] Level 5:colcon.colcon_core.verb:set package 'asio_cmake_module' build argument 'cmake_force_configure' from command line to 'False'
[15.186s] Level 5:colcon.colcon_core.verb:set package 'asio_cmake_module' build argument 'ament_cmake_args' from command line to 'None'
[15.186s] Level 5:colcon.colcon_core.verb:set package 'asio_cmake_module' build argument 'catkin_cmake_args' from command line to 'None'
[15.186s] Level 5:colcon.colcon_core.verb:set package 'asio_cmake_module' build argument 'catkin_skip_building_tests' from command line to 'False'
[15.186s] DEBUG:colcon.colcon_core.verb:Building package 'asio_cmake_module' with the following arguments: {'ament_cmake_args': None, 'build_base': '/home/adam/Sensor-Fusion-And-Autonomous-Racing-Cars/ros_ws/build/asio_cmake_module', 'catkin_cmake_args': None, 'catkin_skip_building_tests': False, 'cmake_args': None, 'cmake_clean_cache': False, 'cmake_clean_first': False, 'cmake_force_configure': False, 'cmake_target': None, 'cmake_target_skip_unavailable': False, 'install_base': '/home/adam/Sensor-Fusion-And-Autonomous-Racing-Cars/ros_ws/install/asio_cmake_module', 'merge_install': False, 'path': '/home/adam/Sensor-Fusion-And-Autonomous-Racing-Cars/ros_ws/src/transport_drivers/asio_cmake_module', 'symlink_install': False, 'test_result_base': None}
[15.383s] Level 5:colcon.colcon_core.verb:set package 'camera_sensor' build argument 'cmake_args' from command line to 'None'
[15.384s] Level 5:colcon.colcon_core.verb:set package 'camera_sensor' build argument 'cmake_target' from command line to 'None'
[15.384s] Level 5:colcon.colcon_core.verb:set package 'camera_sensor' build argument 'cmake_target_skip_unavailable' from command line to 'False'
[15.384s] Level 5:colcon.colcon_core.verb:set package 'camera_sensor' build argument 'cmake_clean_cache' from command line to 'False'
[15.384s] Level 5:colcon.colcon_core.verb:set package 'camera_sensor' build argument 'cmake_clean_first' from command line to 'False'
[15.384s] Level 5:colcon.colcon_core.verb:set package 'camera_sensor' build argument 'cmake_force_configure' from command line to 'False'
[15.384s] Level 5:colcon.colcon_core.verb:set package 'camera_sensor' build argument 'ament_cmake_args' from command line to 'None'
[15.384s] Level 5:colcon.colcon_core.verb:set package 'camera_sensor' build argument 'catkin_cmake_args' from command line to 'None'
[15.384s] Level 5:colcon.colcon_core.verb:set package 'camera_sensor' build argument 'catkin_skip_building_tests' from command line to 'False'
[15.384s] DEBUG:colcon.colcon_core.verb:Building package 'camera_sensor' with the following arguments: {'ament_cmake_args': None, 'build_base': '/home/adam/Sensor-Fusion-And-Autonomous-Racing-Cars/ros_ws/build/camera_sensor', 'catkin_cmake_args': None, 'catkin_skip_building_tests': False, 'cmake_args': None, 'cmake_clean_cache': False, 'cmake_clean_first': False, 'cmake_force_configure': False, 'cmake_target': None, 'cmake_target_skip_unavailable': False, 'install_base': '/home/adam/Sensor-Fusion-And-Autonomous-Racing-Cars/ros_ws/install/camera_sensor', 'merge_install': False, 'path': '/home/adam/Sensor-Fusion-And-Autonomous-Racing-Cars/ros_ws/src/camera_sensor', 'symlink_install': False, 'test_result_base': None}
[15.587s] Level 5:colcon.colcon_core.verb:set package 'compressed_depth_image_transport' build argument 'cmake_args' from command line to 'None'
[15.588s] Level 5:colcon.colcon_core.verb:set package 'compressed_depth_image_transport' build argument 'cmake_target' from command line to 'None'
[15.588s] Level 5:colcon.colcon_core.verb:set package 'compressed_depth_image_transport' build argument 'cmake_target_skip_unavailable' from command line to 'False'
[15.588s] Level 5:colcon.colcon_core.verb:set package 'compressed_depth_image_transport' build argument 'cmake_clean_cache' from command line to 'False'
[15.588s] Level 5:colcon.colcon_core.verb:set package 'compressed_depth_image_transport' build argument 'cmake_clean_first' from command line to 'False'
[15.588s] Level 5:colcon.colcon_core.verb:set package 'compressed_depth_image_transport' build argument 'cmake_force_configure' from command line to 'False'
[15.588s] Level 5:colcon.colcon_core.verb:set package 'compressed_depth_image_transport' build argument 'ament_cmake_args' from command line to 'None'
[15.588s] Level 5:colcon.colcon_core.verb:set package 'compressed_depth_image_transport' build argument 'catkin_cmake_args' from command line to 'None'
[15.588s] Level 5:colcon.colcon_core.verb:set package 'compressed_depth_image_transport' build argument 'catkin_skip_building_tests' from command line to 'False'
[15.589s] DEBUG:colcon.colcon_core.verb:Building package 'compressed_depth_image_transport' with the following arguments: {'ament_cmake_args': None, 'build_base': '/home/adam/Sensor-Fusion-And-Autonomous-Racing-Cars/ros_ws/build/compressed_depth_image_transport', 'catkin_cmake_args': None, 'catkin_skip_building_tests': False, 'cmake_args': None, 'cmake_clean_cache': False, 'cmake_clean_first': False, 'cmake_force_configure': False, 'cmake_target': None, 'cmake_target_skip_unavailable': False, 'install_base': '/home/adam/Sensor-Fusion-And-Autonomous-Racing-Cars/ros_ws/install/compressed_depth_image_transport', 'merge_install': False, 'path': '/home/adam/Sensor-Fusion-And-Autonomous-Racing-Cars/ros_ws/src/image_transport_plugins/compressed_depth_image_transport', 'symlink_install': False, 'test_result_base': None}
[15.832s] Level 5:colcon.colcon_core.verb:set package 'compressed_image_transport' build argument 'cmake_args' from command line to 'None'
[15.833s] Level 5:colcon.colcon_core.verb:set package 'compressed_image_transport' build argument 'cmake_target' from command line to 'None'
[15.833s] Level 5:colcon.colcon_core.verb:set package 'compressed_image_transport' build argument 'cmake_target_skip_unavailable' from command line to 'False'
[15.833s] Level 5:colcon.colcon_core.verb:set package 'compressed_image_transport' build argument 'cmake_clean_cache' from command line to 'False'
[15.833s] Level 5:colcon.colcon_core.verb:set package 'compressed_image_transport' build argument 'cmake_clean_first' from command line to 'False'
[15.833s] Level 5:colcon.colcon_core.verb:set package 'compressed_image_transport' build argument 'cmake_force_configure' from command line to 'False'
[15.833s] Level 5:colcon.colcon_core.verb:set package 'compressed_image_transport' build argument 'ament_cmake_args' from command line to 'None'
[15.833s] Level 5:colcon.colcon_core.verb:set package 'compressed_image_transport' build argument 'catkin_cmake_args' from command line to 'None'
[15.834s] Level 5:colcon.colcon_core.verb:set package 'compressed_image_transport' build argument 'catkin_skip_building_tests' from command line to 'False'
[15.834s] DEBUG:colcon.colcon_core.verb:Building package 'compressed_image_transport' with the following arguments: {'ament_cmake_args': None, 'build_base': '/home/adam/Sensor-Fusion-And-Autonomous-Racing-Cars/ros_ws/build/compressed_image_transport', 'catkin_cmake_args': None, 'catkin_skip_building_tests': False, 'cmake_args': None, 'cmake_clean_cache': False, 'cmake_clean_first': False, 'cmake_force_configure': False, 'cmake_target': None, 'cmake_target_skip_unavailable': False, 'install_base': '/home/adam/Sensor-Fusion-And-Autonomous-Racing-Cars/ros_ws/install/compressed_image_transport', 'merge_install': False, 'path': '/home/adam/Sensor-Fusion-And-Autonomous-Racing-Cars/ros_ws/src/image_transport_plugins/compressed_image_transport', 'symlink_install': False, 'test_result_base': None}
[16.030s] Level 5:colcon.colcon_core.verb:set package 'ldlidar_ros2' build argument 'cmake_args' from command line to 'None'
[16.031s] Level 5:colcon.colcon_core.verb:set package 'ldlidar_ros2' build argument 'cmake_target' from command line to 'None'
[16.031s] Level 5:colcon.colcon_core.verb:set package 'ldlidar_ros2' build argument 'cmake_target_skip_unavailable' from command line to 'False'
[16.031s] Level 5:colcon.colcon_core.verb:set package 'ldlidar_ros2' build argument 'cmake_clean_cache' from command line to 'False'
[16.031s] Level 5:colcon.colcon_core.verb:set package 'ldlidar_ros2' build argument 'cmake_clean_first' from command line to 'False'
[16.031s] Level 5:colcon.colcon_core.verb:set package 'ldlidar_ros2' build argument 'cmake_force_configure' from command line to 'False'
[16.031s] Level 5:colcon.colcon_core.verb:set package 'ldlidar_ros2' build argument 'ament_cmake_args' from command line to 'None'
[16.032s] Level 5:colcon.colcon_core.verb:set package 'ldlidar_ros2' build argument 'catkin_cmake_args' from command line to 'None'
[16.032s] Level 5:colcon.colcon_core.verb:set package 'ldlidar_ros2' build argument 'catkin_skip_building_tests' from command line to 'False'
[16.032s] DEBUG:colcon.colcon_core.verb:Building package 'ldlidar_ros2' with the following arguments: {'ament_cmake_args': None, 'build_base': '/home/adam/Sensor-Fusion-And-Autonomous-Racing-Cars/ros_ws/build/ldlidar_ros2', 'catkin_cmake_args': None, 'catkin_skip_building_tests': False, 'cmake_args': None, 'cmake_clean_cache': False, 'cmake_clean_first': False, 'cmake_force_configure': False, 'cmake_target': None, 'cmake_target_skip_unavailable': False, 'install_base': '/home/adam/Sensor-Fusion-And-Autonomous-Racing-Cars/ros_ws/install/ldlidar_ros2', 'merge_install': False, 'path': '/home/adam/Sensor-Fusion-And-Autonomous-Racing-Cars/ros_ws/src/ldlidar_ros2', 'symlink_install': False, 'test_result_base': None}
[16.231s] Level 5:colcon.colcon_core.verb:set package 'motor_controller' build argument 'cmake_args' from command line to 'None'
[16.231s] Level 5:colcon.colcon_core.verb:set package 'motor_controller' build argument 'cmake_target' from command line to 'None'
[16.231s] Level 5:colcon.colcon_core.verb:set package 'motor_controller' build argument 'cmake_target_skip_unavailable' from command line to 'False'
[16.232s] Level 5:colcon.colcon_core.verb:set package 'motor_controller' build argument 'cmake_clean_cache' from command line to 'False'
[16.232s] Level 5:colcon.colcon_core.verb:set package 'motor_controller' build argument 'cmake_clean_first' from command line to 'False'
[16.232s] Level 5:colcon.colcon_core.verb:set package 'motor_controller' build argument 'cmake_force_configure' from command line to 'False'
[16.232s] Level 5:colcon.colcon_core.verb:set package 'motor_controller' build argument 'ament_cmake_args' from command line to 'None'
[16.232s] Level 5:colcon.colcon_core.verb:set package 'motor_controller' build argument 'catkin_cmake_args' from command line to 'None'
[16.232s] Level 5:colcon.colcon_core.verb:set package 'motor_controller' build argument 'catkin_skip_building_tests' from command line to 'False'
[16.232s] DEBUG:colcon.colcon_core.verb:Building package 'motor_controller' with the following arguments: {'ament_cmake_args': None, 'build_base': '/home/adam/Sensor-Fusion-And-Autonomous-Racing-Cars/ros_ws/build/motor_controller', 'catkin_cmake_args': None, 'catkin_skip_building_tests': False, 'cmake_args': None, 'cmake_clean_cache': False, 'cmake_clean_first': False, 'cmake_force_configure': False, 'cmake_target': None, 'cmake_target_skip_unavailable': False, 'install_base': '/home/adam/Sensor-Fusion-And-Autonomous-Racing-Cars/ros_ws/install/motor_controller', 'merge_install': False, 'path': '/home/adam/Sensor-Fusion-And-Autonomous-Racing-Cars/ros_ws/src/motor_controller', 'symlink_install': False, 'test_result_base': None}
[16.430s] Level 5:colcon.colcon_core.verb:set package 'servo_controller' build argument 'cmake_args' from command line to 'None'
[16.431s] Level 5:colcon.colcon_core.verb:set package 'servo_controller' build argument 'cmake_target' from command line to 'None'
[16.431s] Level 5:colcon.colcon_core.verb:set package 'servo_controller' build argument 'cmake_target_skip_unavailable' from command line to 'False'
[16.431s] Level 5:colcon.colcon_core.verb:set package 'servo_controller' build argument 'cmake_clean_cache' from command line to 'False'
[16.431s] Level 5:colcon.colcon_core.verb:set package 'servo_controller' build argument 'cmake_clean_first' from command line to 'False'
[16.431s] Level 5:colcon.colcon_core.verb:set package 'servo_controller' build argument 'cmake_force_configure' from command line to 'False'
[16.431s] Level 5:colcon.colcon_core.verb:set package 'servo_controller' build argument 'ament_cmake_args' from command line to 'None'
[16.431s] Level 5:colcon.colcon_core.verb:set package 'servo_controller' build argument 'catkin_cmake_args' from command line to 'None'
[16.432s] Level 5:colcon.colcon_core.verb:set package 'servo_controller' build argument 'catkin_skip_building_tests' from command line to 'False'
[16.432s] DEBUG:colcon.colcon_core.verb:Building package 'servo_controller' with the following arguments: {'ament_cmake_args': None, 'build_base': '/home/adam/Sensor-Fusion-And-Autonomous-Racing-Cars/ros_ws/build/servo_controller', 'catkin_cmake_args': None, 'catkin_skip_building_tests': False, 'cmake_args': None, 'cmake_clean_cache': False, 'cmake_clean_first': False, 'cmake_force_configure': False, 'cmake_target': None, 'cmake_target_skip_unavailable': False, 'install_base': '/home/adam/Sensor-Fusion-And-Autonomous-Racing-Cars/ros_ws/install/servo_controller', 'merge_install': False, 'path': '/home/adam/Sensor-Fusion-And-Autonomous-Racing-Cars/ros_ws/src/servo_controller', 'symlink_install': False, 'test_result_base': None}
[16.631s] Level 5:colcon.colcon_core.verb:set package 'steering_test_pkg' build argument 'cmake_args' from command line to 'None'
[16.631s] Level 5:colcon.colcon_core.verb:set package 'steering_test_pkg' build argument 'cmake_target' from command line to 'None'
[16.631s] Level 5:colcon.colcon_core.verb:set package 'steering_test_pkg' build argument 'cmake_target_skip_unavailable' from command line to 'False'
[16.632s] Level 5:colcon.colcon_core.verb:set package 'steering_test_pkg' build argument 'cmake_clean_cache' from command line to 'False'
[16.632s] Level 5:colcon.colcon_core.verb:set package 'steering_test_pkg' build argument 'cmake_clean_first' from command line to 'False'
[16.632s] Level 5:colcon.colcon_core.verb:set package 'steering_test_pkg' build argument 'cmake_force_configure' from command line to 'False'
[16.632s] Level 5:colcon.colcon_core.verb:set package 'steering_test_pkg' build argument 'ament_cmake_args' from command line to 'None'
[16.632s] Level 5:colcon.colcon_core.verb:set package 'steering_test_pkg' build argument 'catkin_cmake_args' from command line to 'None'
[16.632s] Level 5:colcon.colcon_core.verb:set package 'steering_test_pkg' build argument 'catkin_skip_building_tests' from command line to 'False'
[16.632s] DEBUG:colcon.colcon_core.verb:Building package 'steering_test_pkg' with the following arguments: {'ament_cmake_args': None, 'build_base': '/home/adam/Sensor-Fusion-And-Autonomous-Racing-Cars/ros_ws/build/steering_test_pkg', 'catkin_cmake_args': None, 'catkin_skip_building_tests': False, 'cmake_args': None, 'cmake_clean_cache': False, 'cmake_clean_first': False, 'cmake_force_configure': False, 'cmake_target': None, 'cmake_target_skip_unavailable': False, 'install_base': '/home/adam/Sensor-Fusion-And-Autonomous-Racing-Cars/ros_ws/install/steering_test_pkg', 'merge_install': False, 'path': '/home/adam/Sensor-Fusion-And-Autonomous-Racing-Cars/ros_ws/src/steering_test_pkg', 'symlink_install': False, 'test_result_base': None}
[16.830s] Level 5:colcon.colcon_core.verb:set package 'theora_image_transport' build argument 'cmake_args' from command line to 'None'
[16.830s] Level 5:colcon.colcon_core.verb:set package 'theora_image_transport' build argument 'cmake_target' from command line to 'None'
[16.830s] Level 5:colcon.colcon_core.verb:set package 'theora_image_transport' build argument 'cmake_target_skip_unavailable' from command line to 'False'
[16.830s] Level 5:colcon.colcon_core.verb:set package 'theora_image_transport' build argument 'cmake_clean_cache' from command line to 'False'
[16.830s] Level 5:colcon.colcon_core.verb:set package 'theora_image_transport' build argument 'cmake_clean_first' from command line to 'False'
[16.830s] Level 5:colcon.colcon_core.verb:set package 'theora_image_transport' build argument 'cmake_force_configure' from command line to 'False'
[16.831s] Level 5:colcon.colcon_core.verb:set package 'theora_image_transport' build argument 'ament_cmake_args' from command line to 'None'
[16.831s] Level 5:colcon.colcon_core.verb:set package 'theora_image_transport' build argument 'catkin_cmake_args' from command line to 'None'
[16.831s] Level 5:colcon.colcon_core.verb:set package 'theora_image_transport' build argument 'catkin_skip_building_tests' from command line to 'False'
[16.831s] DEBUG:colcon.colcon_core.verb:Building package 'theora_image_transport' with the following arguments: {'ament_cmake_args': None, 'build_base': '/home/adam/Sensor-Fusion-And-Autonomous-Racing-Cars/ros_ws/build/theora_image_transport', 'catkin_cmake_args': None, 'catkin_skip_building_tests': False, 'cmake_args': None, 'cmake_clean_cache': False, 'cmake_clean_first': False, 'cmake_force_configure': False, 'cmake_target': None, 'cmake_target_skip_unavailable': False, 'install_base': '/home/adam/Sensor-Fusion-And-Autonomous-Racing-Cars/ros_ws/install/theora_image_transport', 'merge_install': False, 'path': '/home/adam/Sensor-Fusion-And-Autonomous-Racing-Cars/ros_ws/src/image_transport_plugins/theora_image_transport', 'symlink_install': False, 'test_result_base': None}
[17.026s] Level 5:colcon.colcon_core.verb:set package 'v4l2_camera' build argument 'cmake_args' from command line to 'None'
[17.027s] Level 5:colcon.colcon_core.verb:set package 'v4l2_camera' build argument 'cmake_target' from command line to 'None'
[17.027s] Level 5:colcon.colcon_core.verb:set package 'v4l2_camera' build argument 'cmake_target_skip_unavailable' from command line to 'False'
[17.027s] Level 5:colcon.colcon_core.verb:set package 'v4l2_camera' build argument 'cmake_clean_cache' from command line to 'False'
[17.027s] Level 5:colcon.colcon_core.verb:set package 'v4l2_camera' build argument 'cmake_clean_first' from command line to 'False'
[17.027s] Level 5:colcon.colcon_core.verb:set package 'v4l2_camera' build argument 'cmake_force_configure' from command line to 'False'
[17.027s] Level 5:colcon.colcon_core.verb:set package 'v4l2_camera' build argument 'ament_cmake_args' from command line to 'None'
[17.027s] Level 5:colcon.colcon_core.verb:set package 'v4l2_camera' build argument 'catkin_cmake_args' from command line to 'None'
[17.027s] Level 5:colcon.colcon_core.verb:set package 'v4l2_camera' build argument 'catkin_skip_building_tests' from command line to 'False'
[17.028s] DEBUG:colcon.colcon_core.verb:Building package 'v4l2_camera' with the following arguments: {'ament_cmake_args': None, 'build_base': '/home/adam/Sensor-Fusion-And-Autonomous-Racing-Cars/ros_ws/build/v4l2_camera', 'catkin_cmake_args': None, 'catkin_skip_building_tests': False, 'cmake_args': None, 'cmake_clean_cache': False, 'cmake_clean_first': False, 'cmake_force_configure': False, 'cmake_target': None, 'cmake_target_skip_unavailable': False, 'install_base': '/home/adam/Sensor-Fusion-And-Autonomous-Racing-Cars/ros_ws/install/v4l2_camera', 'merge_install': False, 'path': '/home/adam/Sensor-Fusion-And-Autonomous-Racing-Cars/ros_ws/src/v4l2_camera', 'symlink_install': False, 'test_result_base': None}
[17.226s] Level 5:colcon.colcon_core.verb:set package 'vesc_msgs' build argument 'cmake_args' from command line to 'None'
[17.226s] Level 5:colcon.colcon_core.verb:set package 'vesc_msgs' build argument 'cmake_target' from command line to 'None'
[17.226s] Level 5:colcon.colcon_core.verb:set package 'vesc_msgs' build argument 'cmake_target_skip_unavailable' from command line to 'False'
[17.226s] Level 5:colcon.colcon_core.verb:set package 'vesc_msgs' build argument 'cmake_clean_cache' from command line to 'False'
[17.226s] Level 5:colcon.colcon_core.verb:set package 'vesc_msgs' build argument 'cmake_clean_first' from command line to 'False'
[17.227s] Level 5:colcon.colcon_core.verb:set package 'vesc_msgs' build argument 'cmake_force_configure' from command line to 'False'
[17.227s] Level 5:colcon.colcon_core.verb:set package 'vesc_msgs' build argument 'ament_cmake_args' from command line to 'None'
[17.227s] Level 5:colcon.colcon_core.verb:set package 'vesc_msgs' build argument 'catkin_cmake_args' from command line to 'None'
[17.227s] Level 5:colcon.colcon_core.verb:set package 'vesc_msgs' build argument 'catkin_skip_building_tests' from command line to 'False'
[17.227s] DEBUG:colcon.colcon_core.verb:Building package 'vesc_msgs' with the following arguments: {'ament_cmake_args': None, 'build_base': '/home/adam/Sensor-Fusion-And-Autonomous-Racing-Cars/ros_ws/build/vesc_msgs', 'catkin_cmake_args': None, 'catkin_skip_building_tests': False, 'cmake_args': None, 'cmake_clean_cache': False, 'cmake_clean_first': False, 'cmake_force_configure': False, 'cmake_target': None, 'cmake_target_skip_unavailable': False, 'install_base': '/home/adam/Sensor-Fusion-And-Autonomous-Racing-Cars/ros_ws/install/vesc_msgs', 'merge_install': False, 'path': '/home/adam/Sensor-Fusion-And-Autonomous-Racing-Cars/ros_ws/src/vesc_driver/vesc_msgs', 'symlink_install': False, 'test_result_base': None}
[17.424s] Level 5:colcon.colcon_core.verb:set package 'image_transport_plugins' build argument 'cmake_args' from command line to 'None'
[17.424s] Level 5:colcon.colcon_core.verb:set package 'image_transport_plugins' build argument 'cmake_target' from command line to 'None'
[17.425s] Level 5:colcon.colcon_core.verb:set package 'image_transport_plugins' build argument 'cmake_target_skip_unavailable' from command line to 'False'
[17.425s] Level 5:colcon.colcon_core.verb:set package 'image_transport_plugins' build argument 'cmake_clean_cache' from command line to 'False'
[17.425s] Level 5:colcon.colcon_core.verb:set package 'image_transport_plugins' build argument 'cmake_clean_first' from command line to 'False'
[17.425s] Level 5:colcon.colcon_core.verb:set package 'image_transport_plugins' build argument 'cmake_force_configure' from command line to 'False'
[17.425s] Level 5:colcon.colcon_core.verb:set package 'image_transport_plugins' build argument 'ament_cmake_args' from command line to 'None'
[17.425s] Level 5:colcon.colcon_core.verb:set package 'image_transport_plugins' build argument 'catkin_cmake_args' from command line to 'None'
[17.425s] Level 5:colcon.colcon_core.verb:set package 'image_transport_plugins' build argument 'catkin_skip_building_tests' from command line to 'False'
[17.425s] DEBUG:colcon.colcon_core.verb:Building package 'image_transport_plugins' with the following arguments: {'ament_cmake_args': None, 'build_base': '/home/adam/Sensor-Fusion-And-Autonomous-Racing-Cars/ros_ws/build/image_transport_plugins', 'catkin_cmake_args': None, 'catkin_skip_building_tests': False, 'cmake_args': None, 'cmake_clean_cache': False, 'cmake_clean_first': False, 'cmake_force_configure': False, 'cmake_target': None, 'cmake_target_skip_unavailable': False, 'install_base': '/home/adam/Sensor-Fusion-And-Autonomous-Racing-Cars/ros_ws/install/image_transport_plugins', 'merge_install': False, 'path': '/home/adam/Sensor-Fusion-And-Autonomous-Racing-Cars/ros_ws/src/image_transport_plugins/image_transport_plugins', 'symlink_install': False, 'test_result_base': None}
[17.625s] Level 5:colcon.colcon_core.verb:set package 'io_context' build argument 'cmake_args' from command line to 'None'
[17.625s] Level 5:colcon.colcon_core.verb:set package 'io_context' build argument 'cmake_target' from command line to 'None'
[17.625s] Level 5:colcon.colcon_core.verb:set package 'io_context' build argument 'cmake_target_skip_unavailable' from command line to 'False'
[17.625s] Level 5:colcon.colcon_core.verb:set package 'io_context' build argument 'cmake_clean_cache' from command line to 'False'
[17.626s] Level 5:colcon.colcon_core.verb:set package 'io_context' build argument 'cmake_clean_first' from command line to 'False'
[17.626s] Level 5:colcon.colcon_core.verb:set package 'io_context' build argument 'cmake_force_configure' from command line to 'False'
[17.626s] Level 5:colcon.colcon_core.verb:set package 'io_context' build argument 'ament_cmake_args' from command line to 'None'
[17.626s] Level 5:colcon.colcon_core.verb:set package 'io_context' build argument 'catkin_cmake_args' from command line to 'None'
[17.626s] Level 5:colcon.colcon_core.verb:set package 'io_context' build argument 'catkin_skip_building_tests' from command line to 'False'
[17.626s] DEBUG:colcon.colcon_core.verb:Building package 'io_context' with the following arguments: {'ament_cmake_args': None, 'build_base': '/home/adam/Sensor-Fusion-And-Autonomous-Racing-Cars/ros_ws/build/io_context', 'catkin_cmake_args': None, 'catkin_skip_building_tests': False, 'cmake_args': None, 'cmake_clean_cache': False, 'cmake_clean_first': False, 'cmake_force_configure': False, 'cmake_target': None, 'cmake_target_skip_unavailable': False, 'install_base': '/home/adam/Sensor-Fusion-And-Autonomous-Racing-Cars/ros_ws/install/io_context', 'merge_install': False, 'path': '/home/adam/Sensor-Fusion-And-Autonomous-Racing-Cars/ros_ws/src/transport_drivers/io_context', 'symlink_install': False, 'test_result_base': None}
[17.823s] Level 5:colcon.colcon_core.verb:set package 'vesc_ackermann' build argument 'cmake_args' from command line to 'None'
[17.823s] Level 5:colcon.colcon_core.verb:set package 'vesc_ackermann' build argument 'cmake_target' from command line to 'None'
[17.823s] Level 5:colcon.colcon_core.verb:set package 'vesc_ackermann' build argument 'cmake_target_skip_unavailable' from command line to 'False'
[17.823s] Level 5:colcon.colcon_core.verb:set package 'vesc_ackermann' build argument 'cmake_clean_cache' from command line to 'False'
[17.824s] Level 5:colcon.colcon_core.verb:set package 'vesc_ackermann' build argument 'cmake_clean_first' from command line to 'False'
[17.824s] Level 5:colcon.colcon_core.verb:set package 'vesc_ackermann' build argument 'cmake_force_configure' from command line to 'False'
[17.824s] Level 5:colcon.colcon_core.verb:set package 'vesc_ackermann' build argument 'ament_cmake_args' from command line to 'None'
[17.824s] Level 5:colcon.colcon_core.verb:set package 'vesc_ackermann' build argument 'catkin_cmake_args' from command line to 'None'
[17.824s] Level 5:colcon.colcon_core.verb:set package 'vesc_ackermann' build argument 'catkin_skip_building_tests' from command line to 'False'
[17.824s] DEBUG:colcon.colcon_core.verb:Building package 'vesc_ackermann' with the following arguments: {'ament_cmake_args': None, 'build_base': '/home/adam/Sensor-Fusion-And-Autonomous-Racing-Cars/ros_ws/build/vesc_ackermann', 'catkin_cmake_args': None, 'catkin_skip_building_tests': False, 'cmake_args': None, 'cmake_clean_cache': False, 'cmake_clean_first': False, 'cmake_force_configure': False, 'cmake_target': None, 'cmake_target_skip_unavailable': False, 'install_base': '/home/adam/Sensor-Fusion-And-Autonomous-Racing-Cars/ros_ws/install/vesc_ackermann', 'merge_install': False, 'path': '/home/adam/Sensor-Fusion-And-Autonomous-Racing-Cars/ros_ws/src/vesc_driver/vesc_ackermann', 'symlink_install': False, 'test_result_base': None}
[18.022s] Level 5:colcon.colcon_core.verb:set package 'serial_driver' build argument 'cmake_args' from command line to 'None'
[18.022s] Level 5:colcon.colcon_core.verb:set package 'serial_driver' build argument 'cmake_target' from command line to 'None'
[18.023s] Level 5:colcon.colcon_core.verb:set package 'serial_driver' build argument 'cmake_target_skip_unavailable' from command line to 'False'
[18.023s] Level 5:colcon.colcon_core.verb:set package 'serial_driver' build argument 'cmake_clean_cache' from command line to 'False'
[18.023s] Level 5:colcon.colcon_core.verb:set package 'serial_driver' build argument 'cmake_clean_first' from command line to 'False'
[18.023s] Level 5:colcon.colcon_core.verb:set package 'serial_driver' build argument 'cmake_force_configure' from command line to 'False'
[18.023s] Level 5:colcon.colcon_core.verb:set package 'serial_driver' build argument 'ament_cmake_args' from command line to 'None'
[18.023s] Level 5:colcon.colcon_core.verb:set package 'serial_driver' build argument 'catkin_cmake_args' from command line to 'None'
[18.023s] Level 5:colcon.colcon_core.verb:set package 'serial_driver' build argument 'catkin_skip_building_tests' from command line to 'False'
[18.023s] DEBUG:colcon.colcon_core.verb:Building package 'serial_driver' with the following arguments: {'ament_cmake_args': None, 'build_base': '/home/adam/Sensor-Fusion-And-Autonomous-Racing-Cars/ros_ws/build/serial_driver', 'catkin_cmake_args': None, 'catkin_skip_building_tests': False, 'cmake_args': None, 'cmake_clean_cache': False, 'cmake_clean_first': False, 'cmake_force_configure': False, 'cmake_target': None, 'cmake_target_skip_unavailable': False, 'install_base': '/home/adam/Sensor-Fusion-And-Autonomous-Racing-Cars/ros_ws/install/serial_driver', 'merge_install': False, 'path': '/home/adam/Sensor-Fusion-And-Autonomous-Racing-Cars/ros_ws/src/transport_drivers/serial_driver', 'symlink_install': False, 'test_result_base': None}
[18.223s] Level 5:colcon.colcon_core.verb:set package 'udp_driver' build argument 'cmake_args' from command line to 'None'
[18.223s] Level 5:colcon.colcon_core.verb:set package 'udp_driver' build argument 'cmake_target' from command line to 'None'
[18.223s] Level 5:colcon.colcon_core.verb:set package 'udp_driver' build argument 'cmake_target_skip_unavailable' from command line to 'False'
[18.223s] Level 5:colcon.colcon_core.verb:set package 'udp_driver' build argument 'cmake_clean_cache' from command line to 'False'
[18.223s] Level 5:colcon.colcon_core.verb:set package 'udp_driver' build argument 'cmake_clean_first' from command line to 'False'
[18.224s] Level 5:colcon.colcon_core.verb:set package 'udp_driver' build argument 'cmake_force_configure' from command line to 'False'
[18.224s] Level 5:colcon.colcon_core.verb:set package 'udp_driver' build argument 'ament_cmake_args' from command line to 'None'
[18.224s] Level 5:colcon.colcon_core.verb:set package 'udp_driver' build argument 'catkin_cmake_args' from command line to 'None'
[18.224s] Level 5:colcon.colcon_core.verb:set package 'udp_driver' build argument 'catkin_skip_building_tests' from command line to 'False'
[18.224s] DEBUG:colcon.colcon_core.verb:Building package 'udp_driver' with the following arguments: {'ament_cmake_args': None, 'build_base': '/home/adam/Sensor-Fusion-And-Autonomous-Racing-Cars/ros_ws/build/udp_driver', 'catkin_cmake_args': None, 'catkin_skip_building_tests': False, 'cmake_args': None, 'cmake_clean_cache': False, 'cmake_clean_first': False, 'cmake_force_configure': False, 'cmake_target': None, 'cmake_target_skip_unavailable': False, 'install_base': '/home/adam/Sensor-Fusion-And-Autonomous-Racing-Cars/ros_ws/install/udp_driver', 'merge_install': False, 'path': '/home/adam/Sensor-Fusion-And-Autonomous-Racing-Cars/ros_ws/src/transport_drivers/udp_driver', 'symlink_install': False, 'test_result_base': None}
[18.421s] Level 5:colcon.colcon_core.verb:set package 'vesc_driver' build argument 'cmake_args' from command line to 'None'
[18.422s] Level 5:colcon.colcon_core.verb:set package 'vesc_driver' build argument 'cmake_target' from command line to 'None'
[18.422s] Level 5:colcon.colcon_core.verb:set package 'vesc_driver' build argument 'cmake_target_skip_unavailable' from command line to 'False'
[18.422s] Level 5:colcon.colcon_core.verb:set package 'vesc_driver' build argument 'cmake_clean_cache' from command line to 'False'
[18.422s] Level 5:colcon.colcon_core.verb:set package 'vesc_driver' build argument 'cmake_clean_first' from command line to 'False'
[18.422s] Level 5:colcon.colcon_core.verb:set package 'vesc_driver' build argument 'cmake_force_configure' from command line to 'False'
[18.422s] Level 5:colcon.colcon_core.verb:set package 'vesc_driver' build argument 'ament_cmake_args' from command line to 'None'
[18.423s] Level 5:colcon.colcon_core.verb:set package 'vesc_driver' build argument 'catkin_cmake_args' from command line to 'None'
[18.423s] Level 5:colcon.colcon_core.verb:set package 'vesc_driver' build argument 'catkin_skip_building_tests' from command line to 'False'
[18.423s] DEBUG:colcon.colcon_core.verb:Building package 'vesc_driver' with the following arguments: {'ament_cmake_args': None, 'build_base': '/home/adam/Sensor-Fusion-And-Autonomous-Racing-Cars/ros_ws/build/vesc_driver', 'catkin_cmake_args': None, 'catkin_skip_building_tests': False, 'cmake_args': None, 'cmake_clean_cache': False, 'cmake_clean_first': False, 'cmake_force_configure': False, 'cmake_target': None, 'cmake_target_skip_unavailable': False, 'install_base': '/home/adam/Sensor-Fusion-And-Autonomous-Racing-Cars/ros_ws/install/vesc_driver', 'merge_install': False, 'path': '/home/adam/Sensor-Fusion-And-Autonomous-Racing-Cars/ros_ws/src/vesc_driver/vesc_driver', 'symlink_install': False, 'test_result_base': None}
[18.622s] Level 5:colcon.colcon_core.verb:set package 'vesc' build argument 'cmake_args' from command line to 'None'
[18.622s] Level 5:colcon.colcon_core.verb:set package 'vesc' build argument 'cmake_target' from command line to 'None'
[18.622s] Level 5:colcon.colcon_core.verb:set package 'vesc' build argument 'cmake_target_skip_unavailable' from command line to 'False'
[18.623s] Level 5:colcon.colcon_core.verb:set package 'vesc' build argument 'cmake_clean_cache' from command line to 'False'
[18.623s] Level 5:colcon.colcon_core.verb:set package 'vesc' build argument 'cmake_clean_first' from command line to 'False'
[18.623s] Level 5:colcon.colcon_core.verb:set package 'vesc' build argument 'cmake_force_configure' from command line to 'False'
[18.623s] Level 5:colcon.colcon_core.verb:set package 'vesc' build argument 'ament_cmake_args' from command line to 'None'
[18.623s] Level 5:colcon.colcon_core.verb:set package 'vesc' build argument 'catkin_cmake_args' from command line to 'None'
[18.623s] Level 5:colcon.colcon_core.verb:set package 'vesc' build argument 'catkin_skip_building_tests' from command line to 'False'
[18.623s] DEBUG:colcon.colcon_core.verb:Building package 'vesc' with the following arguments: {'ament_cmake_args': None, 'build_base': '/home/adam/Sensor-Fusion-And-Autonomous-Racing-Cars/ros_ws/build/vesc', 'catkin_cmake_args': None, 'catkin_skip_building_tests': False, 'cmake_args': None, 'cmake_clean_cache': False, 'cmake_clean_first': False, 'cmake_force_configure': False, 'cmake_target': None, 'cmake_target_skip_unavailable': False, 'install_base': '/home/adam/Sensor-Fusion-And-Autonomous-Racing-Cars/ros_ws/install/vesc', 'merge_install': False, 'path': '/home/adam/Sensor-Fusion-And-Autonomous-Racing-Cars/ros_ws/src/vesc_driver/vesc', 'symlink_install': False, 'test_result_base': None}
[18.818s] INFO:colcon.colcon_core.executor:Executing jobs using 'parallel' executor
[19.021s] DEBUG:colcon.colcon_parallel_executor.executor.parallel:run_until_complete
[19.023s] INFO:colcon.colcon_ros.task.ament_cmake.build:Building ROS package in '/home/adam/Sensor-Fusion-And-Autonomous-Racing-Cars/ros_ws/src/transport_drivers/asio_cmake_module' with build type 'ament_cmake'
[19.024s] INFO:colcon.colcon_cmake.task.cmake.build:Building CMake package in '/home/adam/Sensor-Fusion-And-Autonomous-Racing-Cars/ros_ws/src/transport_drivers/asio_cmake_module'
[19.241s] INFO:colcon.colcon_core.plugin_system:Skipping extension 'colcon_core.shell.bat': Not used on non-Windows systems
[19.242s] INFO:colcon.colcon_core.shell:Skip shell extension 'powershell' for command environment: Not usable outside of PowerShell
[19.243s] DEBUG:colcon.colcon_core.shell:Skip shell extension 'dsv' for command environment
[19.922s] INFO:colcon.colcon_ros.task.ament_cmake.build:Building ROS package in '/home/adam/Sensor-Fusion-And-Autonomous-Racing-Cars/ros_ws/src/vesc_driver/vesc_msgs' with build type 'ament_cmake'
[19.924s] INFO:colcon.colcon_cmake.task.cmake.build:Building CMake package in '/home/adam/Sensor-Fusion-And-Autonomous-Racing-Cars/ros_ws/src/vesc_driver/vesc_msgs'
[20.141s] INFO:colcon.colcon_core.shell:Skip shell extension 'powershell' for command environment: Not usable outside of PowerShell
[20.141s] DEBUG:colcon.colcon_core.shell:Skip shell extension 'dsv' for command environment
[20.812s] INFO:colcon.colcon_ros.task.ament_cmake.build:Building ROS package in '/home/adam/Sensor-Fusion-And-Autonomous-Racing-Cars/ros_ws/src/image_transport_plugins/compressed_depth_image_transport' with build type 'ament_cmake'
[20.813s] INFO:colcon.colcon_cmake.task.cmake.build:Building CMake package in '/home/adam/Sensor-Fusion-And-Autonomous-Racing-Cars/ros_ws/src/image_transport_plugins/compressed_depth_image_transport'
[21.084s] INFO:colcon.colcon_core.shell:Skip shell extension 'powershell' for command environment: Not usable outside of PowerShell
[21.084s] DEBUG:colcon.colcon_core.shell:Skip shell extension 'dsv' for command environment
[21.742s] INFO:colcon.colcon_ros.task.ament_cmake.build:Building ROS package in '/home/adam/Sensor-Fusion-And-Autonomous-Racing-Cars/ros_ws/src/image_transport_plugins/compressed_image_transport' with build type 'ament_cmake'
[21.744s] INFO:colcon.colcon_cmake.task.cmake.build:Building CMake package in '/home/adam/Sensor-Fusion-And-Autonomous-Racing-Cars/ros_ws/src/image_transport_plugins/compressed_image_transport'
[21.961s] INFO:colcon.colcon_core.shell:Skip shell extension 'powershell' for command environment: Not usable outside of PowerShell
[21.961s] DEBUG:colcon.colcon_core.shell:Skip shell extension 'dsv' for command environment
[22.647s] DEBUG:colcon.colcon_core.event_handler.log_command:Invoking command in '/home/adam/Sensor-Fusion-And-Autonomous-Racing-Cars/ros_ws/build/asio_cmake_module': CMAKE_PREFIX_PATH=${CMAKE_PREFIX_PATH}:/home/adam/Sensor-Fusion-And-Autonomous-Racing-Cars/ros_ws/src/install/arc_autonomous_ctrl:/home/adam/Sensor-Fusion-And-Autonomous-Racing-Cars/ros_ws/install/steering_test_pkg:/home/adam/Sensor-Fusion-And-Autonomous-Racing-Cars/ros_ws/install/servo_controller:/home/adam/Sensor-Fusion-And-Autonomous-Racing-Cars/ros_ws/install/motor_controller:/home/adam/Sensor-Fusion-And-Autonomous-Racing-Cars/ros_ws/install/camera_sensor:/home/adam/Sensor-Fusion-And-Autonomous-Racing-Cars/ros_ws/install/arc_startup:/home/adam/Sensor-Fusion-And-Autonomous-Racing-Cars/ros_ws/install/arc_keyboard_control:/home/adam/Sensor-Fusion-And-Autonomous-Racing-Cars/ros_ws/install/arc_autonomous_ctrl:/opt/ros/foxy /usr/bin/cmake /home/adam/Sensor-Fusion-And-Autonomous-Racing-Cars/ros_ws/src/transport_drivers/asio_cmake_module -DCMAKE_INSTALL_PREFIX=/home/adam/Sensor-Fusion-And-Autonomous-Racing-Cars/ros_ws/install/asio_cmake_module
[22.674s] DEBUG:colcon.colcon_core.event_handler.log_command:Invoking command in '/home/adam/Sensor-Fusion-And-Autonomous-Racing-Cars/ros_ws/build/vesc_msgs': CMAKE_PREFIX_PATH=${CMAKE_PREFIX_PATH}:/home/adam/Sensor-Fusion-And-Autonomous-Racing-Cars/ros_ws/src/install/arc_autonomous_ctrl:/home/adam/Sensor-Fusion-And-Autonomous-Racing-Cars/ros_ws/install/steering_test_pkg:/home/adam/Sensor-Fusion-And-Autonomous-Racing-Cars/ros_ws/install/servo_controller:/home/adam/Sensor-Fusion-And-Autonomous-Racing-Cars/ros_ws/install/motor_controller:/home/adam/Sensor-Fusion-And-Autonomous-Racing-Cars/ros_ws/install/camera_sensor:/home/adam/Sensor-Fusion-And-Autonomous-Racing-Cars/ros_ws/install/arc_startup:/home/adam/Sensor-Fusion-And-Autonomous-Racing-Cars/ros_ws/install/arc_keyboard_control:/home/adam/Sensor-Fusion-And-Autonomous-Racing-Cars/ros_ws/install/arc_autonomous_ctrl:/opt/ros/foxy /usr/bin/cmake /home/adam/Sensor-Fusion-And-Autonomous-Racing-Cars/ros_ws/src/vesc_driver/vesc_msgs -DCMAKE_INSTALL_PREFIX=/home/adam/Sensor-Fusion-And-Autonomous-Racing-Cars/ros_ws/install/vesc_msgs
[22.706s] DEBUG:colcon.colcon_core.event_handler.log_command:Invoking command in '/home/adam/Sensor-Fusion-And-Autonomous-Racing-Cars/ros_ws/build/compressed_depth_image_transport': CMAKE_PREFIX_PATH=${CMAKE_PREFIX_PATH}:/home/adam/Sensor-Fusion-And-Autonomous-Racing-Cars/ros_ws/src/install/arc_autonomous_ctrl:/home/adam/Sensor-Fusion-And-Autonomous-Racing-Cars/ros_ws/install/steering_test_pkg:/home/adam/Sensor-Fusion-And-Autonomous-Racing-Cars/ros_ws/install/servo_controller:/home/adam/Sensor-Fusion-And-Autonomous-Racing-Cars/ros_ws/install/motor_controller:/home/adam/Sensor-Fusion-And-Autonomous-Racing-Cars/ros_ws/install/camera_sensor:/home/adam/Sensor-Fusion-And-Autonomous-Racing-Cars/ros_ws/install/arc_startup:/home/adam/Sensor-Fusion-And-Autonomous-Racing-Cars/ros_ws/install/arc_keyboard_control:/home/adam/Sensor-Fusion-And-Autonomous-Racing-Cars/ros_ws/install/arc_autonomous_ctrl:/opt/ros/foxy /usr/bin/cmake /home/adam/Sensor-Fusion-And-Autonomous-Racing-Cars/ros_ws/src/image_transport_plugins/compressed_depth_image_transport -DCMAKE_INSTALL_PREFIX=/home/adam/Sensor-Fusion-And-Autonomous-Racing-Cars/ros_ws/install/compressed_depth_image_transport
[22.770s] DEBUG:colcon.colcon_core.event_handler.log_command:Invoking command in '/home/adam/Sensor-Fusion-And-Autonomous-Racing-Cars/ros_ws/build/compressed_image_transport': CMAKE_PREFIX_PATH=${CMAKE_PREFIX_PATH}:/home/adam/Sensor-Fusion-And-Autonomous-Racing-Cars/ros_ws/src/install/arc_autonomous_ctrl:/home/adam/Sensor-Fusion-And-Autonomous-Racing-Cars/ros_ws/install/steering_test_pkg:/home/adam/Sensor-Fusion-And-Autonomous-Racing-Cars/ros_ws/install/servo_controller:/home/adam/Sensor-Fusion-And-Autonomous-Racing-Cars/ros_ws/install/motor_controller:/home/adam/Sensor-Fusion-And-Autonomous-Racing-Cars/ros_ws/install/camera_sensor:/home/adam/Sensor-Fusion-And-Autonomous-Racing-Cars/ros_ws/install/arc_startup:/home/adam/Sensor-Fusion-And-Autonomous-Racing-Cars/ros_ws/install/arc_keyboard_control:/home/adam/Sensor-Fusion-And-Autonomous-Racing-Cars/ros_ws/install/arc_autonomous_ctrl:/opt/ros/foxy /usr/bin/cmake /home/adam/Sensor-Fusion-And-Autonomous-Racing-Cars/ros_ws/src/image_transport_plugins/compressed_image_transport -DCMAKE_INSTALL_PREFIX=/home/adam/Sensor-Fusion-And-Autonomous-Racing-Cars/ros_ws/install/compressed_image_transport
[31.779s] DEBUG:colcon.colcon_core.event_handler.log_command:Invoked command in '/home/adam/Sensor-Fusion-And-Autonomous-Racing-Cars/ros_ws/build/asio_cmake_module' returned '0': CMAKE_PREFIX_PATH=${CMAKE_PREFIX_PATH}:/home/adam/Sensor-Fusion-And-Autonomous-Racing-Cars/ros_ws/src/install/arc_autonomous_ctrl:/home/adam/Sensor-Fusion-And-Autonomous-Racing-Cars/ros_ws/install/steering_test_pkg:/home/adam/Sensor-Fusion-And-Autonomous-Racing-Cars/ros_ws/install/servo_controller:/home/adam/Sensor-Fusion-And-Autonomous-Racing-Cars/ros_ws/install/motor_controller:/home/adam/Sensor-Fusion-And-Autonomous-Racing-Cars/ros_ws/install/camera_sensor:/home/adam/Sensor-Fusion-And-Autonomous-Racing-Cars/ros_ws/install/arc_startup:/home/adam/Sensor-Fusion-And-Autonomous-Racing-Cars/ros_ws/install/arc_keyboard_control:/home/adam/Sensor-Fusion-And-Autonomous-Racing-Cars/ros_ws/install/arc_autonomous_ctrl:/opt/ros/foxy /usr/bin/cmake /home/adam/Sensor-Fusion-And-Autonomous-Racing-Cars/ros_ws/src/transport_drivers/asio_cmake_module -DCMAKE_INSTALL_PREFIX=/home/adam/Sensor-Fusion-And-Autonomous-Racing-Cars/ros_ws/install/asio_cmake_module
[31.785s] DEBUG:colcon.colcon_core.event_handler.log_command:Invoking command in '/home/adam/Sensor-Fusion-And-Autonomous-Racing-Cars/ros_ws/build/asio_cmake_module': CMAKE_PREFIX_PATH=${CMAKE_PREFIX_PATH}:/home/adam/Sensor-Fusion-And-Autonomous-Racing-Cars/ros_ws/src/install/arc_autonomous_ctrl:/home/adam/Sensor-Fusion-And-Autonomous-Racing-Cars/ros_ws/install/steering_test_pkg:/home/adam/Sensor-Fusion-And-Autonomous-Racing-Cars/ros_ws/install/servo_controller:/home/adam/Sensor-Fusion-And-Autonomous-Racing-Cars/ros_ws/install/motor_controller:/home/adam/Sensor-Fusion-And-Autonomous-Racing-Cars/ros_ws/install/camera_sensor:/home/adam/Sensor-Fusion-And-Autonomous-Racing-Cars/ros_ws/install/arc_startup:/home/adam/Sensor-Fusion-And-Autonomous-Racing-Cars/ros_ws/install/arc_keyboard_control:/home/adam/Sensor-Fusion-And-Autonomous-Racing-Cars/ros_ws/install/arc_autonomous_ctrl:/opt/ros/foxy /usr/bin/cmake --build /home/adam/Sensor-Fusion-And-Autonomous-Racing-Cars/ros_ws/build/asio_cmake_module -- -j4 -l4
[32.146s] DEBUG:colcon.colcon_core.event_handler.log_command:Invoked command in '/home/adam/Sensor-Fusion-And-Autonomous-Racing-Cars/ros_ws/build/asio_cmake_module' returned '0': CMAKE_PREFIX_PATH=${CMAKE_PREFIX_PATH}:/home/adam/Sensor-Fusion-And-Autonomous-Racing-Cars/ros_ws/src/install/arc_autonomous_ctrl:/home/adam/Sensor-Fusion-And-Autonomous-Racing-Cars/ros_ws/install/steering_test_pkg:/home/adam/Sensor-Fusion-And-Autonomous-Racing-Cars/ros_ws/install/servo_controller:/home/adam/Sensor-Fusion-And-Autonomous-Racing-Cars/ros_ws/install/motor_controller:/home/adam/Sensor-Fusion-And-Autonomous-Racing-Cars/ros_ws/install/camera_sensor:/home/adam/Sensor-Fusion-And-Autonomous-Racing-Cars/ros_ws/install/arc_startup:/home/adam/Sensor-Fusion-And-Autonomous-Racing-Cars/ros_ws/install/arc_keyboard_control:/home/adam/Sensor-Fusion-And-Autonomous-Racing-Cars/ros_ws/install/arc_autonomous_ctrl:/opt/ros/foxy /usr/bin/cmake --build /home/adam/Sensor-Fusion-And-Autonomous-Racing-Cars/ros_ws/build/asio_cmake_module -- -j4 -l4
[32.425s] DEBUG:colcon.colcon_core.event_handler.log_command:Invoking command in '/home/adam/Sensor-Fusion-And-Autonomous-Racing-Cars/ros_ws/build/asio_cmake_module': CMAKE_PREFIX_PATH=${CMAKE_PREFIX_PATH}:/home/adam/Sensor-Fusion-And-Autonomous-Racing-Cars/ros_ws/src/install/arc_autonomous_ctrl:/home/adam/Sensor-Fusion-And-Autonomous-Racing-Cars/ros_ws/install/steering_test_pkg:/home/adam/Sensor-Fusion-And-Autonomous-Racing-Cars/ros_ws/install/servo_controller:/home/adam/Sensor-Fusion-And-Autonomous-Racing-Cars/ros_ws/install/motor_controller:/home/adam/Sensor-Fusion-And-Autonomous-Racing-Cars/ros_ws/install/camera_sensor:/home/adam/Sensor-Fusion-And-Autonomous-Racing-Cars/ros_ws/install/arc_startup:/home/adam/Sensor-Fusion-And-Autonomous-Racing-Cars/ros_ws/install/arc_keyboard_control:/home/adam/Sensor-Fusion-And-Autonomous-Racing-Cars/ros_ws/install/arc_autonomous_ctrl:/opt/ros/foxy /usr/bin/cmake --install /home/adam/Sensor-Fusion-And-Autonomous-Racing-Cars/ros_ws/build/asio_cmake_module
[32.543s] Level 1:colcon.colcon_core.environment:create_environment_scripts_only(asio_cmake_module)
[32.545s] DEBUG:colcon.colcon_core.event_handler.log_command:Invoked command in '/home/adam/Sensor-Fusion-And-Autonomous-Racing-Cars/ros_ws/build/asio_cmake_module' returned '0': CMAKE_PREFIX_PATH=${CMAKE_PREFIX_PATH}:/home/adam/Sensor-Fusion-And-Autonomous-Racing-Cars/ros_ws/src/install/arc_autonomous_ctrl:/home/adam/Sensor-Fusion-And-Autonomous-Racing-Cars/ros_ws/install/steering_test_pkg:/home/adam/Sensor-Fusion-And-Autonomous-Racing-Cars/ros_ws/install/servo_controller:/home/adam/Sensor-Fusion-And-Autonomous-Racing-Cars/ros_ws/install/motor_controller:/home/adam/Sensor-Fusion-And-Autonomous-Racing-Cars/ros_ws/install/camera_sensor:/home/adam/Sensor-Fusion-And-Autonomous-Racing-Cars/ros_ws/install/arc_startup:/home/adam/Sensor-Fusion-And-Autonomous-Racing-Cars/ros_ws/install/arc_keyboard_control:/home/adam/Sensor-Fusion-And-Autonomous-Racing-Cars/ros_ws/install/arc_autonomous_ctrl:/opt/ros/foxy /usr/bin/cmake --install /home/adam/Sensor-Fusion-And-Autonomous-Racing-Cars/ros_ws/build/asio_cmake_module
[32.873s] Level 1:colcon.colcon_core.environment:checking '/home/adam/Sensor-Fusion-And-Autonomous-Racing-Cars/ros_ws/install/asio_cmake_module' for CMake module files
[32.878s] Level 1:colcon.colcon_core.environment:checking '/home/adam/Sensor-Fusion-And-Autonomous-Racing-Cars/ros_ws/install/asio_cmake_module' for CMake config files
[32.880s] Level 1:colcon.colcon_core.shell:create_environment_hook('asio_cmake_module', 'cmake_prefix_path')
[33.250s] INFO:colcon.colcon_core.shell:Creating environment hook '/home/adam/Sensor-Fusion-And-Autonomous-Racing-Cars/ros_ws/install/asio_cmake_module/share/asio_cmake_module/hook/cmake_prefix_path.ps1'
[33.254s] INFO:colcon.colcon_core.shell:Creating environment descriptor '/home/adam/Sensor-Fusion-And-Autonomous-Racing-Cars/ros_ws/install/asio_cmake_module/share/asio_cmake_module/hook/cmake_prefix_path.dsv'
[33.257s] INFO:colcon.colcon_core.shell:Creating environment hook '/home/adam/Sensor-Fusion-And-Autonomous-Racing-Cars/ros_ws/install/asio_cmake_module/share/asio_cmake_module/hook/cmake_prefix_path.sh'
[33.272s] Level 1:colcon.colcon_core.environment:checking '/home/adam/Sensor-Fusion-And-Autonomous-Racing-Cars/ros_ws/install/asio_cmake_module/bin'
[33.273s] Level 1:colcon.colcon_core.environment:checking '/home/adam/Sensor-Fusion-And-Autonomous-Racing-Cars/ros_ws/install/asio_cmake_module/lib/pkgconfig/asio_cmake_module.pc'
[33.285s] Level 1:colcon.colcon_core.environment:checking '/home/adam/Sensor-Fusion-And-Autonomous-Racing-Cars/ros_ws/install/asio_cmake_module/lib/python3.8/site-packages'
[33.286s] Level 1:colcon.colcon_core.environment:checking '/home/adam/Sensor-Fusion-And-Autonomous-Racing-Cars/ros_ws/install/asio_cmake_module/bin'
[33.734s] INFO:colcon.colcon_core.shell:Creating package script '/home/adam/Sensor-Fusion-And-Autonomous-Racing-Cars/ros_ws/install/asio_cmake_module/share/asio_cmake_module/package.ps1'
[33.738s] INFO:colcon.colcon_core.shell:Creating package descriptor '/home/adam/Sensor-Fusion-And-Autonomous-Racing-Cars/ros_ws/install/asio_cmake_module/share/asio_cmake_module/package.dsv'
[33.741s] INFO:colcon.colcon_core.shell:Creating package script '/home/adam/Sensor-Fusion-And-Autonomous-Racing-Cars/ros_ws/install/asio_cmake_module/share/asio_cmake_module/package.sh'
[33.746s] INFO:colcon.colcon_core.shell:Creating package script '/home/adam/Sensor-Fusion-And-Autonomous-Racing-Cars/ros_ws/install/asio_cmake_module/share/asio_cmake_module/package.bash'
[33.749s] INFO:colcon.colcon_core.shell:Creating package script '/home/adam/Sensor-Fusion-And-Autonomous-Racing-Cars/ros_ws/install/asio_cmake_module/share/asio_cmake_module/package.zsh'
[33.755s] Level 1:colcon.colcon_core.environment:create_file_with_runtime_dependencies(/home/adam/Sensor-Fusion-And-Autonomous-Racing-Cars/ros_ws/install/asio_cmake_module/share/colcon-core/packages/asio_cmake_module)
[34.438s] Level 1:colcon.colcon_core.environment:create_environment_scripts_only(asio_cmake_module)
[34.864s] Level 1:colcon.colcon_core.environment:checking '/home/adam/Sensor-Fusion-And-Autonomous-Racing-Cars/ros_ws/install/asio_cmake_module' for CMake module files
[34.868s] Level 1:colcon.colcon_core.environment:checking '/home/adam/Sensor-Fusion-And-Autonomous-Racing-Cars/ros_ws/install/asio_cmake_module' for CMake config files
[34.870s] Level 1:colcon.colcon_core.shell:create_environment_hook('asio_cmake_module', 'cmake_prefix_path')
[35.280s] INFO:colcon.colcon_core.shell:Creating environment hook '/home/adam/Sensor-Fusion-And-Autonomous-Racing-Cars/ros_ws/install/asio_cmake_module/share/asio_cmake_module/hook/cmake_prefix_path.ps1'
[35.282s] INFO:colcon.colcon_core.shell:Creating environment descriptor '/home/adam/Sensor-Fusion-And-Autonomous-Racing-Cars/ros_ws/install/asio_cmake_module/share/asio_cmake_module/hook/cmake_prefix_path.dsv'
[35.284s] INFO:colcon.colcon_core.shell:Creating environment hook '/home/adam/Sensor-Fusion-And-Autonomous-Racing-Cars/ros_ws/install/asio_cmake_module/share/asio_cmake_module/hook/cmake_prefix_path.sh'
[35.288s] Level 1:colcon.colcon_core.environment:checking '/home/adam/Sensor-Fusion-And-Autonomous-Racing-Cars/ros_ws/install/asio_cmake_module/bin'
[35.288s] Level 1:colcon.colcon_core.environment:checking '/home/adam/Sensor-Fusion-And-Autonomous-Racing-Cars/ros_ws/install/asio_cmake_module/lib/pkgconfig/asio_cmake_module.pc'
[35.289s] Level 1:colcon.colcon_core.environment:checking '/home/adam/Sensor-Fusion-And-Autonomous-Racing-Cars/ros_ws/install/asio_cmake_module/lib/python3.8/site-packages'
[35.290s] Level 1:colcon.colcon_core.environment:checking '/home/adam/Sensor-Fusion-And-Autonomous-Racing-Cars/ros_ws/install/asio_cmake_module/bin'
[35.701s] INFO:colcon.colcon_core.shell:Creating package script '/home/adam/Sensor-Fusion-And-Autonomous-Racing-Cars/ros_ws/install/asio_cmake_module/share/asio_cmake_module/package.ps1'
[35.704s] INFO:colcon.colcon_core.shell:Creating package descriptor '/home/adam/Sensor-Fusion-And-Autonomous-Racing-Cars/ros_ws/install/asio_cmake_module/share/asio_cmake_module/package.dsv'
[35.708s] INFO:colcon.colcon_core.shell:Creating package script '/home/adam/Sensor-Fusion-And-Autonomous-Racing-Cars/ros_ws/install/asio_cmake_module/share/asio_cmake_module/package.sh'
[35.711s] INFO:colcon.colcon_core.shell:Creating package script '/home/adam/Sensor-Fusion-And-Autonomous-Racing-Cars/ros_ws/install/asio_cmake_module/share/asio_cmake_module/package.bash'
[35.714s] INFO:colcon.colcon_core.shell:Creating package script '/home/adam/Sensor-Fusion-And-Autonomous-Racing-Cars/ros_ws/install/asio_cmake_module/share/asio_cmake_module/package.zsh'
[35.716s] Level 1:colcon.colcon_core.environment:create_file_with_runtime_dependencies(/home/adam/Sensor-Fusion-And-Autonomous-Racing-Cars/ros_ws/install/asio_cmake_module/share/colcon-core/packages/asio_cmake_module)
[35.722s] INFO:colcon.colcon_ros.task.ament_cmake.build:Building ROS package in '/home/adam/Sensor-Fusion-And-Autonomous-Racing-Cars/ros_ws/src/transport_drivers/io_context' with build type 'ament_cmake'
[35.723s] INFO:colcon.colcon_cmake.task.cmake.build:Building CMake package in '/home/adam/Sensor-Fusion-And-Autonomous-Racing-Cars/ros_ws/src/transport_drivers/io_context'
[36.178s] INFO:colcon.colcon_core.shell:Skip shell extension 'powershell' for command environment: Not usable outside of PowerShell
[36.179s] DEBUG:colcon.colcon_core.shell:Skip shell extension 'dsv' for command environment
[37.515s] DEBUG:colcon.colcon_core.event_handler.log_command:Invoking command in '/home/adam/Sensor-Fusion-And-Autonomous-Racing-Cars/ros_ws/build/io_context': CMAKE_PREFIX_PATH=/home/adam/Sensor-Fusion-And-Autonomous-Racing-Cars/ros_ws/install/asio_cmake_module:/home/adam/Sensor-Fusion-And-Autonomous-Racing-Cars/ros_ws/install/vesc:/home/adam/Sensor-Fusion-And-Autonomous-Racing-Cars/ros_ws/install/vesc_driver:/home/adam/Sensor-Fusion-And-Autonomous-Racing-Cars/ros_ws/install/vesc_ackermann:/home/adam/Sensor-Fusion-And-Autonomous-Racing-Cars/ros_ws/install/vesc_msgs:/home/adam/Sensor-Fusion-And-Autonomous-Racing-Cars/ros_ws/install/v4l2_camera:/home/adam/Sensor-Fusion-And-Autonomous-Racing-Cars/ros_ws/install/udp_driver:/home/adam/Sensor-Fusion-And-Autonomous-Racing-Cars/ros_ws/install/image_transport_plugins:/home/adam/Sensor-Fusion-And-Autonomous-Racing-Cars/ros_ws/install/theora_image_transport:/home/adam/Sensor-Fusion-And-Autonomous-Racing-Cars/ros_ws/install/serial_driver:/home/adam/Sensor-Fusion-And-Autonomous-Racing-Cars/ros_ws/install/ldlidar_ros2:/home/adam/Sensor-Fusion-And-Autonomous-Racing-Cars/ros_ws/install/io_context:/home/adam/Sensor-Fusion-And-Autonomous-Racing-Cars/ros_ws/install/compressed_image_transport:/home/adam/Sensor-Fusion-And-Autonomous-Racing-Cars/ros_ws/install/compressed_depth_image_transport:/home/adam/Sensor-Fusion-And-Autonomous-Racing-Cars/ros_ws/src/install/arc_autonomous_ctrl:/home/adam/Sensor-Fusion-And-Autonomous-Racing-Cars/ros_ws/install/steering_test_pkg:/home/adam/Sensor-Fusion-And-Autonomous-Racing-Cars/ros_ws/install/servo_controller:/home/adam/Sensor-Fusion-And-Autonomous-Racing-Cars/ros_ws/install/motor_controller:/home/adam/Sensor-Fusion-And-Autonomous-Racing-Cars/ros_ws/install/camera_sensor:/home/adam/Sensor-Fusion-And-Autonomous-Racing-Cars/ros_ws/install/arc_startup:/home/adam/Sensor-Fusion-And-Autonomous-Racing-Cars/ros_ws/install/arc_keyboard_control:/home/adam/Sensor-Fusion-And-Autonomous-Racing-Cars/ros_ws/install/arc_autonomous_ctrl:/opt/ros/foxy /usr/bin/cmake /home/adam/Sensor-Fusion-And-Autonomous-Racing-Cars/ros_ws/src/transport_drivers/io_context -DCMAKE_INSTALL_PREFIX=/home/adam/Sensor-Fusion-And-Autonomous-Racing-Cars/ros_ws/install/io_context
[40.851s] DEBUG:colcon.colcon_core.event_handler.log_command:Invoked command in '/home/adam/Sensor-Fusion-And-Autonomous-Racing-Cars/ros_ws/build/compressed_image_transport' returned '0': CMAKE_PREFIX_PATH=${CMAKE_PREFIX_PATH}:/home/adam/Sensor-Fusion-And-Autonomous-Racing-Cars/ros_ws/src/install/arc_autonomous_ctrl:/home/adam/Sensor-Fusion-And-Autonomous-Racing-Cars/ros_ws/install/steering_test_pkg:/home/adam/Sensor-Fusion-And-Autonomous-Racing-Cars/ros_ws/install/servo_controller:/home/adam/Sensor-Fusion-And-Autonomous-Racing-Cars/ros_ws/install/motor_controller:/home/adam/Sensor-Fusion-And-Autonomous-Racing-Cars/ros_ws/install/camera_sensor:/home/adam/Sensor-Fusion-And-Autonomous-Racing-Cars/ros_ws/install/arc_startup:/home/adam/Sensor-Fusion-And-Autonomous-Racing-Cars/ros_ws/install/arc_keyboard_control:/home/adam/Sensor-Fusion-And-Autonomous-Racing-Cars/ros_ws/install/arc_autonomous_ctrl:/opt/ros/foxy /usr/bin/cmake /home/adam/Sensor-Fusion-And-Autonomous-Racing-Cars/ros_ws/src/image_transport_plugins/compressed_image_transport -DCMAKE_INSTALL_PREFIX=/home/adam/Sensor-Fusion-And-Autonomous-Racing-Cars/ros_ws/install/compressed_image_transport
[40.877s] DEBUG:colcon.colcon_core.event_handler.log_command:Invoking command in '/home/adam/Sensor-Fusion-And-Autonomous-Racing-Cars/ros_ws/build/compressed_image_transport': CMAKE_PREFIX_PATH=${CMAKE_PREFIX_PATH}:/home/adam/Sensor-Fusion-And-Autonomous-Racing-Cars/ros_ws/src/install/arc_autonomous_ctrl:/home/adam/Sensor-Fusion-And-Autonomous-Racing-Cars/ros_ws/install/steering_test_pkg:/home/adam/Sensor-Fusion-And-Autonomous-Racing-Cars/ros_ws/install/servo_controller:/home/adam/Sensor-Fusion-And-Autonomous-Racing-Cars/ros_ws/install/motor_controller:/home/adam/Sensor-Fusion-And-Autonomous-Racing-Cars/ros_ws/install/camera_sensor:/home/adam/Sensor-Fusion-And-Autonomous-Racing-Cars/ros_ws/install/arc_startup:/home/adam/Sensor-Fusion-And-Autonomous-Racing-Cars/ros_ws/install/arc_keyboard_control:/home/adam/Sensor-Fusion-And-Autonomous-Racing-Cars/ros_ws/install/arc_autonomous_ctrl:/opt/ros/foxy /usr/bin/cmake --build /home/adam/Sensor-Fusion-And-Autonomous-Racing-Cars/ros_ws/build/compressed_image_transport -- -j4 -l4
[40.907s] DEBUG:colcon.colcon_core.event_handler.log_command:Invoked command in '/home/adam/Sensor-Fusion-And-Autonomous-Racing-Cars/ros_ws/build/compressed_depth_image_transport' returned '0': CMAKE_PREFIX_PATH=${CMAKE_PREFIX_PATH}:/home/adam/Sensor-Fusion-And-Autonomous-Racing-Cars/ros_ws/src/install/arc_autonomous_ctrl:/home/adam/Sensor-Fusion-And-Autonomous-Racing-Cars/ros_ws/install/steering_test_pkg:/home/adam/Sensor-Fusion-And-Autonomous-Racing-Cars/ros_ws/install/servo_controller:/home/adam/Sensor-Fusion-And-Autonomous-Racing-Cars/ros_ws/install/motor_controller:/home/adam/Sensor-Fusion-And-Autonomous-Racing-Cars/ros_ws/install/camera_sensor:/home/adam/Sensor-Fusion-And-Autonomous-Racing-Cars/ros_ws/install/arc_startup:/home/adam/Sensor-Fusion-And-Autonomous-Racing-Cars/ros_ws/install/arc_keyboard_control:/home/adam/Sensor-Fusion-And-Autonomous-Racing-Cars/ros_ws/install/arc_autonomous_ctrl:/opt/ros/foxy /usr/bin/cmake /home/adam/Sensor-Fusion-And-Autonomous-Racing-Cars/ros_ws/src/image_transport_plugins/compressed_depth_image_transport -DCMAKE_INSTALL_PREFIX=/home/adam/Sensor-Fusion-And-Autonomous-Racing-Cars/ros_ws/install/compressed_depth_image_transport
[40.910s] DEBUG:colcon.colcon_core.event_handler.log_command:Invoking command in '/home/adam/Sensor-Fusion-And-Autonomous-Racing-Cars/ros_ws/build/compressed_depth_image_transport': CMAKE_PREFIX_PATH=${CMAKE_PREFIX_PATH}:/home/adam/Sensor-Fusion-And-Autonomous-Racing-Cars/ros_ws/src/install/arc_autonomous_ctrl:/home/adam/Sensor-Fusion-And-Autonomous-Racing-Cars/ros_ws/install/steering_test_pkg:/home/adam/Sensor-Fusion-And-Autonomous-Racing-Cars/ros_ws/install/servo_controller:/home/adam/Sensor-Fusion-And-Autonomous-Racing-Cars/ros_ws/install/motor_controller:/home/adam/Sensor-Fusion-And-Autonomous-Racing-Cars/ros_ws/install/camera_sensor:/home/adam/Sensor-Fusion-And-Autonomous-Racing-Cars/ros_ws/install/arc_startup:/home/adam/Sensor-Fusion-And-Autonomous-Racing-Cars/ros_ws/install/arc_keyboard_control:/home/adam/Sensor-Fusion-And-Autonomous-Racing-Cars/ros_ws/install/arc_autonomous_ctrl:/opt/ros/foxy /usr/bin/cmake --build /home/adam/Sensor-Fusion-And-Autonomous-Racing-Cars/ros_ws/build/compressed_depth_image_transport -- -j4 -l4
[43.434s] DEBUG:colcon.colcon_core.event_handler.log_command:Invoked command in '/home/adam/Sensor-Fusion-And-Autonomous-Racing-Cars/ros_ws/build/vesc_msgs' returned '0': CMAKE_PREFIX_PATH=${CMAKE_PREFIX_PATH}:/home/adam/Sensor-Fusion-And-Autonomous-Racing-Cars/ros_ws/src/install/arc_autonomous_ctrl:/home/adam/Sensor-Fusion-And-Autonomous-Racing-Cars/ros_ws/install/steering_test_pkg:/home/adam/Sensor-Fusion-And-Autonomous-Racing-Cars/ros_ws/install/servo_controller:/home/adam/Sensor-Fusion-And-Autonomous-Racing-Cars/ros_ws/install/motor_controller:/home/adam/Sensor-Fusion-And-Autonomous-Racing-Cars/ros_ws/install/camera_sensor:/home/adam/Sensor-Fusion-And-Autonomous-Racing-Cars/ros_ws/install/arc_startup:/home/adam/Sensor-Fusion-And-Autonomous-Racing-Cars/ros_ws/install/arc_keyboard_control:/home/adam/Sensor-Fusion-And-Autonomous-Racing-Cars/ros_ws/install/arc_autonomous_ctrl:/opt/ros/foxy /usr/bin/cmake /home/adam/Sensor-Fusion-And-Autonomous-Racing-Cars/ros_ws/src/vesc_driver/vesc_msgs -DCMAKE_INSTALL_PREFIX=/home/adam/Sensor-Fusion-And-Autonomous-Racing-Cars/ros_ws/install/vesc_msgs
[43.447s] DEBUG:colcon.colcon_core.event_handler.log_command:Invoking command in '/home/adam/Sensor-Fusion-And-Autonomous-Racing-Cars/ros_ws/build/vesc_msgs': CMAKE_PREFIX_PATH=${CMAKE_PREFIX_PATH}:/home/adam/Sensor-Fusion-And-Autonomous-Racing-Cars/ros_ws/src/install/arc_autonomous_ctrl:/home/adam/Sensor-Fusion-And-Autonomous-Racing-Cars/ros_ws/install/steering_test_pkg:/home/adam/Sensor-Fusion-And-Autonomous-Racing-Cars/ros_ws/install/servo_controller:/home/adam/Sensor-Fusion-And-Autonomous-Racing-Cars/ros_ws/install/motor_controller:/home/adam/Sensor-Fusion-And-Autonomous-Racing-Cars/ros_ws/install/camera_sensor:/home/adam/Sensor-Fusion-And-Autonomous-Racing-Cars/ros_ws/install/arc_startup:/home/adam/Sensor-Fusion-And-Autonomous-Racing-Cars/ros_ws/install/arc_keyboard_control:/home/adam/Sensor-Fusion-And-Autonomous-Racing-Cars/ros_ws/install/arc_autonomous_ctrl:/opt/ros/foxy /usr/bin/cmake --build /home/adam/Sensor-Fusion-And-Autonomous-Racing-Cars/ros_ws/build/vesc_msgs -- -j4 -l4
[73.778s] DEBUG:colcon.colcon_core.event_handler.log_command:Invoked command in '/home/adam/Sensor-Fusion-And-Autonomous-Racing-Cars/ros_ws/build/io_context' returned '0': CMAKE_PREFIX_PATH=/home/adam/Sensor-Fusion-And-Autonomous-Racing-Cars/ros_ws/install/asio_cmake_module:/home/adam/Sensor-Fusion-And-Autonomous-Racing-Cars/ros_ws/install/vesc:/home/adam/Sensor-Fusion-And-Autonomous-Racing-Cars/ros_ws/install/vesc_driver:/home/adam/Sensor-Fusion-And-Autonomous-Racing-Cars/ros_ws/install/vesc_ackermann:/home/adam/Sensor-Fusion-And-Autonomous-Racing-Cars/ros_ws/install/vesc_msgs:/home/adam/Sensor-Fusion-And-Autonomous-Racing-Cars/ros_ws/install/v4l2_camera:/home/adam/Sensor-Fusion-And-Autonomous-Racing-Cars/ros_ws/install/udp_driver:/home/adam/Sensor-Fusion-And-Autonomous-Racing-Cars/ros_ws/install/image_transport_plugins:/home/adam/Sensor-Fusion-And-Autonomous-Racing-Cars/ros_ws/install/theora_image_transport:/home/adam/Sensor-Fusion-And-Autonomous-Racing-Cars/ros_ws/install/serial_driver:/home/adam/Sensor-Fusion-And-Autonomous-Racing-Cars/ros_ws/install/ldlidar_ros2:/home/adam/Sensor-Fusion-And-Autonomous-Racing-Cars/ros_ws/install/io_context:/home/adam/Sensor-Fusion-And-Autonomous-Racing-Cars/ros_ws/install/compressed_image_transport:/home/adam/Sensor-Fusion-And-Autonomous-Racing-Cars/ros_ws/install/compressed_depth_image_transport:/home/adam/Sensor-Fusion-And-Autonomous-Racing-Cars/ros_ws/src/install/arc_autonomous_ctrl:/home/adam/Sensor-Fusion-And-Autonomous-Racing-Cars/ros_ws/install/steering_test_pkg:/home/adam/Sensor-Fusion-And-Autonomous-Racing-Cars/ros_ws/install/servo_controller:/home/adam/Sensor-Fusion-And-Autonomous-Racing-Cars/ros_ws/install/motor_controller:/home/adam/Sensor-Fusion-And-Autonomous-Racing-Cars/ros_ws/install/camera_sensor:/home/adam/Sensor-Fusion-And-Autonomous-Racing-Cars/ros_ws/install/arc_startup:/home/adam/Sensor-Fusion-And-Autonomous-Racing-Cars/ros_ws/install/arc_keyboard_control:/home/adam/Sensor-Fusion-And-Autonomous-Racing-Cars/ros_ws/install/arc_autonomous_ctrl:/opt/ros/foxy /usr/bin/cmake /home/adam/Sensor-Fusion-And-Autonomous-Racing-Cars/ros_ws/src/transport_drivers/io_context -DCMAKE_INSTALL_PREFIX=/home/adam/Sensor-Fusion-And-Autonomous-Racing-Cars/ros_ws/install/io_context
[73.814s] DEBUG:colcon.colcon_core.event_handler.log_command:Invoking command in '/home/adam/Sensor-Fusion-And-Autonomous-Racing-Cars/ros_ws/build/io_context': CMAKE_PREFIX_PATH=/home/adam/Sensor-Fusion-And-Autonomous-Racing-Cars/ros_ws/install/asio_cmake_module:/home/adam/Sensor-Fusion-And-Autonomous-Racing-Cars/ros_ws/install/vesc:/home/adam/Sensor-Fusion-And-Autonomous-Racing-Cars/ros_ws/install/vesc_driver:/home/adam/Sensor-Fusion-And-Autonomous-Racing-Cars/ros_ws/install/vesc_ackermann:/home/adam/Sensor-Fusion-And-Autonomous-Racing-Cars/ros_ws/install/vesc_msgs:/home/adam/Sensor-Fusion-And-Autonomous-Racing-Cars/ros_ws/install/v4l2_camera:/home/adam/Sensor-Fusion-And-Autonomous-Racing-Cars/ros_ws/install/udp_driver:/home/adam/Sensor-Fusion-And-Autonomous-Racing-Cars/ros_ws/install/image_transport_plugins:/home/adam/Sensor-Fusion-And-Autonomous-Racing-Cars/ros_ws/install/theora_image_transport:/home/adam/Sensor-Fusion-And-Autonomous-Racing-Cars/ros_ws/install/serial_driver:/home/adam/Sensor-Fusion-And-Autonomous-Racing-Cars/ros_ws/install/ldlidar_ros2:/home/adam/Sensor-Fusion-And-Autonomous-Racing-Cars/ros_ws/install/io_context:/home/adam/Sensor-Fusion-And-Autonomous-Racing-Cars/ros_ws/install/compressed_image_transport:/home/adam/Sensor-Fusion-And-Autonomous-Racing-Cars/ros_ws/install/compressed_depth_image_transport:/home/adam/Sensor-Fusion-And-Autonomous-Racing-Cars/ros_ws/src/install/arc_autonomous_ctrl:/home/adam/Sensor-Fusion-And-Autonomous-Racing-Cars/ros_ws/install/steering_test_pkg:/home/adam/Sensor-Fusion-And-Autonomous-Racing-Cars/ros_ws/install/servo_controller:/home/adam/Sensor-Fusion-And-Autonomous-Racing-Cars/ros_ws/install/motor_controller:/home/adam/Sensor-Fusion-And-Autonomous-Racing-Cars/ros_ws/install/camera_sensor:/home/adam/Sensor-Fusion-And-Autonomous-Racing-Cars/ros_ws/install/arc_startup:/home/adam/Sensor-Fusion-And-Autonomous-Racing-Cars/ros_ws/install/arc_keyboard_control:/home/adam/Sensor-Fusion-And-Autonomous-Racing-Cars/ros_ws/install/arc_autonomous_ctrl:/opt/ros/foxy /usr/bin/cmake --build /home/adam/Sensor-Fusion-And-Autonomous-Racing-Cars/ros_ws/build/io_context -- -j4 -l4
[119.385s] DEBUG:colcon.colcon_core.event_handler.log_command:Invoked command in '/home/adam/Sensor-Fusion-And-Autonomous-Racing-Cars/ros_ws/build/compressed_depth_image_transport' returned '0': CMAKE_PREFIX_PATH=${CMAKE_PREFIX_PATH}:/home/adam/Sensor-Fusion-And-Autonomous-Racing-Cars/ros_ws/src/install/arc_autonomous_ctrl:/home/adam/Sensor-Fusion-And-Autonomous-Racing-Cars/ros_ws/install/steering_test_pkg:/home/adam/Sensor-Fusion-And-Autonomous-Racing-Cars/ros_ws/install/servo_controller:/home/adam/Sensor-Fusion-And-Autonomous-Racing-Cars/ros_ws/install/motor_controller:/home/adam/Sensor-Fusion-And-Autonomous-Racing-Cars/ros_ws/install/camera_sensor:/home/adam/Sensor-Fusion-And-Autonomous-Racing-Cars/ros_ws/install/arc_startup:/home/adam/Sensor-Fusion-And-Autonomous-Racing-Cars/ros_ws/install/arc_keyboard_control:/home/adam/Sensor-Fusion-And-Autonomous-Racing-Cars/ros_ws/install/arc_autonomous_ctrl:/opt/ros/foxy /usr/bin/cmake --build /home/adam/Sensor-Fusion-And-Autonomous-Racing-Cars/ros_ws/build/compressed_depth_image_transport -- -j4 -l4
[120.071s] DEBUG:colcon.colcon_core.event_handler.log_command:Invoking command in '/home/adam/Sensor-Fusion-And-Autonomous-Racing-Cars/ros_ws/build/compressed_depth_image_transport': CMAKE_PREFIX_PATH=${CMAKE_PREFIX_PATH}:/home/adam/Sensor-Fusion-And-Autonomous-Racing-Cars/ros_ws/src/install/arc_autonomous_ctrl:/home/adam/Sensor-Fusion-And-Autonomous-Racing-Cars/ros_ws/install/steering_test_pkg:/home/adam/Sensor-Fusion-And-Autonomous-Racing-Cars/ros_ws/install/servo_controller:/home/adam/Sensor-Fusion-And-Autonomous-Racing-Cars/ros_ws/install/motor_controller:/home/adam/Sensor-Fusion-And-Autonomous-Racing-Cars/ros_ws/install/camera_sensor:/home/adam/Sensor-Fusion-And-Autonomous-Racing-Cars/ros_ws/install/arc_startup:/home/adam/Sensor-Fusion-And-Autonomous-Racing-Cars/ros_ws/install/arc_keyboard_control:/home/adam/Sensor-Fusion-And-Autonomous-Racing-Cars/ros_ws/install/arc_autonomous_ctrl:/opt/ros/foxy /usr/bin/cmake --install /home/adam/Sensor-Fusion-And-Autonomous-Racing-Cars/ros_ws/build/compressed_depth_image_transport
[120.339s] Level 1:colcon.colcon_core.environment:create_environment_scripts_only(compressed_depth_image_transport)
[120.343s] DEBUG:colcon.colcon_core.event_handler.log_command:Invoked command in '/home/adam/Sensor-Fusion-And-Autonomous-Racing-Cars/ros_ws/build/compressed_depth_image_transport' returned '0': CMAKE_PREFIX_PATH=${CMAKE_PREFIX_PATH}:/home/adam/Sensor-Fusion-And-Autonomous-Racing-Cars/ros_ws/src/install/arc_autonomous_ctrl:/home/adam/Sensor-Fusion-And-Autonomous-Racing-Cars/ros_ws/install/steering_test_pkg:/home/adam/Sensor-Fusion-And-Autonomous-Racing-Cars/ros_ws/install/servo_controller:/home/adam/Sensor-Fusion-And-Autonomous-Racing-Cars/ros_ws/install/motor_controller:/home/adam/Sensor-Fusion-And-Autonomous-Racing-Cars/ros_ws/install/camera_sensor:/home/adam/Sensor-Fusion-And-Autonomous-Racing-Cars/ros_ws/install/arc_startup:/home/adam/Sensor-Fusion-And-Autonomous-Racing-Cars/ros_ws/install/arc_keyboard_control:/home/adam/Sensor-Fusion-And-Autonomous-Racing-Cars/ros_ws/install/arc_autonomous_ctrl:/opt/ros/foxy /usr/bin/cmake --install /home/adam/Sensor-Fusion-And-Autonomous-Racing-Cars/ros_ws/build/compressed_depth_image_transport
[120.815s] Level 1:colcon.colcon_core.environment:checking '/home/adam/Sensor-Fusion-And-Autonomous-Racing-Cars/ros_ws/install/compressed_depth_image_transport' for CMake module files
[120.820s] Level 1:colcon.colcon_core.environment:checking '/home/adam/Sensor-Fusion-And-Autonomous-Racing-Cars/ros_ws/install/compressed_depth_image_transport' for CMake config files
[120.825s] Level 1:colcon.colcon_core.shell:create_environment_hook('compressed_depth_image_transport', 'cmake_prefix_path')
[121.345s] INFO:colcon.colcon_core.shell:Creating environment hook '/home/adam/Sensor-Fusion-And-Autonomous-Racing-Cars/ros_ws/install/compressed_depth_image_transport/share/compressed_depth_image_transport/hook/cmake_prefix_path.ps1'
[121.350s] INFO:colcon.colcon_core.shell:Creating environment descriptor '/home/adam/Sensor-Fusion-And-Autonomous-Racing-Cars/ros_ws/install/compressed_depth_image_transport/share/compressed_depth_image_transport/hook/cmake_prefix_path.dsv'
[121.353s] INFO:colcon.colcon_core.shell:Creating environment hook '/home/adam/Sensor-Fusion-And-Autonomous-Racing-Cars/ros_ws/install/compressed_depth_image_transport/share/compressed_depth_image_transport/hook/cmake_prefix_path.sh'
[121.362s] Level 1:colcon.colcon_core.environment:checking '/home/adam/Sensor-Fusion-And-Autonomous-Racing-Cars/ros_ws/install/compressed_depth_image_transport/lib'
[121.364s] Level 1:colcon.colcon_core.shell:create_environment_hook('compressed_depth_image_transport', 'ld_library_path_lib')
[121.891s] INFO:colcon.colcon_core.shell:Creating environment hook '/home/adam/Sensor-Fusion-And-Autonomous-Racing-Cars/ros_ws/install/compressed_depth_image_transport/share/compressed_depth_image_transport/hook/ld_library_path_lib.ps1'
[121.899s] INFO:colcon.colcon_core.shell:Creating environment descriptor '/home/adam/Sensor-Fusion-And-Autonomous-Racing-Cars/ros_ws/install/compressed_depth_image_transport/share/compressed_depth_image_transport/hook/ld_library_path_lib.dsv'
[121.903s] INFO:colcon.colcon_core.shell:Creating environment hook '/home/adam/Sensor-Fusion-And-Autonomous-Racing-Cars/ros_ws/install/compressed_depth_image_transport/share/compressed_depth_image_transport/hook/ld_library_path_lib.sh'
[121.907s] Level 1:colcon.colcon_core.environment:checking '/home/adam/Sensor-Fusion-And-Autonomous-Racing-Cars/ros_ws/install/compressed_depth_image_transport/bin'
[121.911s] Level 1:colcon.colcon_core.environment:checking '/home/adam/Sensor-Fusion-And-Autonomous-Racing-Cars/ros_ws/install/compressed_depth_image_transport/lib/pkgconfig/compressed_depth_image_transport.pc'
[121.913s] Level 1:colcon.colcon_core.environment:checking '/home/adam/Sensor-Fusion-And-Autonomous-Racing-Cars/ros_ws/install/compressed_depth_image_transport/lib/python3.8/site-packages'
[121.915s] Level 1:colcon.colcon_core.environment:checking '/home/adam/Sensor-Fusion-And-Autonomous-Racing-Cars/ros_ws/install/compressed_depth_image_transport/bin'
[122.507s] INFO:colcon.colcon_core.shell:Creating package script '/home/adam/Sensor-Fusion-And-Autonomous-Racing-Cars/ros_ws/install/compressed_depth_image_transport/share/compressed_depth_image_transport/package.ps1'
[122.519s] INFO:colcon.colcon_core.shell:Creating package descriptor '/home/adam/Sensor-Fusion-And-Autonomous-Racing-Cars/ros_ws/install/compressed_depth_image_transport/share/compressed_depth_image_transport/package.dsv'
[122.529s] INFO:colcon.colcon_core.shell:Creating package script '/home/adam/Sensor-Fusion-And-Autonomous-Racing-Cars/ros_ws/install/compressed_depth_image_transport/share/compressed_depth_image_transport/package.sh'
[122.540s] INFO:colcon.colcon_core.shell:Creating package script '/home/adam/Sensor-Fusion-And-Autonomous-Racing-Cars/ros_ws/install/compressed_depth_image_transport/share/compressed_depth_image_transport/package.bash'
[122.559s] INFO:colcon.colcon_core.shell:Creating package script '/home/adam/Sensor-Fusion-And-Autonomous-Racing-Cars/ros_ws/install/compressed_depth_image_transport/share/compressed_depth_image_transport/package.zsh'
[122.567s] Level 1:colcon.colcon_core.environment:create_file_with_runtime_dependencies(/home/adam/Sensor-Fusion-And-Autonomous-Racing-Cars/ros_ws/install/compressed_depth_image_transport/share/colcon-core/packages/compressed_depth_image_transport)
[124.101s] Level 1:colcon.colcon_core.environment:create_environment_scripts_only(compressed_depth_image_transport)
[124.617s] Level 1:colcon.colcon_core.environment:checking '/home/adam/Sensor-Fusion-And-Autonomous-Racing-Cars/ros_ws/install/compressed_depth_image_transport' for CMake module files
[124.621s] Level 1:colcon.colcon_core.environment:checking '/home/adam/Sensor-Fusion-And-Autonomous-Racing-Cars/ros_ws/install/compressed_depth_image_transport' for CMake config files
[124.626s] Level 1:colcon.colcon_core.shell:create_environment_hook('compressed_depth_image_transport', 'cmake_prefix_path')
[125.087s] INFO:colcon.colcon_core.shell:Creating environment hook '/home/adam/Sensor-Fusion-And-Autonomous-Racing-Cars/ros_ws/install/compressed_depth_image_transport/share/compressed_depth_image_transport/hook/cmake_prefix_path.ps1'
[125.095s] INFO:colcon.colcon_core.shell:Creating environment descriptor '/home/adam/Sensor-Fusion-And-Autonomous-Racing-Cars/ros_ws/install/compressed_depth_image_transport/share/compressed_depth_image_transport/hook/cmake_prefix_path.dsv'
[125.103s] INFO:colcon.colcon_core.shell:Creating environment hook '/home/adam/Sensor-Fusion-And-Autonomous-Racing-Cars/ros_ws/install/compressed_depth_image_transport/share/compressed_depth_image_transport/hook/cmake_prefix_path.sh'
[125.110s] Level 1:colcon.colcon_core.environment:checking '/home/adam/Sensor-Fusion-And-Autonomous-Racing-Cars/ros_ws/install/compressed_depth_image_transport/lib'
[125.112s] Level 1:colcon.colcon_core.shell:create_environment_hook('compressed_depth_image_transport', 'ld_library_path_lib')
[125.642s] INFO:colcon.colcon_core.shell:Creating environment hook '/home/adam/Sensor-Fusion-And-Autonomous-Racing-Cars/ros_ws/install/compressed_depth_image_transport/share/compressed_depth_image_transport/hook/ld_library_path_lib.ps1'
[125.646s] INFO:colcon.colcon_core.shell:Creating environment descriptor '/home/adam/Sensor-Fusion-And-Autonomous-Racing-Cars/ros_ws/install/compressed_depth_image_transport/share/compressed_depth_image_transport/hook/ld_library_path_lib.dsv'
[125.650s] INFO:colcon.colcon_core.shell:Creating environment hook '/home/adam/Sensor-Fusion-And-Autonomous-Racing-Cars/ros_ws/install/compressed_depth_image_transport/share/compressed_depth_image_transport/hook/ld_library_path_lib.sh'
[125.655s] Level 1:colcon.colcon_core.environment:checking '/home/adam/Sensor-Fusion-And-Autonomous-Racing-Cars/ros_ws/install/compressed_depth_image_transport/bin'
[125.657s] Level 1:colcon.colcon_core.environment:checking '/home/adam/Sensor-Fusion-And-Autonomous-Racing-Cars/ros_ws/install/compressed_depth_image_transport/lib/pkgconfig/compressed_depth_image_transport.pc'
[125.658s] Level 1:colcon.colcon_core.environment:checking '/home/adam/Sensor-Fusion-And-Autonomous-Racing-Cars/ros_ws/install/compressed_depth_image_transport/lib/python3.8/site-packages'
[125.660s] Level 1:colcon.colcon_core.environment:checking '/home/adam/Sensor-Fusion-And-Autonomous-Racing-Cars/ros_ws/install/compressed_depth_image_transport/bin'
[125.999s] INFO:colcon.colcon_core.shell:Creating package script '/home/adam/Sensor-Fusion-And-Autonomous-Racing-Cars/ros_ws/install/compressed_depth_image_transport/share/compressed_depth_image_transport/package.ps1'
[126.005s] INFO:colcon.colcon_core.shell:Creating package descriptor '/home/adam/Sensor-Fusion-And-Autonomous-Racing-Cars/ros_ws/install/compressed_depth_image_transport/share/compressed_depth_image_transport/package.dsv'
[126.010s] INFO:colcon.colcon_core.shell:Creating package script '/home/adam/Sensor-Fusion-And-Autonomous-Racing-Cars/ros_ws/install/compressed_depth_image_transport/share/compressed_depth_image_transport/package.sh'
[126.016s] INFO:colcon.colcon_core.shell:Creating package script '/home/adam/Sensor-Fusion-And-Autonomous-Racing-Cars/ros_ws/install/compressed_depth_image_transport/share/compressed_depth_image_transport/package.bash'
[126.021s] INFO:colcon.colcon_core.shell:Creating package script '/home/adam/Sensor-Fusion-And-Autonomous-Racing-Cars/ros_ws/install/compressed_depth_image_transport/share/compressed_depth_image_transport/package.zsh'
[126.025s] Level 1:colcon.colcon_core.environment:create_file_with_runtime_dependencies(/home/adam/Sensor-Fusion-And-Autonomous-Racing-Cars/ros_ws/install/compressed_depth_image_transport/share/colcon-core/packages/compressed_depth_image_transport)
[126.032s] INFO:colcon.colcon_ros.task.ament_cmake.build:Building ROS package in '/home/adam/Sensor-Fusion-And-Autonomous-Racing-Cars/ros_ws/src/image_transport_plugins/theora_image_transport' with build type 'ament_cmake'
[126.034s] INFO:colcon.colcon_cmake.task.cmake.build:Building CMake package in '/home/adam/Sensor-Fusion-And-Autonomous-Racing-Cars/ros_ws/src/image_transport_plugins/theora_image_transport'
[126.435s] INFO:colcon.colcon_core.shell:Skip shell extension 'powershell' for command environment: Not usable outside of PowerShell
[126.436s] DEBUG:colcon.colcon_core.shell:Skip shell extension 'dsv' for command environment
[127.528s] DEBUG:colcon.colcon_core.event_handler.log_command:Invoked command in '/home/adam/Sensor-Fusion-And-Autonomous-Racing-Cars/ros_ws/build/compressed_image_transport' returned '0': CMAKE_PREFIX_PATH=${CMAKE_PREFIX_PATH}:/home/adam/Sensor-Fusion-And-Autonomous-Racing-Cars/ros_ws/src/install/arc_autonomous_ctrl:/home/adam/Sensor-Fusion-And-Autonomous-Racing-Cars/ros_ws/install/steering_test_pkg:/home/adam/Sensor-Fusion-And-Autonomous-Racing-Cars/ros_ws/install/servo_controller:/home/adam/Sensor-Fusion-And-Autonomous-Racing-Cars/ros_ws/install/motor_controller:/home/adam/Sensor-Fusion-And-Autonomous-Racing-Cars/ros_ws/install/camera_sensor:/home/adam/Sensor-Fusion-And-Autonomous-Racing-Cars/ros_ws/install/arc_startup:/home/adam/Sensor-Fusion-And-Autonomous-Racing-Cars/ros_ws/install/arc_keyboard_control:/home/adam/Sensor-Fusion-And-Autonomous-Racing-Cars/ros_ws/install/arc_autonomous_ctrl:/opt/ros/foxy /usr/bin/cmake --build /home/adam/Sensor-Fusion-And-Autonomous-Racing-Cars/ros_ws/build/compressed_image_transport -- -j4 -l4
[127.583s] DEBUG:colcon.colcon_core.event_handler.log_command:Invoking command in '/home/adam/Sensor-Fusion-And-Autonomous-Racing-Cars/ros_ws/build/theora_image_transport': CMAKE_PREFIX_PATH=${CMAKE_PREFIX_PATH}:/home/adam/Sensor-Fusion-And-Autonomous-Racing-Cars/ros_ws/src/install/arc_autonomous_ctrl:/home/adam/Sensor-Fusion-And-Autonomous-Racing-Cars/ros_ws/install/steering_test_pkg:/home/adam/Sensor-Fusion-And-Autonomous-Racing-Cars/ros_ws/install/servo_controller:/home/adam/Sensor-Fusion-And-Autonomous-Racing-Cars/ros_ws/install/motor_controller:/home/adam/Sensor-Fusion-And-Autonomous-Racing-Cars/ros_ws/install/camera_sensor:/home/adam/Sensor-Fusion-And-Autonomous-Racing-Cars/ros_ws/install/arc_startup:/home/adam/Sensor-Fusion-And-Autonomous-Racing-Cars/ros_ws/install/arc_keyboard_control:/home/adam/Sensor-Fusion-And-Autonomous-Racing-Cars/ros_ws/install/arc_autonomous_ctrl:/opt/ros/foxy /usr/bin/cmake /home/adam/Sensor-Fusion-And-Autonomous-Racing-Cars/ros_ws/src/image_transport_plugins/theora_image_transport -DCMAKE_INSTALL_PREFIX=/home/adam/Sensor-Fusion-And-Autonomous-Racing-Cars/ros_ws/install/theora_image_transport
[128.017s] DEBUG:colcon.colcon_core.event_handler.log_command:Invoking command in '/home/adam/Sensor-Fusion-And-Autonomous-Racing-Cars/ros_ws/build/compressed_image_transport': CMAKE_PREFIX_PATH=${CMAKE_PREFIX_PATH}:/home/adam/Sensor-Fusion-And-Autonomous-Racing-Cars/ros_ws/src/install/arc_autonomous_ctrl:/home/adam/Sensor-Fusion-And-Autonomous-Racing-Cars/ros_ws/install/steering_test_pkg:/home/adam/Sensor-Fusion-And-Autonomous-Racing-Cars/ros_ws/install/servo_controller:/home/adam/Sensor-Fusion-And-Autonomous-Racing-Cars/ros_ws/install/motor_controller:/home/adam/Sensor-Fusion-And-Autonomous-Racing-Cars/ros_ws/install/camera_sensor:/home/adam/Sensor-Fusion-And-Autonomous-Racing-Cars/ros_ws/install/arc_startup:/home/adam/Sensor-Fusion-And-Autonomous-Racing-Cars/ros_ws/install/arc_keyboard_control:/home/adam/Sensor-Fusion-And-Autonomous-Racing-Cars/ros_ws/install/arc_autonomous_ctrl:/opt/ros/foxy /usr/bin/cmake --install /home/adam/Sensor-Fusion-And-Autonomous-Racing-Cars/ros_ws/build/compressed_image_transport
[128.247s] Level 1:colcon.colcon_core.environment:create_environment_scripts_only(compressed_image_transport)
[128.251s] DEBUG:colcon.colcon_core.event_handler.log_command:Invoked command in '/home/adam/Sensor-Fusion-And-Autonomous-Racing-Cars/ros_ws/build/compressed_image_transport' returned '0': CMAKE_PREFIX_PATH=${CMAKE_PREFIX_PATH}:/home/adam/Sensor-Fusion-And-Autonomous-Racing-Cars/ros_ws/src/install/arc_autonomous_ctrl:/home/adam/Sensor-Fusion-And-Autonomous-Racing-Cars/ros_ws/install/steering_test_pkg:/home/adam/Sensor-Fusion-And-Autonomous-Racing-Cars/ros_ws/install/servo_controller:/home/adam/Sensor-Fusion-And-Autonomous-Racing-Cars/ros_ws/install/motor_controller:/home/adam/Sensor-Fusion-And-Autonomous-Racing-Cars/ros_ws/install/camera_sensor:/home/adam/Sensor-Fusion-And-Autonomous-Racing-Cars/ros_ws/install/arc_startup:/home/adam/Sensor-Fusion-And-Autonomous-Racing-Cars/ros_ws/install/arc_keyboard_control:/home/adam/Sensor-Fusion-And-Autonomous-Racing-Cars/ros_ws/install/arc_autonomous_ctrl:/opt/ros/foxy /usr/bin/cmake --install /home/adam/Sensor-Fusion-And-Autonomous-Racing-Cars/ros_ws/build/compressed_image_transport
[128.789s] Level 1:colcon.colcon_core.environment:checking '/home/adam/Sensor-Fusion-And-Autonomous-Racing-Cars/ros_ws/install/compressed_image_transport' for CMake module files
[128.794s] Level 1:colcon.colcon_core.environment:checking '/home/adam/Sensor-Fusion-And-Autonomous-Racing-Cars/ros_ws/install/compressed_image_transport' for CMake config files
[128.796s] Level 1:colcon.colcon_core.shell:create_environment_hook('compressed_image_transport', 'cmake_prefix_path')
[129.256s] INFO:colcon.colcon_core.shell:Creating environment hook '/home/adam/Sensor-Fusion-And-Autonomous-Racing-Cars/ros_ws/install/compressed_image_transport/share/compressed_image_transport/hook/cmake_prefix_path.ps1'
[129.259s] INFO:colcon.colcon_core.shell:Creating environment descriptor '/home/adam/Sensor-Fusion-And-Autonomous-Racing-Cars/ros_ws/install/compressed_image_transport/share/compressed_image_transport/hook/cmake_prefix_path.dsv'
[129.262s] INFO:colcon.colcon_core.shell:Creating environment hook '/home/adam/Sensor-Fusion-And-Autonomous-Racing-Cars/ros_ws/install/compressed_image_transport/share/compressed_image_transport/hook/cmake_prefix_path.sh'
[129.266s] Level 1:colcon.colcon_core.environment:checking '/home/adam/Sensor-Fusion-And-Autonomous-Racing-Cars/ros_ws/install/compressed_image_transport/lib'
[129.267s] Level 1:colcon.colcon_core.shell:create_environment_hook('compressed_image_transport', 'ld_library_path_lib')
[129.729s] INFO:colcon.colcon_core.shell:Creating environment hook '/home/adam/Sensor-Fusion-And-Autonomous-Racing-Cars/ros_ws/install/compressed_image_transport/share/compressed_image_transport/hook/ld_library_path_lib.ps1'
[129.733s] INFO:colcon.colcon_core.shell:Creating environment descriptor '/home/adam/Sensor-Fusion-And-Autonomous-Racing-Cars/ros_ws/install/compressed_image_transport/share/compressed_image_transport/hook/ld_library_path_lib.dsv'
[129.736s] INFO:colcon.colcon_core.shell:Creating environment hook '/home/adam/Sensor-Fusion-And-Autonomous-Racing-Cars/ros_ws/install/compressed_image_transport/share/compressed_image_transport/hook/ld_library_path_lib.sh'
[129.740s] Level 1:colcon.colcon_core.environment:checking '/home/adam/Sensor-Fusion-And-Autonomous-Racing-Cars/ros_ws/install/compressed_image_transport/bin'
[129.741s] Level 1:colcon.colcon_core.environment:checking '/home/adam/Sensor-Fusion-And-Autonomous-Racing-Cars/ros_ws/install/compressed_image_transport/lib/pkgconfig/compressed_image_transport.pc'
[129.743s] Level 1:colcon.colcon_core.environment:checking '/home/adam/Sensor-Fusion-And-Autonomous-Racing-Cars/ros_ws/install/compressed_image_transport/lib/python3.8/site-packages'
[129.745s] Level 1:colcon.colcon_core.environment:checking '/home/adam/Sensor-Fusion-And-Autonomous-Racing-Cars/ros_ws/install/compressed_image_transport/bin'
[130.177s] INFO:colcon.colcon_core.shell:Creating package script '/home/adam/Sensor-Fusion-And-Autonomous-Racing-Cars/ros_ws/install/compressed_image_transport/share/compressed_image_transport/package.ps1'
[130.181s] INFO:colcon.colcon_core.shell:Creating package descriptor '/home/adam/Sensor-Fusion-And-Autonomous-Racing-Cars/ros_ws/install/compressed_image_transport/share/compressed_image_transport/package.dsv'
[130.185s] INFO:colcon.colcon_core.shell:Creating package script '/home/adam/Sensor-Fusion-And-Autonomous-Racing-Cars/ros_ws/install/compressed_image_transport/share/compressed_image_transport/package.sh'
[130.194s] INFO:colcon.colcon_core.shell:Creating package script '/home/adam/Sensor-Fusion-And-Autonomous-Racing-Cars/ros_ws/install/compressed_image_transport/share/compressed_image_transport/package.bash'
[130.201s] INFO:colcon.colcon_core.shell:Creating package script '/home/adam/Sensor-Fusion-And-Autonomous-Racing-Cars/ros_ws/install/compressed_image_transport/share/compressed_image_transport/package.zsh'
[130.204s] Level 1:colcon.colcon_core.environment:create_file_with_runtime_dependencies(/home/adam/Sensor-Fusion-And-Autonomous-Racing-Cars/ros_ws/install/compressed_image_transport/share/colcon-core/packages/compressed_image_transport)
[131.342s] Level 1:colcon.colcon_core.environment:create_environment_scripts_only(compressed_image_transport)
[131.982s] Level 1:colcon.colcon_core.environment:checking '/home/adam/Sensor-Fusion-And-Autonomous-Racing-Cars/ros_ws/install/compressed_image_transport' for CMake module files
[131.986s] Level 1:colcon.colcon_core.environment:checking '/home/adam/Sensor-Fusion-And-Autonomous-Racing-Cars/ros_ws/install/compressed_image_transport' for CMake config files
[131.989s] Level 1:colcon.colcon_core.shell:create_environment_hook('compressed_image_transport', 'cmake_prefix_path')
[132.589s] INFO:colcon.colcon_core.shell:Creating environment hook '/home/adam/Sensor-Fusion-And-Autonomous-Racing-Cars/ros_ws/install/compressed_image_transport/share/compressed_image_transport/hook/cmake_prefix_path.ps1'
[132.595s] INFO:colcon.colcon_core.shell:Creating environment descriptor '/home/adam/Sensor-Fusion-And-Autonomous-Racing-Cars/ros_ws/install/compressed_image_transport/share/compressed_image_transport/hook/cmake_prefix_path.dsv'
[132.600s] INFO:colcon.colcon_core.shell:Creating environment hook '/home/adam/Sensor-Fusion-And-Autonomous-Racing-Cars/ros_ws/install/compressed_image_transport/share/compressed_image_transport/hook/cmake_prefix_path.sh'
[132.605s] Level 1:colcon.colcon_core.environment:checking '/home/adam/Sensor-Fusion-And-Autonomous-Racing-Cars/ros_ws/install/compressed_image_transport/lib'
[132.607s] Level 1:colcon.colcon_core.shell:create_environment_hook('compressed_image_transport', 'ld_library_path_lib')
[133.145s] INFO:colcon.colcon_core.shell:Creating environment hook '/home/adam/Sensor-Fusion-And-Autonomous-Racing-Cars/ros_ws/install/compressed_image_transport/share/compressed_image_transport/hook/ld_library_path_lib.ps1'
[133.148s] INFO:colcon.colcon_core.shell:Creating environment descriptor '/home/adam/Sensor-Fusion-And-Autonomous-Racing-Cars/ros_ws/install/compressed_image_transport/share/compressed_image_transport/hook/ld_library_path_lib.dsv'
[133.155s] INFO:colcon.colcon_core.shell:Creating environment hook '/home/adam/Sensor-Fusion-And-Autonomous-Racing-Cars/ros_ws/install/compressed_image_transport/share/compressed_image_transport/hook/ld_library_path_lib.sh'
[133.161s] Level 1:colcon.colcon_core.environment:checking '/home/adam/Sensor-Fusion-And-Autonomous-Racing-Cars/ros_ws/install/compressed_image_transport/bin'
[133.162s] Level 1:colcon.colcon_core.environment:checking '/home/adam/Sensor-Fusion-And-Autonomous-Racing-Cars/ros_ws/install/compressed_image_transport/lib/pkgconfig/compressed_image_transport.pc'
[133.163s] Level 1:colcon.colcon_core.environment:checking '/home/adam/Sensor-Fusion-And-Autonomous-Racing-Cars/ros_ws/install/compressed_image_transport/lib/python3.8/site-packages'
[133.165s] Level 1:colcon.colcon_core.environment:checking '/home/adam/Sensor-Fusion-And-Autonomous-Racing-Cars/ros_ws/install/compressed_image_transport/bin'
[133.792s] INFO:colcon.colcon_core.shell:Creating package script '/home/adam/Sensor-Fusion-And-Autonomous-Racing-Cars/ros_ws/install/compressed_image_transport/share/compressed_image_transport/package.ps1'
[133.801s] INFO:colcon.colcon_core.shell:Creating package descriptor '/home/adam/Sensor-Fusion-And-Autonomous-Racing-Cars/ros_ws/install/compressed_image_transport/share/compressed_image_transport/package.dsv'
[133.805s] INFO:colcon.colcon_core.shell:Creating package script '/home/adam/Sensor-Fusion-And-Autonomous-Racing-Cars/ros_ws/install/compressed_image_transport/share/compressed_image_transport/package.sh'
[133.818s] INFO:colcon.colcon_core.shell:Creating package script '/home/adam/Sensor-Fusion-And-Autonomous-Racing-Cars/ros_ws/install/compressed_image_transport/share/compressed_image_transport/package.bash'
[133.828s] INFO:colcon.colcon_core.shell:Creating package script '/home/adam/Sensor-Fusion-And-Autonomous-Racing-Cars/ros_ws/install/compressed_image_transport/share/compressed_image_transport/package.zsh'
[133.833s] Level 1:colcon.colcon_core.environment:create_file_with_runtime_dependencies(/home/adam/Sensor-Fusion-And-Autonomous-Racing-Cars/ros_ws/install/compressed_image_transport/share/colcon-core/packages/compressed_image_transport)
[133.839s] INFO:colcon.colcon_ros.task.ament_python.build:Building ROS package in '/home/adam/Sensor-Fusion-And-Autonomous-Racing-Cars/ros_ws/src/arc_autonomous_ctrl' with build type 'ament_python'
[133.852s] Level 1:colcon.colcon_core.shell:create_environment_hook('arc_autonomous_ctrl', 'ament_prefix_path')
[134.369s] INFO:colcon.colcon_core.shell:Creating environment hook '/home/adam/Sensor-Fusion-And-Autonomous-Racing-Cars/ros_ws/install/arc_autonomous_ctrl/share/arc_autonomous_ctrl/hook/ament_prefix_path.ps1'
[134.377s] INFO:colcon.colcon_core.shell:Creating environment descriptor '/home/adam/Sensor-Fusion-And-Autonomous-Racing-Cars/ros_ws/install/arc_autonomous_ctrl/share/arc_autonomous_ctrl/hook/ament_prefix_path.dsv'
[134.382s] INFO:colcon.colcon_core.shell:Creating environment hook '/home/adam/Sensor-Fusion-And-Autonomous-Racing-Cars/ros_ws/install/arc_autonomous_ctrl/share/arc_autonomous_ctrl/hook/ament_prefix_path.sh'
[134.886s] INFO:colcon.colcon_core.shell:Skip shell extension 'powershell' for command environment: Not usable outside of PowerShell
[134.886s] DEBUG:colcon.colcon_core.shell:Skip shell extension 'dsv' for command environment
[138.942s] INFO:colcon.colcon_core.task.python.build:Building Python package in '/home/adam/Sensor-Fusion-And-Autonomous-Racing-Cars/ros_ws/src/arc_autonomous_ctrl'
[139.488s] INFO:colcon.colcon_core.shell:Skip shell extension 'powershell' for command environment: Not usable outside of PowerShell
[139.489s] DEBUG:colcon.colcon_core.shell:Skip shell extension 'dsv' for command environment
[145.383s] DEBUG:colcon.colcon_core.event_handler.log_command:Invoking command in '/home/adam/Sensor-Fusion-And-Autonomous-Racing-Cars/ros_ws/src/arc_autonomous_ctrl': PYTHONPATH=/home/adam/Sensor-Fusion-And-Autonomous-Racing-Cars/ros_ws/build/arc_autonomous_ctrl/prefix_override:/home/adam/Sensor-Fusion-And-Autonomous-Racing-Cars/ros_ws/install/arc_autonomous_ctrl/lib/python3.8/site-packages:${PYTHONPATH} /usr/bin/python3 setup.py egg_info --egg-base ../../build/arc_autonomous_ctrl build --build-base /home/adam/Sensor-Fusion-And-Autonomous-Racing-Cars/ros_ws/build/arc_autonomous_ctrl/build install --record /home/adam/Sensor-Fusion-And-Autonomous-Racing-Cars/ros_ws/build/arc_autonomous_ctrl/install.log --install-scripts $base/lib/arc_autonomous_ctrl --single-version-externally-managed
[148.155s] DEBUG:colcon.colcon_core.event_handler.log_command:Invoked command in '/home/adam/Sensor-Fusion-And-Autonomous-Racing-Cars/ros_ws/src/arc_autonomous_ctrl' returned '0': PYTHONPATH=/home/adam/Sensor-Fusion-And-Autonomous-Racing-Cars/ros_ws/build/arc_autonomous_ctrl/prefix_override:/home/adam/Sensor-Fusion-And-Autonomous-Racing-Cars/ros_ws/install/arc_autonomous_ctrl/lib/python3.8/site-packages:${PYTHONPATH} /usr/bin/python3 setup.py egg_info --egg-base ../../build/arc_autonomous_ctrl build --build-base /home/adam/Sensor-Fusion-And-Autonomous-Racing-Cars/ros_ws/build/arc_autonomous_ctrl/build install --record /home/adam/Sensor-Fusion-And-Autonomous-Racing-Cars/ros_ws/build/arc_autonomous_ctrl/install.log --install-scripts $base/lib/arc_autonomous_ctrl --single-version-externally-managed
[148.681s] Level 1:colcon.colcon_core.environment:checking '/home/adam/Sensor-Fusion-And-Autonomous-Racing-Cars/ros_ws/install/arc_autonomous_ctrl' for CMake module files
[148.684s] Level 1:colcon.colcon_core.environment:checking '/home/adam/Sensor-Fusion-And-Autonomous-Racing-Cars/ros_ws/install/arc_autonomous_ctrl' for CMake config files
[148.693s] Level 1:colcon.colcon_core.environment:checking '/home/adam/Sensor-Fusion-And-Autonomous-Racing-Cars/ros_ws/install/arc_autonomous_ctrl/lib'
[148.695s] Level 1:colcon.colcon_core.environment:checking '/home/adam/Sensor-Fusion-And-Autonomous-Racing-Cars/ros_ws/install/arc_autonomous_ctrl/bin'
[148.697s] Level 1:colcon.colcon_core.environment:checking '/home/adam/Sensor-Fusion-And-Autonomous-Racing-Cars/ros_ws/install/arc_autonomous_ctrl/lib/pkgconfig/arc_autonomous_ctrl.pc'
[148.699s] Level 1:colcon.colcon_core.environment:checking '/home/adam/Sensor-Fusion-And-Autonomous-Racing-Cars/ros_ws/install/arc_autonomous_ctrl/lib/python3.8/site-packages'
[148.700s] Level 1:colcon.colcon_core.shell:create_environment_hook('arc_autonomous_ctrl', 'pythonpath')
[149.098s] INFO:colcon.colcon_core.shell:Creating environment hook '/home/adam/Sensor-Fusion-And-Autonomous-Racing-Cars/ros_ws/install/arc_autonomous_ctrl/share/arc_autonomous_ctrl/hook/pythonpath.ps1'
[149.101s] INFO:colcon.colcon_core.shell:Creating environment descriptor '/home/adam/Sensor-Fusion-And-Autonomous-Racing-Cars/ros_ws/install/arc_autonomous_ctrl/share/arc_autonomous_ctrl/hook/pythonpath.dsv'
[149.104s] INFO:colcon.colcon_core.shell:Creating environment hook '/home/adam/Sensor-Fusion-And-Autonomous-Racing-Cars/ros_ws/install/arc_autonomous_ctrl/share/arc_autonomous_ctrl/hook/pythonpath.sh'
[149.107s] Level 1:colcon.colcon_core.environment:checking '/home/adam/Sensor-Fusion-And-Autonomous-Racing-Cars/ros_ws/install/arc_autonomous_ctrl/bin'
[149.108s] Level 1:colcon.colcon_core.environment:create_environment_scripts_only(arc_autonomous_ctrl)
[149.547s] INFO:colcon.colcon_core.shell:Creating package script '/home/adam/Sensor-Fusion-And-Autonomous-Racing-Cars/ros_ws/install/arc_autonomous_ctrl/share/arc_autonomous_ctrl/package.ps1'
[149.551s] INFO:colcon.colcon_core.shell:Creating package descriptor '/home/adam/Sensor-Fusion-And-Autonomous-Racing-Cars/ros_ws/install/arc_autonomous_ctrl/share/arc_autonomous_ctrl/package.dsv'
[149.554s] INFO:colcon.colcon_core.shell:Creating package script '/home/adam/Sensor-Fusion-And-Autonomous-Racing-Cars/ros_ws/install/arc_autonomous_ctrl/share/arc_autonomous_ctrl/package.sh'
[149.557s] INFO:colcon.colcon_core.shell:Creating package script '/home/adam/Sensor-Fusion-And-Autonomous-Racing-Cars/ros_ws/install/arc_autonomous_ctrl/share/arc_autonomous_ctrl/package.bash'
[149.559s] INFO:colcon.colcon_core.shell:Creating package script '/home/adam/Sensor-Fusion-And-Autonomous-Racing-Cars/ros_ws/install/arc_autonomous_ctrl/share/arc_autonomous_ctrl/package.zsh'
[149.582s] Level 1:colcon.colcon_core.environment:create_file_with_runtime_dependencies(/home/adam/Sensor-Fusion-And-Autonomous-Racing-Cars/ros_ws/install/arc_autonomous_ctrl/share/colcon-core/packages/arc_autonomous_ctrl)
[149.587s] INFO:colcon.colcon_ros.task.ament_python.build:Building ROS package in '/home/adam/Sensor-Fusion-And-Autonomous-Racing-Cars/ros_ws/src/arc_keyboard_control' with build type 'ament_python'
[149.590s] Level 1:colcon.colcon_core.shell:create_environment_hook('arc_keyboard_control', 'ament_prefix_path')
[150.234s] INFO:colcon.colcon_core.shell:Creating environment hook '/home/adam/Sensor-Fusion-And-Autonomous-Racing-Cars/ros_ws/install/arc_keyboard_control/share/arc_keyboard_control/hook/ament_prefix_path.ps1'
[150.238s] INFO:colcon.colcon_core.shell:Creating environment descriptor '/home/adam/Sensor-Fusion-And-Autonomous-Racing-Cars/ros_ws/install/arc_keyboard_control/share/arc_keyboard_control/hook/ament_prefix_path.dsv'
[150.241s] INFO:colcon.colcon_core.shell:Creating environment hook '/home/adam/Sensor-Fusion-And-Autonomous-Racing-Cars/ros_ws/install/arc_keyboard_control/share/arc_keyboard_control/hook/ament_prefix_path.sh'
[150.724s] INFO:colcon.colcon_core.shell:Skip shell extension 'powershell' for command environment: Not usable outside of PowerShell
[150.725s] DEBUG:colcon.colcon_core.shell:Skip shell extension 'dsv' for command environment
[155.920s] INFO:colcon.colcon_core.task.python.build:Building Python package in '/home/adam/Sensor-Fusion-And-Autonomous-Racing-Cars/ros_ws/src/arc_keyboard_control'
[156.513s] INFO:colcon.colcon_core.shell:Skip shell extension 'powershell' for command environment: Not usable outside of PowerShell
[156.514s] DEBUG:colcon.colcon_core.shell:Skip shell extension 'dsv' for command environment
[160.677s] DEBUG:colcon.colcon_core.event_handler.log_command:Invoked command in '/home/adam/Sensor-Fusion-And-Autonomous-Racing-Cars/ros_ws/build/theora_image_transport' returned '0': CMAKE_PREFIX_PATH=${CMAKE_PREFIX_PATH}:/home/adam/Sensor-Fusion-And-Autonomous-Racing-Cars/ros_ws/src/install/arc_autonomous_ctrl:/home/adam/Sensor-Fusion-And-Autonomous-Racing-Cars/ros_ws/install/steering_test_pkg:/home/adam/Sensor-Fusion-And-Autonomous-Racing-Cars/ros_ws/install/servo_controller:/home/adam/Sensor-Fusion-And-Autonomous-Racing-Cars/ros_ws/install/motor_controller:/home/adam/Sensor-Fusion-And-Autonomous-Racing-Cars/ros_ws/install/camera_sensor:/home/adam/Sensor-Fusion-And-Autonomous-Racing-Cars/ros_ws/install/arc_startup:/home/adam/Sensor-Fusion-And-Autonomous-Racing-Cars/ros_ws/install/arc_keyboard_control:/home/adam/Sensor-Fusion-And-Autonomous-Racing-Cars/ros_ws/install/arc_autonomous_ctrl:/opt/ros/foxy /usr/bin/cmake /home/adam/Sensor-Fusion-And-Autonomous-Racing-Cars/ros_ws/src/image_transport_plugins/theora_image_transport -DCMAKE_INSTALL_PREFIX=/home/adam/Sensor-Fusion-And-Autonomous-Racing-Cars/ros_ws/install/theora_image_transport
[160.682s] DEBUG:colcon.colcon_core.event_handler.log_command:Invoking command in '/home/adam/Sensor-Fusion-And-Autonomous-Racing-Cars/ros_ws/build/theora_image_transport': CMAKE_PREFIX_PATH=${CMAKE_PREFIX_PATH}:/home/adam/Sensor-Fusion-And-Autonomous-Racing-Cars/ros_ws/src/install/arc_autonomous_ctrl:/home/adam/Sensor-Fusion-And-Autonomous-Racing-Cars/ros_ws/install/steering_test_pkg:/home/adam/Sensor-Fusion-And-Autonomous-Racing-Cars/ros_ws/install/servo_controller:/home/adam/Sensor-Fusion-And-Autonomous-Racing-Cars/ros_ws/install/motor_controller:/home/adam/Sensor-Fusion-And-Autonomous-Racing-Cars/ros_ws/install/camera_sensor:/home/adam/Sensor-Fusion-And-Autonomous-Racing-Cars/ros_ws/install/arc_startup:/home/adam/Sensor-Fusion-And-Autonomous-Racing-Cars/ros_ws/install/arc_keyboard_control:/home/adam/Sensor-Fusion-And-Autonomous-Racing-Cars/ros_ws/install/arc_autonomous_ctrl:/opt/ros/foxy /usr/bin/cmake --build /home/adam/Sensor-Fusion-And-Autonomous-Racing-Cars/ros_ws/build/theora_image_transport -- -j4 -l4
[162.574s] DEBUG:colcon.colcon_core.event_handler.log_command:Invoking command in '/home/adam/Sensor-Fusion-And-Autonomous-Racing-Cars/ros_ws/src/arc_keyboard_control': PYTHONPATH=/home/adam/Sensor-Fusion-And-Autonomous-Racing-Cars/ros_ws/build/arc_keyboard_control/prefix_override:/home/adam/Sensor-Fusion-And-Autonomous-Racing-Cars/ros_ws/install/arc_keyboard_control/lib/python3.8/site-packages:${PYTHONPATH} /usr/bin/python3 setup.py egg_info --egg-base ../../build/arc_keyboard_control build --build-base /home/adam/Sensor-Fusion-And-Autonomous-Racing-Cars/ros_ws/build/arc_keyboard_control/build install --record /home/adam/Sensor-Fusion-And-Autonomous-Racing-Cars/ros_ws/build/arc_keyboard_control/install.log --install-scripts $base/lib/arc_keyboard_control --single-version-externally-managed
[166.526s] DEBUG:colcon.colcon_core.event_handler.log_command:Invoked command in '/home/adam/Sensor-Fusion-And-Autonomous-Racing-Cars/ros_ws/src/arc_keyboard_control' returned '0': PYTHONPATH=/home/adam/Sensor-Fusion-And-Autonomous-Racing-Cars/ros_ws/build/arc_keyboard_control/prefix_override:/home/adam/Sensor-Fusion-And-Autonomous-Racing-Cars/ros_ws/install/arc_keyboard_control/lib/python3.8/site-packages:${PYTHONPATH} /usr/bin/python3 setup.py egg_info --egg-base ../../build/arc_keyboard_control build --build-base /home/adam/Sensor-Fusion-And-Autonomous-Racing-Cars/ros_ws/build/arc_keyboard_control/build install --record /home/adam/Sensor-Fusion-And-Autonomous-Racing-Cars/ros_ws/build/arc_keyboard_control/install.log --install-scripts $base/lib/arc_keyboard_control --single-version-externally-managed
[166.979s] Level 1:colcon.colcon_core.environment:checking '/home/adam/Sensor-Fusion-And-Autonomous-Racing-Cars/ros_ws/install/arc_keyboard_control' for CMake module files
[166.984s] Level 1:colcon.colcon_core.environment:checking '/home/adam/Sensor-Fusion-And-Autonomous-Racing-Cars/ros_ws/install/arc_keyboard_control' for CMake config files
[166.989s] Level 1:colcon.colcon_core.environment:checking '/home/adam/Sensor-Fusion-And-Autonomous-Racing-Cars/ros_ws/install/arc_keyboard_control/lib'
[166.990s] Level 1:colcon.colcon_core.environment:checking '/home/adam/Sensor-Fusion-And-Autonomous-Racing-Cars/ros_ws/install/arc_keyboard_control/bin'
[166.990s] Level 1:colcon.colcon_core.environment:checking '/home/adam/Sensor-Fusion-And-Autonomous-Racing-Cars/ros_ws/install/arc_keyboard_control/lib/pkgconfig/arc_keyboard_control.pc'
[166.992s] Level 1:colcon.colcon_core.environment:checking '/home/adam/Sensor-Fusion-And-Autonomous-Racing-Cars/ros_ws/install/arc_keyboard_control/lib/python3.8/site-packages'
[166.994s] Level 1:colcon.colcon_core.shell:create_environment_hook('arc_keyboard_control', 'pythonpath')
[167.594s] INFO:colcon.colcon_core.shell:Creating environment hook '/home/adam/Sensor-Fusion-And-Autonomous-Racing-Cars/ros_ws/install/arc_keyboard_control/share/arc_keyboard_control/hook/pythonpath.ps1'
[167.600s] INFO:colcon.colcon_core.shell:Creating environment descriptor '/home/adam/Sensor-Fusion-And-Autonomous-Racing-Cars/ros_ws/install/arc_keyboard_control/share/arc_keyboard_control/hook/pythonpath.dsv'
[167.605s] INFO:colcon.colcon_core.shell:Creating environment hook '/home/adam/Sensor-Fusion-And-Autonomous-Racing-Cars/ros_ws/install/arc_keyboard_control/share/arc_keyboard_control/hook/pythonpath.sh'
[167.612s] Level 1:colcon.colcon_core.environment:checking '/home/adam/Sensor-Fusion-And-Autonomous-Racing-Cars/ros_ws/install/arc_keyboard_control/bin'
[167.614s] Level 1:colcon.colcon_core.environment:create_environment_scripts_only(arc_keyboard_control)
[168.182s] INFO:colcon.colcon_core.shell:Creating package script '/home/adam/Sensor-Fusion-And-Autonomous-Racing-Cars/ros_ws/install/arc_keyboard_control/share/arc_keyboard_control/package.ps1'
[168.185s] INFO:colcon.colcon_core.shell:Creating package descriptor '/home/adam/Sensor-Fusion-And-Autonomous-Racing-Cars/ros_ws/install/arc_keyboard_control/share/arc_keyboard_control/package.dsv'
[168.187s] INFO:colcon.colcon_core.shell:Creating package script '/home/adam/Sensor-Fusion-And-Autonomous-Racing-Cars/ros_ws/install/arc_keyboard_control/share/arc_keyboard_control/package.sh'
[168.190s] INFO:colcon.colcon_core.shell:Creating package script '/home/adam/Sensor-Fusion-And-Autonomous-Racing-Cars/ros_ws/install/arc_keyboard_control/share/arc_keyboard_control/package.bash'
[168.193s] INFO:colcon.colcon_core.shell:Creating package script '/home/adam/Sensor-Fusion-And-Autonomous-Racing-Cars/ros_ws/install/arc_keyboard_control/share/arc_keyboard_control/package.zsh'
[168.197s] Level 1:colcon.colcon_core.environment:create_file_with_runtime_dependencies(/home/adam/Sensor-Fusion-And-Autonomous-Racing-Cars/ros_ws/install/arc_keyboard_control/share/colcon-core/packages/arc_keyboard_control)
[168.203s] INFO:colcon.colcon_ros.task.ament_python.build:Building ROS package in '/home/adam/Sensor-Fusion-And-Autonomous-Racing-Cars/ros_ws/src/arc_startup' with build type 'ament_python'
[168.204s] Level 1:colcon.colcon_core.shell:create_environment_hook('arc_startup', 'ament_prefix_path')
[168.611s] INFO:colcon.colcon_core.shell:Creating environment hook '/home/adam/Sensor-Fusion-And-Autonomous-Racing-Cars/ros_ws/install/arc_startup/share/arc_startup/hook/ament_prefix_path.ps1'
[168.619s] INFO:colcon.colcon_core.shell:Creating environment descriptor '/home/adam/Sensor-Fusion-And-Autonomous-Racing-Cars/ros_ws/install/arc_startup/share/arc_startup/hook/ament_prefix_path.dsv'
[168.623s] INFO:colcon.colcon_core.shell:Creating environment hook '/home/adam/Sensor-Fusion-And-Autonomous-Racing-Cars/ros_ws/install/arc_startup/share/arc_startup/hook/ament_prefix_path.sh'
[169.013s] INFO:colcon.colcon_core.shell:Skip shell extension 'powershell' for command environment: Not usable outside of PowerShell
[169.014s] DEBUG:colcon.colcon_core.shell:Skip shell extension 'dsv' for command environment
[170.175s] DEBUG:colcon.colcon_core.event_handler.log_command:Invoked command in '/home/adam/Sensor-Fusion-And-Autonomous-Racing-Cars/ros_ws/build/io_context' returned '0': CMAKE_PREFIX_PATH=/home/adam/Sensor-Fusion-And-Autonomous-Racing-Cars/ros_ws/install/asio_cmake_module:/home/adam/Sensor-Fusion-And-Autonomous-Racing-Cars/ros_ws/install/vesc:/home/adam/Sensor-Fusion-And-Autonomous-Racing-Cars/ros_ws/install/vesc_driver:/home/adam/Sensor-Fusion-And-Autonomous-Racing-Cars/ros_ws/install/vesc_ackermann:/home/adam/Sensor-Fusion-And-Autonomous-Racing-Cars/ros_ws/install/vesc_msgs:/home/adam/Sensor-Fusion-And-Autonomous-Racing-Cars/ros_ws/install/v4l2_camera:/home/adam/Sensor-Fusion-And-Autonomous-Racing-Cars/ros_ws/install/udp_driver:/home/adam/Sensor-Fusion-And-Autonomous-Racing-Cars/ros_ws/install/image_transport_plugins:/home/adam/Sensor-Fusion-And-Autonomous-Racing-Cars/ros_ws/install/theora_image_transport:/home/adam/Sensor-Fusion-And-Autonomous-Racing-Cars/ros_ws/install/serial_driver:/home/adam/Sensor-Fusion-And-Autonomous-Racing-Cars/ros_ws/install/ldlidar_ros2:/home/adam/Sensor-Fusion-And-Autonomous-Racing-Cars/ros_ws/install/io_context:/home/adam/Sensor-Fusion-And-Autonomous-Racing-Cars/ros_ws/install/compressed_image_transport:/home/adam/Sensor-Fusion-And-Autonomous-Racing-Cars/ros_ws/install/compressed_depth_image_transport:/home/adam/Sensor-Fusion-And-Autonomous-Racing-Cars/ros_ws/src/install/arc_autonomous_ctrl:/home/adam/Sensor-Fusion-And-Autonomous-Racing-Cars/ros_ws/install/steering_test_pkg:/home/adam/Sensor-Fusion-And-Autonomous-Racing-Cars/ros_ws/install/servo_controller:/home/adam/Sensor-Fusion-And-Autonomous-Racing-Cars/ros_ws/install/motor_controller:/home/adam/Sensor-Fusion-And-Autonomous-Racing-Cars/ros_ws/install/camera_sensor:/home/adam/Sensor-Fusion-And-Autonomous-Racing-Cars/ros_ws/install/arc_startup:/home/adam/Sensor-Fusion-And-Autonomous-Racing-Cars/ros_ws/install/arc_keyboard_control:/home/adam/Sensor-Fusion-And-Autonomous-Racing-Cars/ros_ws/install/arc_autonomous_ctrl:/opt/ros/foxy /usr/bin/cmake --build /home/adam/Sensor-Fusion-And-Autonomous-Racing-Cars/ros_ws/build/io_context -- -j4 -l4
[172.245s] INFO:colcon.colcon_core.task.python.build:Building Python package in '/home/adam/Sensor-Fusion-And-Autonomous-Racing-Cars/ros_ws/src/arc_startup'
[172.702s] INFO:colcon.colcon_core.shell:Skip shell extension 'powershell' for command environment: Not usable outside of PowerShell
[172.703s] DEBUG:colcon.colcon_core.shell:Skip shell extension 'dsv' for command environment
[174.036s] DEBUG:colcon.colcon_core.event_handler.log_command:Invoking command in '/home/adam/Sensor-Fusion-And-Autonomous-Racing-Cars/ros_ws/build/io_context': CMAKE_PREFIX_PATH=/home/adam/Sensor-Fusion-And-Autonomous-Racing-Cars/ros_ws/install/asio_cmake_module:/home/adam/Sensor-Fusion-And-Autonomous-Racing-Cars/ros_ws/install/vesc:/home/adam/Sensor-Fusion-And-Autonomous-Racing-Cars/ros_ws/install/vesc_driver:/home/adam/Sensor-Fusion-And-Autonomous-Racing-Cars/ros_ws/install/vesc_ackermann:/home/adam/Sensor-Fusion-And-Autonomous-Racing-Cars/ros_ws/install/vesc_msgs:/home/adam/Sensor-Fusion-And-Autonomous-Racing-Cars/ros_ws/install/v4l2_camera:/home/adam/Sensor-Fusion-And-Autonomous-Racing-Cars/ros_ws/install/udp_driver:/home/adam/Sensor-Fusion-And-Autonomous-Racing-Cars/ros_ws/install/image_transport_plugins:/home/adam/Sensor-Fusion-And-Autonomous-Racing-Cars/ros_ws/install/theora_image_transport:/home/adam/Sensor-Fusion-And-Autonomous-Racing-Cars/ros_ws/install/serial_driver:/home/adam/Sensor-Fusion-And-Autonomous-Racing-Cars/ros_ws/install/ldlidar_ros2:/home/adam/Sensor-Fusion-And-Autonomous-Racing-Cars/ros_ws/install/io_context:/home/adam/Sensor-Fusion-And-Autonomous-Racing-Cars/ros_ws/install/compressed_image_transport:/home/adam/Sensor-Fusion-And-Autonomous-Racing-Cars/ros_ws/install/compressed_depth_image_transport:/home/adam/Sensor-Fusion-And-Autonomous-Racing-Cars/ros_ws/src/install/arc_autonomous_ctrl:/home/adam/Sensor-Fusion-And-Autonomous-Racing-Cars/ros_ws/install/steering_test_pkg:/home/adam/Sensor-Fusion-And-Autonomous-Racing-Cars/ros_ws/install/servo_controller:/home/adam/Sensor-Fusion-And-Autonomous-Racing-Cars/ros_ws/install/motor_controller:/home/adam/Sensor-Fusion-And-Autonomous-Racing-Cars/ros_ws/install/camera_sensor:/home/adam/Sensor-Fusion-And-Autonomous-Racing-Cars/ros_ws/install/arc_startup:/home/adam/Sensor-Fusion-And-Autonomous-Racing-Cars/ros_ws/install/arc_keyboard_control:/home/adam/Sensor-Fusion-And-Autonomous-Racing-Cars/ros_ws/install/arc_autonomous_ctrl:/opt/ros/foxy /usr/bin/cmake --install /home/adam/Sensor-Fusion-And-Autonomous-Racing-Cars/ros_ws/build/io_context
[174.250s] Level 1:colcon.colcon_core.environment:create_environment_scripts_only(io_context)
[174.254s] DEBUG:colcon.colcon_core.event_handler.log_command:Invoked command in '/home/adam/Sensor-Fusion-And-Autonomous-Racing-Cars/ros_ws/build/io_context' returned '0': CMAKE_PREFIX_PATH=/home/adam/Sensor-Fusion-And-Autonomous-Racing-Cars/ros_ws/install/asio_cmake_module:/home/adam/Sensor-Fusion-And-Autonomous-Racing-Cars/ros_ws/install/vesc:/home/adam/Sensor-Fusion-And-Autonomous-Racing-Cars/ros_ws/install/vesc_driver:/home/adam/Sensor-Fusion-And-Autonomous-Racing-Cars/ros_ws/install/vesc_ackermann:/home/adam/Sensor-Fusion-And-Autonomous-Racing-Cars/ros_ws/install/vesc_msgs:/home/adam/Sensor-Fusion-And-Autonomous-Racing-Cars/ros_ws/install/v4l2_camera:/home/adam/Sensor-Fusion-And-Autonomous-Racing-Cars/ros_ws/install/udp_driver:/home/adam/Sensor-Fusion-And-Autonomous-Racing-Cars/ros_ws/install/image_transport_plugins:/home/adam/Sensor-Fusion-And-Autonomous-Racing-Cars/ros_ws/install/theora_image_transport:/home/adam/Sensor-Fusion-And-Autonomous-Racing-Cars/ros_ws/install/serial_driver:/home/adam/Sensor-Fusion-And-Autonomous-Racing-Cars/ros_ws/install/ldlidar_ros2:/home/adam/Sensor-Fusion-And-Autonomous-Racing-Cars/ros_ws/install/io_context:/home/adam/Sensor-Fusion-And-Autonomous-Racing-Cars/ros_ws/install/compressed_image_transport:/home/adam/Sensor-Fusion-And-Autonomous-Racing-Cars/ros_ws/install/compressed_depth_image_transport:/home/adam/Sensor-Fusion-And-Autonomous-Racing-Cars/ros_ws/src/install/arc_autonomous_ctrl:/home/adam/Sensor-Fusion-And-Autonomous-Racing-Cars/ros_ws/install/steering_test_pkg:/home/adam/Sensor-Fusion-And-Autonomous-Racing-Cars/ros_ws/install/servo_controller:/home/adam/Sensor-Fusion-And-Autonomous-Racing-Cars/ros_ws/install/motor_controller:/home/adam/Sensor-Fusion-And-Autonomous-Racing-Cars/ros_ws/install/camera_sensor:/home/adam/Sensor-Fusion-And-Autonomous-Racing-Cars/ros_ws/install/arc_startup:/home/adam/Sensor-Fusion-And-Autonomous-Racing-Cars/ros_ws/install/arc_keyboard_control:/home/adam/Sensor-Fusion-And-Autonomous-Racing-Cars/ros_ws/install/arc_autonomous_ctrl:/opt/ros/foxy /usr/bin/cmake --install /home/adam/Sensor-Fusion-And-Autonomous-Racing-Cars/ros_ws/build/io_context
[174.890s] Level 1:colcon.colcon_core.environment:checking '/home/adam/Sensor-Fusion-And-Autonomous-Racing-Cars/ros_ws/install/io_context' for CMake module files
[174.894s] Level 1:colcon.colcon_core.environment:checking '/home/adam/Sensor-Fusion-And-Autonomous-Racing-Cars/ros_ws/install/io_context' for CMake config files
[174.897s] Level 1:colcon.colcon_core.shell:create_environment_hook('io_context', 'cmake_prefix_path')
[175.425s] INFO:colcon.colcon_core.shell:Creating environment hook '/home/adam/Sensor-Fusion-And-Autonomous-Racing-Cars/ros_ws/install/io_context/share/io_context/hook/cmake_prefix_path.ps1'
[175.428s] INFO:colcon.colcon_core.shell:Creating environment descriptor '/home/adam/Sensor-Fusion-And-Autonomous-Racing-Cars/ros_ws/install/io_context/share/io_context/hook/cmake_prefix_path.dsv'
[175.432s] INFO:colcon.colcon_core.shell:Creating environment hook '/home/adam/Sensor-Fusion-And-Autonomous-Racing-Cars/ros_ws/install/io_context/share/io_context/hook/cmake_prefix_path.sh'
[175.435s] Level 1:colcon.colcon_core.environment:checking '/home/adam/Sensor-Fusion-And-Autonomous-Racing-Cars/ros_ws/install/io_context/lib'
[175.436s] Level 1:colcon.colcon_core.shell:create_environment_hook('io_context', 'ld_library_path_lib')
[175.868s] INFO:colcon.colcon_core.shell:Creating environment hook '/home/adam/Sensor-Fusion-And-Autonomous-Racing-Cars/ros_ws/install/io_context/share/io_context/hook/ld_library_path_lib.ps1'
[175.883s] INFO:colcon.colcon_core.shell:Creating environment descriptor '/home/adam/Sensor-Fusion-And-Autonomous-Racing-Cars/ros_ws/install/io_context/share/io_context/hook/ld_library_path_lib.dsv'
[175.886s] INFO:colcon.colcon_core.shell:Creating environment hook '/home/adam/Sensor-Fusion-And-Autonomous-Racing-Cars/ros_ws/install/io_context/share/io_context/hook/ld_library_path_lib.sh'
[175.889s] Level 1:colcon.colcon_core.environment:checking '/home/adam/Sensor-Fusion-And-Autonomous-Racing-Cars/ros_ws/install/io_context/bin'
[175.890s] Level 1:colcon.colcon_core.environment:checking '/home/adam/Sensor-Fusion-And-Autonomous-Racing-Cars/ros_ws/install/io_context/lib/pkgconfig/io_context.pc'
[175.891s] Level 1:colcon.colcon_core.environment:checking '/home/adam/Sensor-Fusion-And-Autonomous-Racing-Cars/ros_ws/install/io_context/lib/python3.8/site-packages'
[175.893s] Level 1:colcon.colcon_core.environment:checking '/home/adam/Sensor-Fusion-And-Autonomous-Racing-Cars/ros_ws/install/io_context/bin'
[176.306s] INFO:colcon.colcon_core.shell:Creating package script '/home/adam/Sensor-Fusion-And-Autonomous-Racing-Cars/ros_ws/install/io_context/share/io_context/package.ps1'
[176.311s] INFO:colcon.colcon_core.shell:Creating package descriptor '/home/adam/Sensor-Fusion-And-Autonomous-Racing-Cars/ros_ws/install/io_context/share/io_context/package.dsv'
[176.316s] INFO:colcon.colcon_core.shell:Creating package script '/home/adam/Sensor-Fusion-And-Autonomous-Racing-Cars/ros_ws/install/io_context/share/io_context/package.sh'
[176.319s] INFO:colcon.colcon_core.shell:Creating package script '/home/adam/Sensor-Fusion-And-Autonomous-Racing-Cars/ros_ws/install/io_context/share/io_context/package.bash'
[176.322s] INFO:colcon.colcon_core.shell:Creating package script '/home/adam/Sensor-Fusion-And-Autonomous-Racing-Cars/ros_ws/install/io_context/share/io_context/package.zsh'
[176.328s] Level 1:colcon.colcon_core.environment:create_file_with_runtime_dependencies(/home/adam/Sensor-Fusion-And-Autonomous-Racing-Cars/ros_ws/install/io_context/share/colcon-core/packages/io_context)
[177.509s] Level 1:colcon.colcon_core.environment:create_environment_scripts_only(io_context)
[177.958s] Level 1:colcon.colcon_core.environment:checking '/home/adam/Sensor-Fusion-And-Autonomous-Racing-Cars/ros_ws/install/io_context' for CMake module files
[177.963s] Level 1:colcon.colcon_core.environment:checking '/home/adam/Sensor-Fusion-And-Autonomous-Racing-Cars/ros_ws/install/io_context' for CMake config files
[177.968s] Level 1:colcon.colcon_core.shell:create_environment_hook('io_context', 'cmake_prefix_path')
[178.358s] INFO:colcon.colcon_core.shell:Creating environment hook '/home/adam/Sensor-Fusion-And-Autonomous-Racing-Cars/ros_ws/install/io_context/share/io_context/hook/cmake_prefix_path.ps1'
[178.361s] INFO:colcon.colcon_core.shell:Creating environment descriptor '/home/adam/Sensor-Fusion-And-Autonomous-Racing-Cars/ros_ws/install/io_context/share/io_context/hook/cmake_prefix_path.dsv'
[178.365s] INFO:colcon.colcon_core.shell:Creating environment hook '/home/adam/Sensor-Fusion-And-Autonomous-Racing-Cars/ros_ws/install/io_context/share/io_context/hook/cmake_prefix_path.sh'
[178.369s] Level 1:colcon.colcon_core.environment:checking '/home/adam/Sensor-Fusion-And-Autonomous-Racing-Cars/ros_ws/install/io_context/lib'
[178.370s] Level 1:colcon.colcon_core.shell:create_environment_hook('io_context', 'ld_library_path_lib')
[178.725s] INFO:colcon.colcon_core.shell:Creating environment hook '/home/adam/Sensor-Fusion-And-Autonomous-Racing-Cars/ros_ws/install/io_context/share/io_context/hook/ld_library_path_lib.ps1'
[178.728s] INFO:colcon.colcon_core.shell:Creating environment descriptor '/home/adam/Sensor-Fusion-And-Autonomous-Racing-Cars/ros_ws/install/io_context/share/io_context/hook/ld_library_path_lib.dsv'
[178.732s] INFO:colcon.colcon_core.shell:Creating environment hook '/home/adam/Sensor-Fusion-And-Autonomous-Racing-Cars/ros_ws/install/io_context/share/io_context/hook/ld_library_path_lib.sh'
[178.735s] Level 1:colcon.colcon_core.environment:checking '/home/adam/Sensor-Fusion-And-Autonomous-Racing-Cars/ros_ws/install/io_context/bin'
[178.736s] Level 1:colcon.colcon_core.environment:checking '/home/adam/Sensor-Fusion-And-Autonomous-Racing-Cars/ros_ws/install/io_context/lib/pkgconfig/io_context.pc'
[178.737s] Level 1:colcon.colcon_core.environment:checking '/home/adam/Sensor-Fusion-And-Autonomous-Racing-Cars/ros_ws/install/io_context/lib/python3.8/site-packages'
[178.739s] Level 1:colcon.colcon_core.environment:checking '/home/adam/Sensor-Fusion-And-Autonomous-Racing-Cars/ros_ws/install/io_context/bin'
[179.065s] INFO:colcon.colcon_core.shell:Creating package script '/home/adam/Sensor-Fusion-And-Autonomous-Racing-Cars/ros_ws/install/io_context/share/io_context/package.ps1'
[179.068s] INFO:colcon.colcon_core.shell:Creating package descriptor '/home/adam/Sensor-Fusion-And-Autonomous-Racing-Cars/ros_ws/install/io_context/share/io_context/package.dsv'
[179.073s] INFO:colcon.colcon_core.shell:Creating package script '/home/adam/Sensor-Fusion-And-Autonomous-Racing-Cars/ros_ws/install/io_context/share/io_context/package.sh'
[179.076s] INFO:colcon.colcon_core.shell:Creating package script '/home/adam/Sensor-Fusion-And-Autonomous-Racing-Cars/ros_ws/install/io_context/share/io_context/package.bash'
[179.079s] INFO:colcon.colcon_core.shell:Creating package script '/home/adam/Sensor-Fusion-And-Autonomous-Racing-Cars/ros_ws/install/io_context/share/io_context/package.zsh'
[179.082s] Level 1:colcon.colcon_core.environment:create_file_with_runtime_dependencies(/home/adam/Sensor-Fusion-And-Autonomous-Racing-Cars/ros_ws/install/io_context/share/colcon-core/packages/io_context)
[179.087s] INFO:colcon.colcon_ros.task.ament_cmake.build:Building ROS package in '/home/adam/Sensor-Fusion-And-Autonomous-Racing-Cars/ros_ws/src/transport_drivers/serial_driver' with build type 'ament_cmake'
[179.089s] INFO:colcon.colcon_cmake.task.cmake.build:Building CMake package in '/home/adam/Sensor-Fusion-And-Autonomous-Racing-Cars/ros_ws/src/transport_drivers/serial_driver'
[179.483s] INFO:colcon.colcon_core.shell:Skip shell extension 'powershell' for command environment: Not usable outside of PowerShell
[179.484s] DEBUG:colcon.colcon_core.shell:Skip shell extension 'dsv' for command environment
[180.538s] DEBUG:colcon.colcon_core.event_handler.log_command:Invoking command in '/home/adam/Sensor-Fusion-And-Autonomous-Racing-Cars/ros_ws/src/arc_startup': PYTHONPATH=/home/adam/Sensor-Fusion-And-Autonomous-Racing-Cars/ros_ws/build/arc_startup/prefix_override:/home/adam/Sensor-Fusion-And-Autonomous-Racing-Cars/ros_ws/install/arc_startup/lib/python3.8/site-packages:${PYTHONPATH} /usr/bin/python3 setup.py egg_info --egg-base ../../build/arc_startup build --build-base /home/adam/Sensor-Fusion-And-Autonomous-Racing-Cars/ros_ws/build/arc_startup/build install --record /home/adam/Sensor-Fusion-And-Autonomous-Racing-Cars/ros_ws/build/arc_startup/install.log --install-scripts $base/lib/arc_startup --single-version-externally-managed
[180.611s] DEBUG:colcon.colcon_core.event_handler.log_command:Invoking command in '/home/adam/Sensor-Fusion-And-Autonomous-Racing-Cars/ros_ws/build/serial_driver': CMAKE_PREFIX_PATH=/home/adam/Sensor-Fusion-And-Autonomous-Racing-Cars/ros_ws/install/io_context:/home/adam/Sensor-Fusion-And-Autonomous-Racing-Cars/ros_ws/install/asio_cmake_module:/home/adam/Sensor-Fusion-And-Autonomous-Racing-Cars/ros_ws/install/vesc:/home/adam/Sensor-Fusion-And-Autonomous-Racing-Cars/ros_ws/install/vesc_driver:/home/adam/Sensor-Fusion-And-Autonomous-Racing-Cars/ros_ws/install/vesc_ackermann:/home/adam/Sensor-Fusion-And-Autonomous-Racing-Cars/ros_ws/install/vesc_msgs:/home/adam/Sensor-Fusion-And-Autonomous-Racing-Cars/ros_ws/install/v4l2_camera:/home/adam/Sensor-Fusion-And-Autonomous-Racing-Cars/ros_ws/install/udp_driver:/home/adam/Sensor-Fusion-And-Autonomous-Racing-Cars/ros_ws/install/image_transport_plugins:/home/adam/Sensor-Fusion-And-Autonomous-Racing-Cars/ros_ws/install/theora_image_transport:/home/adam/Sensor-Fusion-And-Autonomous-Racing-Cars/ros_ws/install/serial_driver:/home/adam/Sensor-Fusion-And-Autonomous-Racing-Cars/ros_ws/install/ldlidar_ros2:/home/adam/Sensor-Fusion-And-Autonomous-Racing-Cars/ros_ws/install/compressed_image_transport:/home/adam/Sensor-Fusion-And-Autonomous-Racing-Cars/ros_ws/install/compressed_depth_image_transport:/home/adam/Sensor-Fusion-And-Autonomous-Racing-Cars/ros_ws/src/install/arc_autonomous_ctrl:/home/adam/Sensor-Fusion-And-Autonomous-Racing-Cars/ros_ws/install/steering_test_pkg:/home/adam/Sensor-Fusion-And-Autonomous-Racing-Cars/ros_ws/install/servo_controller:/home/adam/Sensor-Fusion-And-Autonomous-Racing-Cars/ros_ws/install/motor_controller:/home/adam/Sensor-Fusion-And-Autonomous-Racing-Cars/ros_ws/install/camera_sensor:/home/adam/Sensor-Fusion-And-Autonomous-Racing-Cars/ros_ws/install/arc_startup:/home/adam/Sensor-Fusion-And-Autonomous-Racing-Cars/ros_ws/install/arc_keyboard_control:/home/adam/Sensor-Fusion-And-Autonomous-Racing-Cars/ros_ws/install/arc_autonomous_ctrl:/opt/ros/foxy LD_LIBRARY_PATH=/home/adam/Sensor-Fusion-And-Autonomous-Racing-Cars/ros_ws/install/io_context/lib:/home/adam/Sensor-Fusion-And-Autonomous-Racing-Cars/ros_ws/install/vesc_driver/lib:/home/adam/Sensor-Fusion-And-Autonomous-Racing-Cars/ros_ws/install/vesc_ackermann/lib:/home/adam/Sensor-Fusion-And-Autonomous-Racing-Cars/ros_ws/install/vesc_msgs/lib:/home/adam/Sensor-Fusion-And-Autonomous-Racing-Cars/ros_ws/install/v4l2_camera/lib:/home/adam/Sensor-Fusion-And-Autonomous-Racing-Cars/ros_ws/install/udp_driver/lib:/home/adam/Sensor-Fusion-And-Autonomous-Racing-Cars/ros_ws/install/theora_image_transport/lib:/home/adam/Sensor-Fusion-And-Autonomous-Racing-Cars/ros_ws/install/serial_driver/lib:/home/adam/Sensor-Fusion-And-Autonomous-Racing-Cars/ros_ws/install/compressed_image_transport/lib:/home/adam/Sensor-Fusion-And-Autonomous-Racing-Cars/ros_ws/install/compressed_depth_image_transport/lib:/opt/ros/foxy/opt/yaml_cpp_vendor/lib:/opt/ros/foxy/opt/rviz_ogre_vendor/lib:/opt/ros/foxy/lib/aarch64-linux-gnu:/opt/ros/foxy/lib /usr/bin/cmake /home/adam/Sensor-Fusion-And-Autonomous-Racing-Cars/ros_ws/src/transport_drivers/serial_driver -DCMAKE_INSTALL_PREFIX=/home/adam/Sensor-Fusion-And-Autonomous-Racing-Cars/ros_ws/install/serial_driver
[183.772s] DEBUG:colcon.colcon_core.event_handler.log_command:Invoked command in '/home/adam/Sensor-Fusion-And-Autonomous-Racing-Cars/ros_ws/src/arc_startup' returned '0': PYTHONPATH=/home/adam/Sensor-Fusion-And-Autonomous-Racing-Cars/ros_ws/build/arc_startup/prefix_override:/home/adam/Sensor-Fusion-And-Autonomous-Racing-Cars/ros_ws/install/arc_startup/lib/python3.8/site-packages:${PYTHONPATH} /usr/bin/python3 setup.py egg_info --egg-base ../../build/arc_startup build --build-base /home/adam/Sensor-Fusion-And-Autonomous-Racing-Cars/ros_ws/build/arc_startup/build install --record /home/adam/Sensor-Fusion-And-Autonomous-Racing-Cars/ros_ws/build/arc_startup/install.log --install-scripts $base/lib/arc_startup --single-version-externally-managed
[184.318s] Level 1:colcon.colcon_core.environment:checking '/home/adam/Sensor-Fusion-And-Autonomous-Racing-Cars/ros_ws/install/arc_startup' for CMake module files
[184.323s] Level 1:colcon.colcon_core.environment:checking '/home/adam/Sensor-Fusion-And-Autonomous-Racing-Cars/ros_ws/install/arc_startup' for CMake config files
[184.349s] Level 1:colcon.colcon_core.environment:checking '/home/adam/Sensor-Fusion-And-Autonomous-Racing-Cars/ros_ws/install/arc_startup/lib'
[184.350s] Level 1:colcon.colcon_core.environment:checking '/home/adam/Sensor-Fusion-And-Autonomous-Racing-Cars/ros_ws/install/arc_startup/bin'
[184.351s] Level 1:colcon.colcon_core.environment:checking '/home/adam/Sensor-Fusion-And-Autonomous-Racing-Cars/ros_ws/install/arc_startup/lib/pkgconfig/arc_startup.pc'
[184.353s] Level 1:colcon.colcon_core.environment:checking '/home/adam/Sensor-Fusion-And-Autonomous-Racing-Cars/ros_ws/install/arc_startup/lib/python3.8/site-packages'
[184.354s] Level 1:colcon.colcon_core.shell:create_environment_hook('arc_startup', 'pythonpath')
[184.935s] INFO:colcon.colcon_core.shell:Creating environment hook '/home/adam/Sensor-Fusion-And-Autonomous-Racing-Cars/ros_ws/install/arc_startup/share/arc_startup/hook/pythonpath.ps1'
[184.939s] INFO:colcon.colcon_core.shell:Creating environment descriptor '/home/adam/Sensor-Fusion-And-Autonomous-Racing-Cars/ros_ws/install/arc_startup/share/arc_startup/hook/pythonpath.dsv'
[184.945s] INFO:colcon.colcon_core.shell:Creating environment hook '/home/adam/Sensor-Fusion-And-Autonomous-Racing-Cars/ros_ws/install/arc_startup/share/arc_startup/hook/pythonpath.sh'
[184.950s] Level 1:colcon.colcon_core.environment:checking '/home/adam/Sensor-Fusion-And-Autonomous-Racing-Cars/ros_ws/install/arc_startup/bin'
[184.952s] Level 1:colcon.colcon_core.environment:create_environment_scripts_only(arc_startup)
[185.505s] INFO:colcon.colcon_core.shell:Creating package script '/home/adam/Sensor-Fusion-And-Autonomous-Racing-Cars/ros_ws/install/arc_startup/share/arc_startup/package.ps1'
[185.509s] INFO:colcon.colcon_core.shell:Creating package descriptor '/home/adam/Sensor-Fusion-And-Autonomous-Racing-Cars/ros_ws/install/arc_startup/share/arc_startup/package.dsv'
[185.513s] INFO:colcon.colcon_core.shell:Creating package script '/home/adam/Sensor-Fusion-And-Autonomous-Racing-Cars/ros_ws/install/arc_startup/share/arc_startup/package.sh'
[185.518s] INFO:colcon.colcon_core.shell:Creating package script '/home/adam/Sensor-Fusion-And-Autonomous-Racing-Cars/ros_ws/install/arc_startup/share/arc_startup/package.bash'
[185.525s] INFO:colcon.colcon_core.shell:Creating package script '/home/adam/Sensor-Fusion-And-Autonomous-Racing-Cars/ros_ws/install/arc_startup/share/arc_startup/package.zsh'
[185.533s] Level 1:colcon.colcon_core.environment:create_file_with_runtime_dependencies(/home/adam/Sensor-Fusion-And-Autonomous-Racing-Cars/ros_ws/install/arc_startup/share/colcon-core/packages/arc_startup)
[185.538s] INFO:colcon.colcon_ros.task.ament_python.build:Building ROS package in '/home/adam/Sensor-Fusion-And-Autonomous-Racing-Cars/ros_ws/src/camera_sensor' with build type 'ament_python'
[185.540s] Level 1:colcon.colcon_core.shell:create_environment_hook('camera_sensor', 'ament_prefix_path')
[186.043s] INFO:colcon.colcon_core.shell:Creating environment hook '/home/adam/Sensor-Fusion-And-Autonomous-Racing-Cars/ros_ws/install/camera_sensor/share/camera_sensor/hook/ament_prefix_path.ps1'
[186.046s] INFO:colcon.colcon_core.shell:Creating environment descriptor '/home/adam/Sensor-Fusion-And-Autonomous-Racing-Cars/ros_ws/install/camera_sensor/share/camera_sensor/hook/ament_prefix_path.dsv'
[186.048s] INFO:colcon.colcon_core.shell:Creating environment hook '/home/adam/Sensor-Fusion-And-Autonomous-Racing-Cars/ros_ws/install/camera_sensor/share/camera_sensor/hook/ament_prefix_path.sh'
[186.517s] INFO:colcon.colcon_core.shell:Skip shell extension 'powershell' for command environment: Not usable outside of PowerShell
[186.518s] DEBUG:colcon.colcon_core.shell:Skip shell extension 'dsv' for command environment
[190.448s] INFO:colcon.colcon_core.task.python.build:Building Python package in '/home/adam/Sensor-Fusion-And-Autonomous-Racing-Cars/ros_ws/src/camera_sensor'
[191.016s] INFO:colcon.colcon_core.shell:Skip shell extension 'powershell' for command environment: Not usable outside of PowerShell
[191.017s] DEBUG:colcon.colcon_core.shell:Skip shell extension 'dsv' for command environment
[192.349s] DEBUG:colcon.colcon_core.event_handler.log_command:Invoked command in '/home/adam/Sensor-Fusion-And-Autonomous-Racing-Cars/ros_ws/build/vesc_msgs' returned '0': CMAKE_PREFIX_PATH=${CMAKE_PREFIX_PATH}:/home/adam/Sensor-Fusion-And-Autonomous-Racing-Cars/ros_ws/src/install/arc_autonomous_ctrl:/home/adam/Sensor-Fusion-And-Autonomous-Racing-Cars/ros_ws/install/steering_test_pkg:/home/adam/Sensor-Fusion-And-Autonomous-Racing-Cars/ros_ws/install/servo_controller:/home/adam/Sensor-Fusion-And-Autonomous-Racing-Cars/ros_ws/install/motor_controller:/home/adam/Sensor-Fusion-And-Autonomous-Racing-Cars/ros_ws/install/camera_sensor:/home/adam/Sensor-Fusion-And-Autonomous-Racing-Cars/ros_ws/install/arc_startup:/home/adam/Sensor-Fusion-And-Autonomous-Racing-Cars/ros_ws/install/arc_keyboard_control:/home/adam/Sensor-Fusion-And-Autonomous-Racing-Cars/ros_ws/install/arc_autonomous_ctrl:/opt/ros/foxy /usr/bin/cmake --build /home/adam/Sensor-Fusion-And-Autonomous-Racing-Cars/ros_ws/build/vesc_msgs -- -j4 -l4
[195.252s] DEBUG:colcon.colcon_core.event_handler.log_command:Invoking command in '/home/adam/Sensor-Fusion-And-Autonomous-Racing-Cars/ros_ws/build/vesc_msgs': CMAKE_PREFIX_PATH=${CMAKE_PREFIX_PATH}:/home/adam/Sensor-Fusion-And-Autonomous-Racing-Cars/ros_ws/src/install/arc_autonomous_ctrl:/home/adam/Sensor-Fusion-And-Autonomous-Racing-Cars/ros_ws/install/steering_test_pkg:/home/adam/Sensor-Fusion-And-Autonomous-Racing-Cars/ros_ws/install/servo_controller:/home/adam/Sensor-Fusion-And-Autonomous-Racing-Cars/ros_ws/install/motor_controller:/home/adam/Sensor-Fusion-And-Autonomous-Racing-Cars/ros_ws/install/camera_sensor:/home/adam/Sensor-Fusion-And-Autonomous-Racing-Cars/ros_ws/install/arc_startup:/home/adam/Sensor-Fusion-And-Autonomous-Racing-Cars/ros_ws/install/arc_keyboard_control:/home/adam/Sensor-Fusion-And-Autonomous-Racing-Cars/ros_ws/install/arc_autonomous_ctrl:/opt/ros/foxy /usr/bin/cmake --install /home/adam/Sensor-Fusion-And-Autonomous-Racing-Cars/ros_ws/build/vesc_msgs
[195.709s] DEBUG:colcon.colcon_core.event_handler.log_command:Invoking command in '/home/adam/Sensor-Fusion-And-Autonomous-Racing-Cars/ros_ws/src/camera_sensor': PYTHONPATH=/home/adam/Sensor-Fusion-And-Autonomous-Racing-Cars/ros_ws/build/camera_sensor/prefix_override:/home/adam/Sensor-Fusion-And-Autonomous-Racing-Cars/ros_ws/install/camera_sensor/lib/python3.8/site-packages:${PYTHONPATH} /usr/bin/python3 setup.py egg_info --egg-base ../../build/camera_sensor build --build-base /home/adam/Sensor-Fusion-And-Autonomous-Racing-Cars/ros_ws/build/camera_sensor/build install --record /home/adam/Sensor-Fusion-And-Autonomous-Racing-Cars/ros_ws/build/camera_sensor/install.log --install-scripts $base/lib/camera_sensor --single-version-externally-managed
[196.576s] Level 1:colcon.colcon_core.environment:create_environment_scripts_only(vesc_msgs)
[196.582s] DEBUG:colcon.colcon_core.event_handler.log_command:Invoked command in '/home/adam/Sensor-Fusion-And-Autonomous-Racing-Cars/ros_ws/build/vesc_msgs' returned '0': CMAKE_PREFIX_PATH=${CMAKE_PREFIX_PATH}:/home/adam/Sensor-Fusion-And-Autonomous-Racing-Cars/ros_ws/src/install/arc_autonomous_ctrl:/home/adam/Sensor-Fusion-And-Autonomous-Racing-Cars/ros_ws/install/steering_test_pkg:/home/adam/Sensor-Fusion-And-Autonomous-Racing-Cars/ros_ws/install/servo_controller:/home/adam/Sensor-Fusion-And-Autonomous-Racing-Cars/ros_ws/install/motor_controller:/home/adam/Sensor-Fusion-And-Autonomous-Racing-Cars/ros_ws/install/camera_sensor:/home/adam/Sensor-Fusion-And-Autonomous-Racing-Cars/ros_ws/install/arc_startup:/home/adam/Sensor-Fusion-And-Autonomous-Racing-Cars/ros_ws/install/arc_keyboard_control:/home/adam/Sensor-Fusion-And-Autonomous-Racing-Cars/ros_ws/install/arc_autonomous_ctrl:/opt/ros/foxy /usr/bin/cmake --install /home/adam/Sensor-Fusion-And-Autonomous-Racing-Cars/ros_ws/build/vesc_msgs
[197.014s] Level 1:colcon.colcon_core.environment:checking '/home/adam/Sensor-Fusion-And-Autonomous-Racing-Cars/ros_ws/install/vesc_msgs' for CMake module files
[197.023s] Level 1:colcon.colcon_core.environment:checking '/home/adam/Sensor-Fusion-And-Autonomous-Racing-Cars/ros_ws/install/vesc_msgs' for CMake config files
[197.031s] Level 1:colcon.colcon_core.shell:create_environment_hook('vesc_msgs', 'cmake_prefix_path')
[197.566s] INFO:colcon.colcon_core.shell:Creating environment hook '/home/adam/Sensor-Fusion-And-Autonomous-Racing-Cars/ros_ws/install/vesc_msgs/share/vesc_msgs/hook/cmake_prefix_path.ps1'
[197.571s] INFO:colcon.colcon_core.shell:Creating environment descriptor '/home/adam/Sensor-Fusion-And-Autonomous-Racing-Cars/ros_ws/install/vesc_msgs/share/vesc_msgs/hook/cmake_prefix_path.dsv'
[197.574s] INFO:colcon.colcon_core.shell:Creating environment hook '/home/adam/Sensor-Fusion-And-Autonomous-Racing-Cars/ros_ws/install/vesc_msgs/share/vesc_msgs/hook/cmake_prefix_path.sh'
[197.580s] Level 1:colcon.colcon_core.environment:checking '/home/adam/Sensor-Fusion-And-Autonomous-Racing-Cars/ros_ws/install/vesc_msgs/lib'
[197.581s] Level 1:colcon.colcon_core.shell:create_environment_hook('vesc_msgs', 'ld_library_path_lib')
[198.122s] INFO:colcon.colcon_core.shell:Creating environment hook '/home/adam/Sensor-Fusion-And-Autonomous-Racing-Cars/ros_ws/install/vesc_msgs/share/vesc_msgs/hook/ld_library_path_lib.ps1'
[198.125s] INFO:colcon.colcon_core.shell:Creating environment descriptor '/home/adam/Sensor-Fusion-And-Autonomous-Racing-Cars/ros_ws/install/vesc_msgs/share/vesc_msgs/hook/ld_library_path_lib.dsv'
[198.129s] INFO:colcon.colcon_core.shell:Creating environment hook '/home/adam/Sensor-Fusion-And-Autonomous-Racing-Cars/ros_ws/install/vesc_msgs/share/vesc_msgs/hook/ld_library_path_lib.sh'
[198.132s] Level 1:colcon.colcon_core.environment:checking '/home/adam/Sensor-Fusion-And-Autonomous-Racing-Cars/ros_ws/install/vesc_msgs/bin'
[198.133s] Level 1:colcon.colcon_core.environment:checking '/home/adam/Sensor-Fusion-And-Autonomous-Racing-Cars/ros_ws/install/vesc_msgs/lib/pkgconfig/vesc_msgs.pc'
[198.134s] Level 1:colcon.colcon_core.environment:checking '/home/adam/Sensor-Fusion-And-Autonomous-Racing-Cars/ros_ws/install/vesc_msgs/lib/python3.8/site-packages'
[198.135s] Level 1:colcon.colcon_core.shell:create_environment_hook('vesc_msgs', 'pythonpath')
[198.683s] INFO:colcon.colcon_core.shell:Creating environment hook '/home/adam/Sensor-Fusion-And-Autonomous-Racing-Cars/ros_ws/install/vesc_msgs/share/vesc_msgs/hook/pythonpath.ps1'
[198.685s] INFO:colcon.colcon_core.shell:Creating environment descriptor '/home/adam/Sensor-Fusion-And-Autonomous-Racing-Cars/ros_ws/install/vesc_msgs/share/vesc_msgs/hook/pythonpath.dsv'
[198.688s] INFO:colcon.colcon_core.shell:Creating environment hook '/home/adam/Sensor-Fusion-And-Autonomous-Racing-Cars/ros_ws/install/vesc_msgs/share/vesc_msgs/hook/pythonpath.sh'
[198.692s] Level 1:colcon.colcon_core.environment:checking '/home/adam/Sensor-Fusion-And-Autonomous-Racing-Cars/ros_ws/install/vesc_msgs/bin'
[199.013s] INFO:colcon.colcon_core.shell:Creating package script '/home/adam/Sensor-Fusion-And-Autonomous-Racing-Cars/ros_ws/install/vesc_msgs/share/vesc_msgs/package.ps1'
[199.016s] INFO:colcon.colcon_core.shell:Creating package descriptor '/home/adam/Sensor-Fusion-And-Autonomous-Racing-Cars/ros_ws/install/vesc_msgs/share/vesc_msgs/package.dsv'
[199.019s] INFO:colcon.colcon_core.shell:Creating package script '/home/adam/Sensor-Fusion-And-Autonomous-Racing-Cars/ros_ws/install/vesc_msgs/share/vesc_msgs/package.sh'
[199.023s] INFO:colcon.colcon_core.shell:Creating package script '/home/adam/Sensor-Fusion-And-Autonomous-Racing-Cars/ros_ws/install/vesc_msgs/share/vesc_msgs/package.bash'
[199.026s] INFO:colcon.colcon_core.shell:Creating package script '/home/adam/Sensor-Fusion-And-Autonomous-Racing-Cars/ros_ws/install/vesc_msgs/share/vesc_msgs/package.zsh'
[199.028s] Level 1:colcon.colcon_core.environment:create_file_with_runtime_dependencies(/home/adam/Sensor-Fusion-And-Autonomous-Racing-Cars/ros_ws/install/vesc_msgs/share/colcon-core/packages/vesc_msgs)
[199.063s] DEBUG:colcon.colcon_core.event_handler.log_command:Invoked command in '/home/adam/Sensor-Fusion-And-Autonomous-Racing-Cars/ros_ws/src/camera_sensor' returned '0': PYTHONPATH=/home/adam/Sensor-Fusion-And-Autonomous-Racing-Cars/ros_ws/build/camera_sensor/prefix_override:/home/adam/Sensor-Fusion-And-Autonomous-Racing-Cars/ros_ws/install/camera_sensor/lib/python3.8/site-packages:${PYTHONPATH} /usr/bin/python3 setup.py egg_info --egg-base ../../build/camera_sensor build --build-base /home/adam/Sensor-Fusion-And-Autonomous-Racing-Cars/ros_ws/build/camera_sensor/build install --record /home/adam/Sensor-Fusion-And-Autonomous-Racing-Cars/ros_ws/build/camera_sensor/install.log --install-scripts $base/lib/camera_sensor --single-version-externally-managed
[199.418s] Level 1:colcon.colcon_core.environment:checking '/home/adam/Sensor-Fusion-And-Autonomous-Racing-Cars/ros_ws/install/camera_sensor' for CMake module files
[199.422s] Level 1:colcon.colcon_core.environment:checking '/home/adam/Sensor-Fusion-And-Autonomous-Racing-Cars/ros_ws/install/camera_sensor' for CMake config files
[199.438s] Level 1:colcon.colcon_core.environment:checking '/home/adam/Sensor-Fusion-And-Autonomous-Racing-Cars/ros_ws/install/camera_sensor/lib'
[199.440s] Level 1:colcon.colcon_core.environment:checking '/home/adam/Sensor-Fusion-And-Autonomous-Racing-Cars/ros_ws/install/camera_sensor/bin'
[199.441s] Level 1:colcon.colcon_core.environment:checking '/home/adam/Sensor-Fusion-And-Autonomous-Racing-Cars/ros_ws/install/camera_sensor/lib/pkgconfig/camera_sensor.pc'
[199.443s] Level 1:colcon.colcon_core.environment:checking '/home/adam/Sensor-Fusion-And-Autonomous-Racing-Cars/ros_ws/install/camera_sensor/lib/python3.8/site-packages'
[199.444s] Level 1:colcon.colcon_core.shell:create_environment_hook('camera_sensor', 'pythonpath')
[199.855s] INFO:colcon.colcon_core.shell:Creating environment hook '/home/adam/Sensor-Fusion-And-Autonomous-Racing-Cars/ros_ws/install/camera_sensor/share/camera_sensor/hook/pythonpath.ps1'
[199.859s] INFO:colcon.colcon_core.shell:Creating environment descriptor '/home/adam/Sensor-Fusion-And-Autonomous-Racing-Cars/ros_ws/install/camera_sensor/share/camera_sensor/hook/pythonpath.dsv'
[199.862s] INFO:colcon.colcon_core.shell:Creating environment hook '/home/adam/Sensor-Fusion-And-Autonomous-Racing-Cars/ros_ws/install/camera_sensor/share/camera_sensor/hook/pythonpath.sh'
[199.869s] Level 1:colcon.colcon_core.environment:checking '/home/adam/Sensor-Fusion-And-Autonomous-Racing-Cars/ros_ws/install/camera_sensor/bin'
[199.871s] Level 1:colcon.colcon_core.environment:create_environment_scripts_only(camera_sensor)
[200.217s] INFO:colcon.colcon_core.shell:Creating package script '/home/adam/Sensor-Fusion-And-Autonomous-Racing-Cars/ros_ws/install/camera_sensor/share/camera_sensor/package.ps1'
[200.221s] INFO:colcon.colcon_core.shell:Creating package descriptor '/home/adam/Sensor-Fusion-And-Autonomous-Racing-Cars/ros_ws/install/camera_sensor/share/camera_sensor/package.dsv'
[200.224s] INFO:colcon.colcon_core.shell:Creating package script '/home/adam/Sensor-Fusion-And-Autonomous-Racing-Cars/ros_ws/install/camera_sensor/share/camera_sensor/package.sh'
[200.229s] INFO:colcon.colcon_core.shell:Creating package script '/home/adam/Sensor-Fusion-And-Autonomous-Racing-Cars/ros_ws/install/camera_sensor/share/camera_sensor/package.bash'
[200.231s] INFO:colcon.colcon_core.shell:Creating package script '/home/adam/Sensor-Fusion-And-Autonomous-Racing-Cars/ros_ws/install/camera_sensor/share/camera_sensor/package.zsh'
[200.234s] Level 1:colcon.colcon_core.environment:create_file_with_runtime_dependencies(/home/adam/Sensor-Fusion-And-Autonomous-Racing-Cars/ros_ws/install/camera_sensor/share/colcon-core/packages/camera_sensor)
[200.240s] INFO:colcon.colcon_ros.task.ament_cmake.build:Building ROS package in '/home/adam/Sensor-Fusion-And-Autonomous-Racing-Cars/ros_ws/src/ldlidar_ros2' with build type 'ament_cmake'
[200.243s] INFO:colcon.colcon_cmake.task.cmake.build:Building CMake package in '/home/adam/Sensor-Fusion-And-Autonomous-Racing-Cars/ros_ws/src/ldlidar_ros2'
[200.616s] INFO:colcon.colcon_core.shell:Skip shell extension 'powershell' for command environment: Not usable outside of PowerShell
[200.616s] DEBUG:colcon.colcon_core.shell:Skip shell extension 'dsv' for command environment
[202.282s] Level 1:colcon.colcon_core.environment:create_environment_scripts_only(vesc_msgs)
[202.549s] Level 1:colcon.colcon_core.environment:checking '/home/adam/Sensor-Fusion-And-Autonomous-Racing-Cars/ros_ws/install/vesc_msgs' for CMake module files
[202.554s] Level 1:colcon.colcon_core.environment:checking '/home/adam/Sensor-Fusion-And-Autonomous-Racing-Cars/ros_ws/install/vesc_msgs' for CMake config files
[202.558s] Level 1:colcon.colcon_core.shell:create_environment_hook('vesc_msgs', 'cmake_prefix_path')
[202.867s] INFO:colcon.colcon_core.shell:Creating environment hook '/home/adam/Sensor-Fusion-And-Autonomous-Racing-Cars/ros_ws/install/vesc_msgs/share/vesc_msgs/hook/cmake_prefix_path.ps1'
[202.870s] INFO:colcon.colcon_core.shell:Creating environment descriptor '/home/adam/Sensor-Fusion-And-Autonomous-Racing-Cars/ros_ws/install/vesc_msgs/share/vesc_msgs/hook/cmake_prefix_path.dsv'
[202.873s] INFO:colcon.colcon_core.shell:Creating environment hook '/home/adam/Sensor-Fusion-And-Autonomous-Racing-Cars/ros_ws/install/vesc_msgs/share/vesc_msgs/hook/cmake_prefix_path.sh'
[202.877s] Level 1:colcon.colcon_core.environment:checking '/home/adam/Sensor-Fusion-And-Autonomous-Racing-Cars/ros_ws/install/vesc_msgs/lib'
[202.878s] Level 1:colcon.colcon_core.shell:create_environment_hook('vesc_msgs', 'ld_library_path_lib')
[203.188s] INFO:colcon.colcon_core.shell:Creating environment hook '/home/adam/Sensor-Fusion-And-Autonomous-Racing-Cars/ros_ws/install/vesc_msgs/share/vesc_msgs/hook/ld_library_path_lib.ps1'
[203.192s] INFO:colcon.colcon_core.shell:Creating environment descriptor '/home/adam/Sensor-Fusion-And-Autonomous-Racing-Cars/ros_ws/install/vesc_msgs/share/vesc_msgs/hook/ld_library_path_lib.dsv'
[203.194s] INFO:colcon.colcon_core.shell:Creating environment hook '/home/adam/Sensor-Fusion-And-Autonomous-Racing-Cars/ros_ws/install/vesc_msgs/share/vesc_msgs/hook/ld_library_path_lib.sh'
[203.197s] Level 1:colcon.colcon_core.environment:checking '/home/adam/Sensor-Fusion-And-Autonomous-Racing-Cars/ros_ws/install/vesc_msgs/bin'
[203.198s] Level 1:colcon.colcon_core.environment:checking '/home/adam/Sensor-Fusion-And-Autonomous-Racing-Cars/ros_ws/install/vesc_msgs/lib/pkgconfig/vesc_msgs.pc'
[203.199s] Level 1:colcon.colcon_core.environment:checking '/home/adam/Sensor-Fusion-And-Autonomous-Racing-Cars/ros_ws/install/vesc_msgs/lib/python3.8/site-packages'
[203.199s] Level 1:colcon.colcon_core.shell:create_environment_hook('vesc_msgs', 'pythonpath')
[203.521s] INFO:colcon.colcon_core.shell:Creating environment hook '/home/adam/Sensor-Fusion-And-Autonomous-Racing-Cars/ros_ws/install/vesc_msgs/share/vesc_msgs/hook/pythonpath.ps1'
[203.525s] INFO:colcon.colcon_core.shell:Creating environment descriptor '/home/adam/Sensor-Fusion-And-Autonomous-Racing-Cars/ros_ws/install/vesc_msgs/share/vesc_msgs/hook/pythonpath.dsv'
[203.529s] INFO:colcon.colcon_core.shell:Creating environment hook '/home/adam/Sensor-Fusion-And-Autonomous-Racing-Cars/ros_ws/install/vesc_msgs/share/vesc_msgs/hook/pythonpath.sh'
[203.533s] Level 1:colcon.colcon_core.environment:checking '/home/adam/Sensor-Fusion-And-Autonomous-Racing-Cars/ros_ws/install/vesc_msgs/bin'
[203.851s] INFO:colcon.colcon_core.shell:Creating package script '/home/adam/Sensor-Fusion-And-Autonomous-Racing-Cars/ros_ws/install/vesc_msgs/share/vesc_msgs/package.ps1'
[203.856s] INFO:colcon.colcon_core.shell:Creating package descriptor '/home/adam/Sensor-Fusion-And-Autonomous-Racing-Cars/ros_ws/install/vesc_msgs/share/vesc_msgs/package.dsv'
[203.860s] INFO:colcon.colcon_core.shell:Creating package script '/home/adam/Sensor-Fusion-And-Autonomous-Racing-Cars/ros_ws/install/vesc_msgs/share/vesc_msgs/package.sh'
[203.863s] INFO:colcon.colcon_core.shell:Creating package script '/home/adam/Sensor-Fusion-And-Autonomous-Racing-Cars/ros_ws/install/vesc_msgs/share/vesc_msgs/package.bash'
[203.867s] INFO:colcon.colcon_core.shell:Creating package script '/home/adam/Sensor-Fusion-And-Autonomous-Racing-Cars/ros_ws/install/vesc_msgs/share/vesc_msgs/package.zsh'
[203.870s] Level 1:colcon.colcon_core.environment:create_file_with_runtime_dependencies(/home/adam/Sensor-Fusion-And-Autonomous-Racing-Cars/ros_ws/install/vesc_msgs/share/colcon-core/packages/vesc_msgs)
[203.876s] INFO:colcon.colcon_ros.task.ament_cmake.build:Building ROS package in '/home/adam/Sensor-Fusion-And-Autonomous-Racing-Cars/ros_ws/src/vesc_driver/vesc_ackermann' with build type 'ament_cmake'
[203.879s] INFO:colcon.colcon_cmake.task.cmake.build:Building CMake package in '/home/adam/Sensor-Fusion-And-Autonomous-Racing-Cars/ros_ws/src/vesc_driver/vesc_ackermann'
[204.191s] INFO:colcon.colcon_core.shell:Skip shell extension 'powershell' for command environment: Not usable outside of PowerShell
[204.192s] DEBUG:colcon.colcon_core.shell:Skip shell extension 'dsv' for command environment
[205.254s] DEBUG:colcon.colcon_core.event_handler.log_command:Invoked command in '/home/adam/Sensor-Fusion-And-Autonomous-Racing-Cars/ros_ws/build/serial_driver' returned '0': CMAKE_PREFIX_PATH=/home/adam/Sensor-Fusion-And-Autonomous-Racing-Cars/ros_ws/install/io_context:/home/adam/Sensor-Fusion-And-Autonomous-Racing-Cars/ros_ws/install/asio_cmake_module:/home/adam/Sensor-Fusion-And-Autonomous-Racing-Cars/ros_ws/install/vesc:/home/adam/Sensor-Fusion-And-Autonomous-Racing-Cars/ros_ws/install/vesc_driver:/home/adam/Sensor-Fusion-And-Autonomous-Racing-Cars/ros_ws/install/vesc_ackermann:/home/adam/Sensor-Fusion-And-Autonomous-Racing-Cars/ros_ws/install/vesc_msgs:/home/adam/Sensor-Fusion-And-Autonomous-Racing-Cars/ros_ws/install/v4l2_camera:/home/adam/Sensor-Fusion-And-Autonomous-Racing-Cars/ros_ws/install/udp_driver:/home/adam/Sensor-Fusion-And-Autonomous-Racing-Cars/ros_ws/install/image_transport_plugins:/home/adam/Sensor-Fusion-And-Autonomous-Racing-Cars/ros_ws/install/theora_image_transport:/home/adam/Sensor-Fusion-And-Autonomous-Racing-Cars/ros_ws/install/serial_driver:/home/adam/Sensor-Fusion-And-Autonomous-Racing-Cars/ros_ws/install/ldlidar_ros2:/home/adam/Sensor-Fusion-And-Autonomous-Racing-Cars/ros_ws/install/compressed_image_transport:/home/adam/Sensor-Fusion-And-Autonomous-Racing-Cars/ros_ws/install/compressed_depth_image_transport:/home/adam/Sensor-Fusion-And-Autonomous-Racing-Cars/ros_ws/src/install/arc_autonomous_ctrl:/home/adam/Sensor-Fusion-And-Autonomous-Racing-Cars/ros_ws/install/steering_test_pkg:/home/adam/Sensor-Fusion-And-Autonomous-Racing-Cars/ros_ws/install/servo_controller:/home/adam/Sensor-Fusion-And-Autonomous-Racing-Cars/ros_ws/install/motor_controller:/home/adam/Sensor-Fusion-And-Autonomous-Racing-Cars/ros_ws/install/camera_sensor:/home/adam/Sensor-Fusion-And-Autonomous-Racing-Cars/ros_ws/install/arc_startup:/home/adam/Sensor-Fusion-And-Autonomous-Racing-Cars/ros_ws/install/arc_keyboard_control:/home/adam/Sensor-Fusion-And-Autonomous-Racing-Cars/ros_ws/install/arc_autonomous_ctrl:/opt/ros/foxy LD_LIBRARY_PATH=/home/adam/Sensor-Fusion-And-Autonomous-Racing-Cars/ros_ws/install/io_context/lib:/home/adam/Sensor-Fusion-And-Autonomous-Racing-Cars/ros_ws/install/vesc_driver/lib:/home/adam/Sensor-Fusion-And-Autonomous-Racing-Cars/ros_ws/install/vesc_ackermann/lib:/home/adam/Sensor-Fusion-And-Autonomous-Racing-Cars/ros_ws/install/vesc_msgs/lib:/home/adam/Sensor-Fusion-And-Autonomous-Racing-Cars/ros_ws/install/v4l2_camera/lib:/home/adam/Sensor-Fusion-And-Autonomous-Racing-Cars/ros_ws/install/udp_driver/lib:/home/adam/Sensor-Fusion-And-Autonomous-Racing-Cars/ros_ws/install/theora_image_transport/lib:/home/adam/Sensor-Fusion-And-Autonomous-Racing-Cars/ros_ws/install/serial_driver/lib:/home/adam/Sensor-Fusion-And-Autonomous-Racing-Cars/ros_ws/install/compressed_image_transport/lib:/home/adam/Sensor-Fusion-And-Autonomous-Racing-Cars/ros_ws/install/compressed_depth_image_transport/lib:/opt/ros/foxy/opt/yaml_cpp_vendor/lib:/opt/ros/foxy/opt/rviz_ogre_vendor/lib:/opt/ros/foxy/lib/aarch64-linux-gnu:/opt/ros/foxy/lib /usr/bin/cmake /home/adam/Sensor-Fusion-And-Autonomous-Racing-Cars/ros_ws/src/transport_drivers/serial_driver -DCMAKE_INSTALL_PREFIX=/home/adam/Sensor-Fusion-And-Autonomous-Racing-Cars/ros_ws/install/serial_driver
[205.263s] DEBUG:colcon.colcon_core.event_handler.log_command:Invoking command in '/home/adam/Sensor-Fusion-And-Autonomous-Racing-Cars/ros_ws/build/serial_driver': CMAKE_PREFIX_PATH=/home/adam/Sensor-Fusion-And-Autonomous-Racing-Cars/ros_ws/install/io_context:/home/adam/Sensor-Fusion-And-Autonomous-Racing-Cars/ros_ws/install/asio_cmake_module:/home/adam/Sensor-Fusion-And-Autonomous-Racing-Cars/ros_ws/install/vesc:/home/adam/Sensor-Fusion-And-Autonomous-Racing-Cars/ros_ws/install/vesc_driver:/home/adam/Sensor-Fusion-And-Autonomous-Racing-Cars/ros_ws/install/vesc_ackermann:/home/adam/Sensor-Fusion-And-Autonomous-Racing-Cars/ros_ws/install/vesc_msgs:/home/adam/Sensor-Fusion-And-Autonomous-Racing-Cars/ros_ws/install/v4l2_camera:/home/adam/Sensor-Fusion-And-Autonomous-Racing-Cars/ros_ws/install/udp_driver:/home/adam/Sensor-Fusion-And-Autonomous-Racing-Cars/ros_ws/install/image_transport_plugins:/home/adam/Sensor-Fusion-And-Autonomous-Racing-Cars/ros_ws/install/theora_image_transport:/home/adam/Sensor-Fusion-And-Autonomous-Racing-Cars/ros_ws/install/serial_driver:/home/adam/Sensor-Fusion-And-Autonomous-Racing-Cars/ros_ws/install/ldlidar_ros2:/home/adam/Sensor-Fusion-And-Autonomous-Racing-Cars/ros_ws/install/compressed_image_transport:/home/adam/Sensor-Fusion-And-Autonomous-Racing-Cars/ros_ws/install/compressed_depth_image_transport:/home/adam/Sensor-Fusion-And-Autonomous-Racing-Cars/ros_ws/src/install/arc_autonomous_ctrl:/home/adam/Sensor-Fusion-And-Autonomous-Racing-Cars/ros_ws/install/steering_test_pkg:/home/adam/Sensor-Fusion-And-Autonomous-Racing-Cars/ros_ws/install/servo_controller:/home/adam/Sensor-Fusion-And-Autonomous-Racing-Cars/ros_ws/install/motor_controller:/home/adam/Sensor-Fusion-And-Autonomous-Racing-Cars/ros_ws/install/camera_sensor:/home/adam/Sensor-Fusion-And-Autonomous-Racing-Cars/ros_ws/install/arc_startup:/home/adam/Sensor-Fusion-And-Autonomous-Racing-Cars/ros_ws/install/arc_keyboard_control:/home/adam/Sensor-Fusion-And-Autonomous-Racing-Cars/ros_ws/install/arc_autonomous_ctrl:/opt/ros/foxy LD_LIBRARY_PATH=/home/adam/Sensor-Fusion-And-Autonomous-Racing-Cars/ros_ws/install/io_context/lib:/home/adam/Sensor-Fusion-And-Autonomous-Racing-Cars/ros_ws/install/vesc_driver/lib:/home/adam/Sensor-Fusion-And-Autonomous-Racing-Cars/ros_ws/install/vesc_ackermann/lib:/home/adam/Sensor-Fusion-And-Autonomous-Racing-Cars/ros_ws/install/vesc_msgs/lib:/home/adam/Sensor-Fusion-And-Autonomous-Racing-Cars/ros_ws/install/v4l2_camera/lib:/home/adam/Sensor-Fusion-And-Autonomous-Racing-Cars/ros_ws/install/udp_driver/lib:/home/adam/Sensor-Fusion-And-Autonomous-Racing-Cars/ros_ws/install/theora_image_transport/lib:/home/adam/Sensor-Fusion-And-Autonomous-Racing-Cars/ros_ws/install/serial_driver/lib:/home/adam/Sensor-Fusion-And-Autonomous-Racing-Cars/ros_ws/install/compressed_image_transport/lib:/home/adam/Sensor-Fusion-And-Autonomous-Racing-Cars/ros_ws/install/compressed_depth_image_transport/lib:/opt/ros/foxy/opt/yaml_cpp_vendor/lib:/opt/ros/foxy/opt/rviz_ogre_vendor/lib:/opt/ros/foxy/lib/aarch64-linux-gnu:/opt/ros/foxy/lib /usr/bin/cmake --build /home/adam/Sensor-Fusion-And-Autonomous-Racing-Cars/ros_ws/build/serial_driver -- -j4 -l4
[205.299s] DEBUG:colcon.colcon_core.event_handler.log_command:Invoking command in '/home/adam/Sensor-Fusion-And-Autonomous-Racing-Cars/ros_ws/build/ldlidar_ros2': CMAKE_PREFIX_PATH=${CMAKE_PREFIX_PATH}:/home/adam/Sensor-Fusion-And-Autonomous-Racing-Cars/ros_ws/src/install/arc_autonomous_ctrl:/home/adam/Sensor-Fusion-And-Autonomous-Racing-Cars/ros_ws/install/steering_test_pkg:/home/adam/Sensor-Fusion-And-Autonomous-Racing-Cars/ros_ws/install/servo_controller:/home/adam/Sensor-Fusion-And-Autonomous-Racing-Cars/ros_ws/install/motor_controller:/home/adam/Sensor-Fusion-And-Autonomous-Racing-Cars/ros_ws/install/camera_sensor:/home/adam/Sensor-Fusion-And-Autonomous-Racing-Cars/ros_ws/install/arc_startup:/home/adam/Sensor-Fusion-And-Autonomous-Racing-Cars/ros_ws/install/arc_keyboard_control:/home/adam/Sensor-Fusion-And-Autonomous-Racing-Cars/ros_ws/install/arc_autonomous_ctrl:/opt/ros/foxy /usr/bin/cmake /home/adam/Sensor-Fusion-And-Autonomous-Racing-Cars/ros_ws/src/ldlidar_ros2 -DCMAKE_INSTALL_PREFIX=/home/adam/Sensor-Fusion-And-Autonomous-Racing-Cars/ros_ws/install/ldlidar_ros2
[205.341s] DEBUG:colcon.colcon_core.event_handler.log_command:Invoking command in '/home/adam/Sensor-Fusion-And-Autonomous-Racing-Cars/ros_ws/build/vesc_ackermann': CMAKE_PREFIX_PATH=/home/adam/Sensor-Fusion-And-Autonomous-Racing-Cars/ros_ws/install/vesc_msgs:/home/adam/Sensor-Fusion-And-Autonomous-Racing-Cars/ros_ws/install/vesc:/home/adam/Sensor-Fusion-And-Autonomous-Racing-Cars/ros_ws/install/vesc_driver:/home/adam/Sensor-Fusion-And-Autonomous-Racing-Cars/ros_ws/install/vesc_ackermann:/home/adam/Sensor-Fusion-And-Autonomous-Racing-Cars/ros_ws/install/v4l2_camera:/home/adam/Sensor-Fusion-And-Autonomous-Racing-Cars/ros_ws/install/udp_driver:/home/adam/Sensor-Fusion-And-Autonomous-Racing-Cars/ros_ws/install/image_transport_plugins:/home/adam/Sensor-Fusion-And-Autonomous-Racing-Cars/ros_ws/install/theora_image_transport:/home/adam/Sensor-Fusion-And-Autonomous-Racing-Cars/ros_ws/install/serial_driver:/home/adam/Sensor-Fusion-And-Autonomous-Racing-Cars/ros_ws/install/ldlidar_ros2:/home/adam/Sensor-Fusion-And-Autonomous-Racing-Cars/ros_ws/install/io_context:/home/adam/Sensor-Fusion-And-Autonomous-Racing-Cars/ros_ws/install/compressed_image_transport:/home/adam/Sensor-Fusion-And-Autonomous-Racing-Cars/ros_ws/install/compressed_depth_image_transport:/home/adam/Sensor-Fusion-And-Autonomous-Racing-Cars/ros_ws/install/asio_cmake_module:/home/adam/Sensor-Fusion-And-Autonomous-Racing-Cars/ros_ws/src/install/arc_autonomous_ctrl:/home/adam/Sensor-Fusion-And-Autonomous-Racing-Cars/ros_ws/install/steering_test_pkg:/home/adam/Sensor-Fusion-And-Autonomous-Racing-Cars/ros_ws/install/servo_controller:/home/adam/Sensor-Fusion-And-Autonomous-Racing-Cars/ros_ws/install/motor_controller:/home/adam/Sensor-Fusion-And-Autonomous-Racing-Cars/ros_ws/install/camera_sensor:/home/adam/Sensor-Fusion-And-Autonomous-Racing-Cars/ros_ws/install/arc_startup:/home/adam/Sensor-Fusion-And-Autonomous-Racing-Cars/ros_ws/install/arc_keyboard_control:/home/adam/Sensor-Fusion-And-Autonomous-Racing-Cars/ros_ws/install/arc_autonomous_ctrl:/opt/ros/foxy LD_LIBRARY_PATH=/home/adam/Sensor-Fusion-And-Autonomous-Racing-Cars/ros_ws/install/vesc_msgs/lib:/home/adam/Sensor-Fusion-And-Autonomous-Racing-Cars/ros_ws/install/vesc_driver/lib:/home/adam/Sensor-Fusion-And-Autonomous-Racing-Cars/ros_ws/install/vesc_ackermann/lib:/home/adam/Sensor-Fusion-And-Autonomous-Racing-Cars/ros_ws/install/v4l2_camera/lib:/home/adam/Sensor-Fusion-And-Autonomous-Racing-Cars/ros_ws/install/udp_driver/lib:/home/adam/Sensor-Fusion-And-Autonomous-Racing-Cars/ros_ws/install/theora_image_transport/lib:/home/adam/Sensor-Fusion-And-Autonomous-Racing-Cars/ros_ws/install/serial_driver/lib:/home/adam/Sensor-Fusion-And-Autonomous-Racing-Cars/ros_ws/install/io_context/lib:/home/adam/Sensor-Fusion-And-Autonomous-Racing-Cars/ros_ws/install/compressed_image_transport/lib:/home/adam/Sensor-Fusion-And-Autonomous-Racing-Cars/ros_ws/install/compressed_depth_image_transport/lib:/opt/ros/foxy/opt/yaml_cpp_vendor/lib:/opt/ros/foxy/opt/rviz_ogre_vendor/lib:/opt/ros/foxy/lib/aarch64-linux-gnu:/opt/ros/foxy/lib PYTHONPATH=/home/adam/Sensor-Fusion-And-Autonomous-Racing-Cars/ros_ws/install/vesc_msgs/lib/python3.8/site-packages:/home/adam/Sensor-Fusion-And-Autonomous-Racing-Cars/ros_ws/src/install/arc_autonomous_ctrl/lib/python3.8/site-packages:/home/adam/Sensor-Fusion-And-Autonomous-Racing-Cars/ros_ws/install/theora_image_transport/lib/python3.8/site-packages:/home/adam/Sensor-Fusion-And-Autonomous-Racing-Cars/ros_ws/install/steering_test_pkg/lib/python3.8/site-packages:/home/adam/Sensor-Fusion-And-Autonomous-Racing-Cars/ros_ws/install/servo_controller/lib/python3.8/site-packages:/home/adam/Sensor-Fusion-And-Autonomous-Racing-Cars/ros_ws/install/motor_controller/lib/python3.8/site-packages:/home/adam/Sensor-Fusion-And-Autonomous-Racing-Cars/ros_ws/install/camera_sensor/lib/python3.8/site-packages:/home/adam/Sensor-Fusion-And-Autonomous-Racing-Cars/ros_ws/install/arc_startup/lib/python3.8/site-packages:/home/adam/Sensor-Fusion-And-Autonomous-Racing-Cars/ros_ws/install/arc_keyboard_control/lib/python3.8/site-packages:/home/adam/Sensor-Fusion-And-Autonomous-Racing-Cars/ros_ws/install/arc_autonomous_ctrl/lib/python3.8/site-packages:/opt/ros/foxy/lib/python3.8/site-packages /usr/bin/cmake /home/adam/Sensor-Fusion-And-Autonomous-Racing-Cars/ros_ws/src/vesc_driver/vesc_ackermann -DCMAKE_INSTALL_PREFIX=/home/adam/Sensor-Fusion-And-Autonomous-Racing-Cars/ros_ws/install/vesc_ackermann
[224.762s] DEBUG:colcon.colcon_core.event_handler.log_command:Invoked command in '/home/adam/Sensor-Fusion-And-Autonomous-Racing-Cars/ros_ws/build/ldlidar_ros2' returned '0': CMAKE_PREFIX_PATH=${CMAKE_PREFIX_PATH}:/home/adam/Sensor-Fusion-And-Autonomous-Racing-Cars/ros_ws/src/install/arc_autonomous_ctrl:/home/adam/Sensor-Fusion-And-Autonomous-Racing-Cars/ros_ws/install/steering_test_pkg:/home/adam/Sensor-Fusion-And-Autonomous-Racing-Cars/ros_ws/install/servo_controller:/home/adam/Sensor-Fusion-And-Autonomous-Racing-Cars/ros_ws/install/motor_controller:/home/adam/Sensor-Fusion-And-Autonomous-Racing-Cars/ros_ws/install/camera_sensor:/home/adam/Sensor-Fusion-And-Autonomous-Racing-Cars/ros_ws/install/arc_startup:/home/adam/Sensor-Fusion-And-Autonomous-Racing-Cars/ros_ws/install/arc_keyboard_control:/home/adam/Sensor-Fusion-And-Autonomous-Racing-Cars/ros_ws/install/arc_autonomous_ctrl:/opt/ros/foxy /usr/bin/cmake /home/adam/Sensor-Fusion-And-Autonomous-Racing-Cars/ros_ws/src/ldlidar_ros2 -DCMAKE_INSTALL_PREFIX=/home/adam/Sensor-Fusion-And-Autonomous-Racing-Cars/ros_ws/install/ldlidar_ros2
[224.778s] DEBUG:colcon.colcon_core.event_handler.log_command:Invoking command in '/home/adam/Sensor-Fusion-And-Autonomous-Racing-Cars/ros_ws/build/ldlidar_ros2': CMAKE_PREFIX_PATH=${CMAKE_PREFIX_PATH}:/home/adam/Sensor-Fusion-And-Autonomous-Racing-Cars/ros_ws/src/install/arc_autonomous_ctrl:/home/adam/Sensor-Fusion-And-Autonomous-Racing-Cars/ros_ws/install/steering_test_pkg:/home/adam/Sensor-Fusion-And-Autonomous-Racing-Cars/ros_ws/install/servo_controller:/home/adam/Sensor-Fusion-And-Autonomous-Racing-Cars/ros_ws/install/motor_controller:/home/adam/Sensor-Fusion-And-Autonomous-Racing-Cars/ros_ws/install/camera_sensor:/home/adam/Sensor-Fusion-And-Autonomous-Racing-Cars/ros_ws/install/arc_startup:/home/adam/Sensor-Fusion-And-Autonomous-Racing-Cars/ros_ws/install/arc_keyboard_control:/home/adam/Sensor-Fusion-And-Autonomous-Racing-Cars/ros_ws/install/arc_autonomous_ctrl:/opt/ros/foxy /usr/bin/cmake --build /home/adam/Sensor-Fusion-And-Autonomous-Racing-Cars/ros_ws/build/ldlidar_ros2 -- -j4 -l4
[229.213s] DEBUG:colcon.colcon_core.event_handler.log_command:Invoked command in '/home/adam/Sensor-Fusion-And-Autonomous-Racing-Cars/ros_ws/build/vesc_ackermann' returned '0': CMAKE_PREFIX_PATH=/home/adam/Sensor-Fusion-And-Autonomous-Racing-Cars/ros_ws/install/vesc_msgs:/home/adam/Sensor-Fusion-And-Autonomous-Racing-Cars/ros_ws/install/vesc:/home/adam/Sensor-Fusion-And-Autonomous-Racing-Cars/ros_ws/install/vesc_driver:/home/adam/Sensor-Fusion-And-Autonomous-Racing-Cars/ros_ws/install/vesc_ackermann:/home/adam/Sensor-Fusion-And-Autonomous-Racing-Cars/ros_ws/install/v4l2_camera:/home/adam/Sensor-Fusion-And-Autonomous-Racing-Cars/ros_ws/install/udp_driver:/home/adam/Sensor-Fusion-And-Autonomous-Racing-Cars/ros_ws/install/image_transport_plugins:/home/adam/Sensor-Fusion-And-Autonomous-Racing-Cars/ros_ws/install/theora_image_transport:/home/adam/Sensor-Fusion-And-Autonomous-Racing-Cars/ros_ws/install/serial_driver:/home/adam/Sensor-Fusion-And-Autonomous-Racing-Cars/ros_ws/install/ldlidar_ros2:/home/adam/Sensor-Fusion-And-Autonomous-Racing-Cars/ros_ws/install/io_context:/home/adam/Sensor-Fusion-And-Autonomous-Racing-Cars/ros_ws/install/compressed_image_transport:/home/adam/Sensor-Fusion-And-Autonomous-Racing-Cars/ros_ws/install/compressed_depth_image_transport:/home/adam/Sensor-Fusion-And-Autonomous-Racing-Cars/ros_ws/install/asio_cmake_module:/home/adam/Sensor-Fusion-And-Autonomous-Racing-Cars/ros_ws/src/install/arc_autonomous_ctrl:/home/adam/Sensor-Fusion-And-Autonomous-Racing-Cars/ros_ws/install/steering_test_pkg:/home/adam/Sensor-Fusion-And-Autonomous-Racing-Cars/ros_ws/install/servo_controller:/home/adam/Sensor-Fusion-And-Autonomous-Racing-Cars/ros_ws/install/motor_controller:/home/adam/Sensor-Fusion-And-Autonomous-Racing-Cars/ros_ws/install/camera_sensor:/home/adam/Sensor-Fusion-And-Autonomous-Racing-Cars/ros_ws/install/arc_startup:/home/adam/Sensor-Fusion-And-Autonomous-Racing-Cars/ros_ws/install/arc_keyboard_control:/home/adam/Sensor-Fusion-And-Autonomous-Racing-Cars/ros_ws/install/arc_autonomous_ctrl:/opt/ros/foxy LD_LIBRARY_PATH=/home/adam/Sensor-Fusion-And-Autonomous-Racing-Cars/ros_ws/install/vesc_msgs/lib:/home/adam/Sensor-Fusion-And-Autonomous-Racing-Cars/ros_ws/install/vesc_driver/lib:/home/adam/Sensor-Fusion-And-Autonomous-Racing-Cars/ros_ws/install/vesc_ackermann/lib:/home/adam/Sensor-Fusion-And-Autonomous-Racing-Cars/ros_ws/install/v4l2_camera/lib:/home/adam/Sensor-Fusion-And-Autonomous-Racing-Cars/ros_ws/install/udp_driver/lib:/home/adam/Sensor-Fusion-And-Autonomous-Racing-Cars/ros_ws/install/theora_image_transport/lib:/home/adam/Sensor-Fusion-And-Autonomous-Racing-Cars/ros_ws/install/serial_driver/lib:/home/adam/Sensor-Fusion-And-Autonomous-Racing-Cars/ros_ws/install/io_context/lib:/home/adam/Sensor-Fusion-And-Autonomous-Racing-Cars/ros_ws/install/compressed_image_transport/lib:/home/adam/Sensor-Fusion-And-Autonomous-Racing-Cars/ros_ws/install/compressed_depth_image_transport/lib:/opt/ros/foxy/opt/yaml_cpp_vendor/lib:/opt/ros/foxy/opt/rviz_ogre_vendor/lib:/opt/ros/foxy/lib/aarch64-linux-gnu:/opt/ros/foxy/lib PYTHONPATH=/home/adam/Sensor-Fusion-And-Autonomous-Racing-Cars/ros_ws/install/vesc_msgs/lib/python3.8/site-packages:/home/adam/Sensor-Fusion-And-Autonomous-Racing-Cars/ros_ws/src/install/arc_autonomous_ctrl/lib/python3.8/site-packages:/home/adam/Sensor-Fusion-And-Autonomous-Racing-Cars/ros_ws/install/theora_image_transport/lib/python3.8/site-packages:/home/adam/Sensor-Fusion-And-Autonomous-Racing-Cars/ros_ws/install/steering_test_pkg/lib/python3.8/site-packages:/home/adam/Sensor-Fusion-And-Autonomous-Racing-Cars/ros_ws/install/servo_controller/lib/python3.8/site-packages:/home/adam/Sensor-Fusion-And-Autonomous-Racing-Cars/ros_ws/install/motor_controller/lib/python3.8/site-packages:/home/adam/Sensor-Fusion-And-Autonomous-Racing-Cars/ros_ws/install/camera_sensor/lib/python3.8/site-packages:/home/adam/Sensor-Fusion-And-Autonomous-Racing-Cars/ros_ws/install/arc_startup/lib/python3.8/site-packages:/home/adam/Sensor-Fusion-And-Autonomous-Racing-Cars/ros_ws/install/arc_keyboard_control/lib/python3.8/site-packages:/home/adam/Sensor-Fusion-And-Autonomous-Racing-Cars/ros_ws/install/arc_autonomous_ctrl/lib/python3.8/site-packages:/opt/ros/foxy/lib/python3.8/site-packages /usr/bin/cmake /home/adam/Sensor-Fusion-And-Autonomous-Racing-Cars/ros_ws/src/vesc_driver/vesc_ackermann -DCMAKE_INSTALL_PREFIX=/home/adam/Sensor-Fusion-And-Autonomous-Racing-Cars/ros_ws/install/vesc_ackermann
[229.217s] DEBUG:colcon.colcon_core.event_handler.log_command:Invoking command in '/home/adam/Sensor-Fusion-And-Autonomous-Racing-Cars/ros_ws/build/vesc_ackermann': CMAKE_PREFIX_PATH=/home/adam/Sensor-Fusion-And-Autonomous-Racing-Cars/ros_ws/install/vesc_msgs:/home/adam/Sensor-Fusion-And-Autonomous-Racing-Cars/ros_ws/install/vesc:/home/adam/Sensor-Fusion-And-Autonomous-Racing-Cars/ros_ws/install/vesc_driver:/home/adam/Sensor-Fusion-And-Autonomous-Racing-Cars/ros_ws/install/vesc_ackermann:/home/adam/Sensor-Fusion-And-Autonomous-Racing-Cars/ros_ws/install/v4l2_camera:/home/adam/Sensor-Fusion-And-Autonomous-Racing-Cars/ros_ws/install/udp_driver:/home/adam/Sensor-Fusion-And-Autonomous-Racing-Cars/ros_ws/install/image_transport_plugins:/home/adam/Sensor-Fusion-And-Autonomous-Racing-Cars/ros_ws/install/theora_image_transport:/home/adam/Sensor-Fusion-And-Autonomous-Racing-Cars/ros_ws/install/serial_driver:/home/adam/Sensor-Fusion-And-Autonomous-Racing-Cars/ros_ws/install/ldlidar_ros2:/home/adam/Sensor-Fusion-And-Autonomous-Racing-Cars/ros_ws/install/io_context:/home/adam/Sensor-Fusion-And-Autonomous-Racing-Cars/ros_ws/install/compressed_image_transport:/home/adam/Sensor-Fusion-And-Autonomous-Racing-Cars/ros_ws/install/compressed_depth_image_transport:/home/adam/Sensor-Fusion-And-Autonomous-Racing-Cars/ros_ws/install/asio_cmake_module:/home/adam/Sensor-Fusion-And-Autonomous-Racing-Cars/ros_ws/src/install/arc_autonomous_ctrl:/home/adam/Sensor-Fusion-And-Autonomous-Racing-Cars/ros_ws/install/steering_test_pkg:/home/adam/Sensor-Fusion-And-Autonomous-Racing-Cars/ros_ws/install/servo_controller:/home/adam/Sensor-Fusion-And-Autonomous-Racing-Cars/ros_ws/install/motor_controller:/home/adam/Sensor-Fusion-And-Autonomous-Racing-Cars/ros_ws/install/camera_sensor:/home/adam/Sensor-Fusion-And-Autonomous-Racing-Cars/ros_ws/install/arc_startup:/home/adam/Sensor-Fusion-And-Autonomous-Racing-Cars/ros_ws/install/arc_keyboard_control:/home/adam/Sensor-Fusion-And-Autonomous-Racing-Cars/ros_ws/install/arc_autonomous_ctrl:/opt/ros/foxy LD_LIBRARY_PATH=/home/adam/Sensor-Fusion-And-Autonomous-Racing-Cars/ros_ws/install/vesc_msgs/lib:/home/adam/Sensor-Fusion-And-Autonomous-Racing-Cars/ros_ws/install/vesc_driver/lib:/home/adam/Sensor-Fusion-And-Autonomous-Racing-Cars/ros_ws/install/vesc_ackermann/lib:/home/adam/Sensor-Fusion-And-Autonomous-Racing-Cars/ros_ws/install/v4l2_camera/lib:/home/adam/Sensor-Fusion-And-Autonomous-Racing-Cars/ros_ws/install/udp_driver/lib:/home/adam/Sensor-Fusion-And-Autonomous-Racing-Cars/ros_ws/install/theora_image_transport/lib:/home/adam/Sensor-Fusion-And-Autonomous-Racing-Cars/ros_ws/install/serial_driver/lib:/home/adam/Sensor-Fusion-And-Autonomous-Racing-Cars/ros_ws/install/io_context/lib:/home/adam/Sensor-Fusion-And-Autonomous-Racing-Cars/ros_ws/install/compressed_image_transport/lib:/home/adam/Sensor-Fusion-And-Autonomous-Racing-Cars/ros_ws/install/compressed_depth_image_transport/lib:/opt/ros/foxy/opt/yaml_cpp_vendor/lib:/opt/ros/foxy/opt/rviz_ogre_vendor/lib:/opt/ros/foxy/lib/aarch64-linux-gnu:/opt/ros/foxy/lib PYTHONPATH=/home/adam/Sensor-Fusion-And-Autonomous-Racing-Cars/ros_ws/install/vesc_msgs/lib/python3.8/site-packages:/home/adam/Sensor-Fusion-And-Autonomous-Racing-Cars/ros_ws/src/install/arc_autonomous_ctrl/lib/python3.8/site-packages:/home/adam/Sensor-Fusion-And-Autonomous-Racing-Cars/ros_ws/install/theora_image_transport/lib/python3.8/site-packages:/home/adam/Sensor-Fusion-And-Autonomous-Racing-Cars/ros_ws/install/steering_test_pkg/lib/python3.8/site-packages:/home/adam/Sensor-Fusion-And-Autonomous-Racing-Cars/ros_ws/install/servo_controller/lib/python3.8/site-packages:/home/adam/Sensor-Fusion-And-Autonomous-Racing-Cars/ros_ws/install/motor_controller/lib/python3.8/site-packages:/home/adam/Sensor-Fusion-And-Autonomous-Racing-Cars/ros_ws/install/camera_sensor/lib/python3.8/site-packages:/home/adam/Sensor-Fusion-And-Autonomous-Racing-Cars/ros_ws/install/arc_startup/lib/python3.8/site-packages:/home/adam/Sensor-Fusion-And-Autonomous-Racing-Cars/ros_ws/install/arc_keyboard_control/lib/python3.8/site-packages:/home/adam/Sensor-Fusion-And-Autonomous-Racing-Cars/ros_ws/install/arc_autonomous_ctrl/lib/python3.8/site-packages:/opt/ros/foxy/lib/python3.8/site-packages /usr/bin/cmake --build /home/adam/Sensor-Fusion-And-Autonomous-Racing-Cars/ros_ws/build/vesc_ackermann -- -j4 -l4
[301.913s] DEBUG:colcon.colcon_core.event_handler.log_command:Invoked command in '/home/adam/Sensor-Fusion-And-Autonomous-Racing-Cars/ros_ws/build/ldlidar_ros2' returned '0': CMAKE_PREFIX_PATH=${CMAKE_PREFIX_PATH}:/home/adam/Sensor-Fusion-And-Autonomous-Racing-Cars/ros_ws/src/install/arc_autonomous_ctrl:/home/adam/Sensor-Fusion-And-Autonomous-Racing-Cars/ros_ws/install/steering_test_pkg:/home/adam/Sensor-Fusion-And-Autonomous-Racing-Cars/ros_ws/install/servo_controller:/home/adam/Sensor-Fusion-And-Autonomous-Racing-Cars/ros_ws/install/motor_controller:/home/adam/Sensor-Fusion-And-Autonomous-Racing-Cars/ros_ws/install/camera_sensor:/home/adam/Sensor-Fusion-And-Autonomous-Racing-Cars/ros_ws/install/arc_startup:/home/adam/Sensor-Fusion-And-Autonomous-Racing-Cars/ros_ws/install/arc_keyboard_control:/home/adam/Sensor-Fusion-And-Autonomous-Racing-Cars/ros_ws/install/arc_autonomous_ctrl:/opt/ros/foxy /usr/bin/cmake --build /home/adam/Sensor-Fusion-And-Autonomous-Racing-Cars/ros_ws/build/ldlidar_ros2 -- -j4 -l4
[302.713s] DEBUG:colcon.colcon_core.event_handler.log_command:Invoking command in '/home/adam/Sensor-Fusion-And-Autonomous-Racing-Cars/ros_ws/build/ldlidar_ros2': CMAKE_PREFIX_PATH=${CMAKE_PREFIX_PATH}:/home/adam/Sensor-Fusion-And-Autonomous-Racing-Cars/ros_ws/src/install/arc_autonomous_ctrl:/home/adam/Sensor-Fusion-And-Autonomous-Racing-Cars/ros_ws/install/steering_test_pkg:/home/adam/Sensor-Fusion-And-Autonomous-Racing-Cars/ros_ws/install/servo_controller:/home/adam/Sensor-Fusion-And-Autonomous-Racing-Cars/ros_ws/install/motor_controller:/home/adam/Sensor-Fusion-And-Autonomous-Racing-Cars/ros_ws/install/camera_sensor:/home/adam/Sensor-Fusion-And-Autonomous-Racing-Cars/ros_ws/install/arc_startup:/home/adam/Sensor-Fusion-And-Autonomous-Racing-Cars/ros_ws/install/arc_keyboard_control:/home/adam/Sensor-Fusion-And-Autonomous-Racing-Cars/ros_ws/install/arc_autonomous_ctrl:/opt/ros/foxy /usr/bin/cmake --install /home/adam/Sensor-Fusion-And-Autonomous-Racing-Cars/ros_ws/build/ldlidar_ros2
[303.097s] Level 1:colcon.colcon_core.environment:create_environment_scripts_only(ldlidar_ros2)
[303.101s] DEBUG:colcon.colcon_core.event_handler.log_command:Invoked command in '/home/adam/Sensor-Fusion-And-Autonomous-Racing-Cars/ros_ws/build/ldlidar_ros2' returned '0': CMAKE_PREFIX_PATH=${CMAKE_PREFIX_PATH}:/home/adam/Sensor-Fusion-And-Autonomous-Racing-Cars/ros_ws/src/install/arc_autonomous_ctrl:/home/adam/Sensor-Fusion-And-Autonomous-Racing-Cars/ros_ws/install/steering_test_pkg:/home/adam/Sensor-Fusion-And-Autonomous-Racing-Cars/ros_ws/install/servo_controller:/home/adam/Sensor-Fusion-And-Autonomous-Racing-Cars/ros_ws/install/motor_controller:/home/adam/Sensor-Fusion-And-Autonomous-Racing-Cars/ros_ws/install/camera_sensor:/home/adam/Sensor-Fusion-And-Autonomous-Racing-Cars/ros_ws/install/arc_startup:/home/adam/Sensor-Fusion-And-Autonomous-Racing-Cars/ros_ws/install/arc_keyboard_control:/home/adam/Sensor-Fusion-And-Autonomous-Racing-Cars/ros_ws/install/arc_autonomous_ctrl:/opt/ros/foxy /usr/bin/cmake --install /home/adam/Sensor-Fusion-And-Autonomous-Racing-Cars/ros_ws/build/ldlidar_ros2
[303.710s] Level 1:colcon.colcon_core.environment:checking '/home/adam/Sensor-Fusion-And-Autonomous-Racing-Cars/ros_ws/install/ldlidar_ros2' for CMake module files
[303.715s] Level 1:colcon.colcon_core.environment:checking '/home/adam/Sensor-Fusion-And-Autonomous-Racing-Cars/ros_ws/install/ldlidar_ros2' for CMake config files
[303.721s] Level 1:colcon.colcon_core.shell:create_environment_hook('ldlidar_ros2', 'cmake_prefix_path')
[304.335s] INFO:colcon.colcon_core.shell:Creating environment hook '/home/adam/Sensor-Fusion-And-Autonomous-Racing-Cars/ros_ws/install/ldlidar_ros2/share/ldlidar_ros2/hook/cmake_prefix_path.ps1'
[304.341s] INFO:colcon.colcon_core.shell:Creating environment descriptor '/home/adam/Sensor-Fusion-And-Autonomous-Racing-Cars/ros_ws/install/ldlidar_ros2/share/ldlidar_ros2/hook/cmake_prefix_path.dsv'
[304.345s] INFO:colcon.colcon_core.shell:Creating environment hook '/home/adam/Sensor-Fusion-And-Autonomous-Racing-Cars/ros_ws/install/ldlidar_ros2/share/ldlidar_ros2/hook/cmake_prefix_path.sh'
[304.351s] Level 1:colcon.colcon_core.environment:checking '/home/adam/Sensor-Fusion-And-Autonomous-Racing-Cars/ros_ws/install/ldlidar_ros2/lib'
[304.353s] Level 1:colcon.colcon_core.environment:checking '/home/adam/Sensor-Fusion-And-Autonomous-Racing-Cars/ros_ws/install/ldlidar_ros2/bin'
[304.354s] Level 1:colcon.colcon_core.environment:checking '/home/adam/Sensor-Fusion-And-Autonomous-Racing-Cars/ros_ws/install/ldlidar_ros2/lib/pkgconfig/ldlidar_ros2.pc'
[304.356s] Level 1:colcon.colcon_core.environment:checking '/home/adam/Sensor-Fusion-And-Autonomous-Racing-Cars/ros_ws/install/ldlidar_ros2/lib/python3.8/site-packages'
[304.358s] Level 1:colcon.colcon_core.environment:checking '/home/adam/Sensor-Fusion-And-Autonomous-Racing-Cars/ros_ws/install/ldlidar_ros2/bin'
[304.925s] INFO:colcon.colcon_core.shell:Creating package script '/home/adam/Sensor-Fusion-And-Autonomous-Racing-Cars/ros_ws/install/ldlidar_ros2/share/ldlidar_ros2/package.ps1'
[304.933s] INFO:colcon.colcon_core.shell:Creating package descriptor '/home/adam/Sensor-Fusion-And-Autonomous-Racing-Cars/ros_ws/install/ldlidar_ros2/share/ldlidar_ros2/package.dsv'
[304.940s] INFO:colcon.colcon_core.shell:Creating package script '/home/adam/Sensor-Fusion-And-Autonomous-Racing-Cars/ros_ws/install/ldlidar_ros2/share/ldlidar_ros2/package.sh'
[304.947s] INFO:colcon.colcon_core.shell:Creating package script '/home/adam/Sensor-Fusion-And-Autonomous-Racing-Cars/ros_ws/install/ldlidar_ros2/share/ldlidar_ros2/package.bash'
[304.952s] INFO:colcon.colcon_core.shell:Creating package script '/home/adam/Sensor-Fusion-And-Autonomous-Racing-Cars/ros_ws/install/ldlidar_ros2/share/ldlidar_ros2/package.zsh'
[304.959s] Level 1:colcon.colcon_core.environment:create_file_with_runtime_dependencies(/home/adam/Sensor-Fusion-And-Autonomous-Racing-Cars/ros_ws/install/ldlidar_ros2/share/colcon-core/packages/ldlidar_ros2)
[306.285s] Level 1:colcon.colcon_core.environment:create_environment_scripts_only(ldlidar_ros2)
[306.791s] Level 1:colcon.colcon_core.environment:checking '/home/adam/Sensor-Fusion-And-Autonomous-Racing-Cars/ros_ws/install/ldlidar_ros2' for CMake module files
[306.797s] Level 1:colcon.colcon_core.environment:checking '/home/adam/Sensor-Fusion-And-Autonomous-Racing-Cars/ros_ws/install/ldlidar_ros2' for CMake config files
[306.804s] Level 1:colcon.colcon_core.shell:create_environment_hook('ldlidar_ros2', 'cmake_prefix_path')
[307.369s] INFO:colcon.colcon_core.shell:Creating environment hook '/home/adam/Sensor-Fusion-And-Autonomous-Racing-Cars/ros_ws/install/ldlidar_ros2/share/ldlidar_ros2/hook/cmake_prefix_path.ps1'
[307.377s] INFO:colcon.colcon_core.shell:Creating environment descriptor '/home/adam/Sensor-Fusion-And-Autonomous-Racing-Cars/ros_ws/install/ldlidar_ros2/share/ldlidar_ros2/hook/cmake_prefix_path.dsv'
[307.381s] INFO:colcon.colcon_core.shell:Creating environment hook '/home/adam/Sensor-Fusion-And-Autonomous-Racing-Cars/ros_ws/install/ldlidar_ros2/share/ldlidar_ros2/hook/cmake_prefix_path.sh'
[307.388s] Level 1:colcon.colcon_core.environment:checking '/home/adam/Sensor-Fusion-And-Autonomous-Racing-Cars/ros_ws/install/ldlidar_ros2/lib'
[307.390s] Level 1:colcon.colcon_core.environment:checking '/home/adam/Sensor-Fusion-And-Autonomous-Racing-Cars/ros_ws/install/ldlidar_ros2/bin'
[307.391s] Level 1:colcon.colcon_core.environment:checking '/home/adam/Sensor-Fusion-And-Autonomous-Racing-Cars/ros_ws/install/ldlidar_ros2/lib/pkgconfig/ldlidar_ros2.pc'
[307.396s] Level 1:colcon.colcon_core.environment:checking '/home/adam/Sensor-Fusion-And-Autonomous-Racing-Cars/ros_ws/install/ldlidar_ros2/lib/python3.8/site-packages'
[307.399s] Level 1:colcon.colcon_core.environment:checking '/home/adam/Sensor-Fusion-And-Autonomous-Racing-Cars/ros_ws/install/ldlidar_ros2/bin'
[307.875s] INFO:colcon.colcon_core.shell:Creating package script '/home/adam/Sensor-Fusion-And-Autonomous-Racing-Cars/ros_ws/install/ldlidar_ros2/share/ldlidar_ros2/package.ps1'
[307.879s] INFO:colcon.colcon_core.shell:Creating package descriptor '/home/adam/Sensor-Fusion-And-Autonomous-Racing-Cars/ros_ws/install/ldlidar_ros2/share/ldlidar_ros2/package.dsv'
[307.883s] INFO:colcon.colcon_core.shell:Creating package script '/home/adam/Sensor-Fusion-And-Autonomous-Racing-Cars/ros_ws/install/ldlidar_ros2/share/ldlidar_ros2/package.sh'
[307.888s] INFO:colcon.colcon_core.shell:Creating package script '/home/adam/Sensor-Fusion-And-Autonomous-Racing-Cars/ros_ws/install/ldlidar_ros2/share/ldlidar_ros2/package.bash'
[307.899s] INFO:colcon.colcon_core.shell:Creating package script '/home/adam/Sensor-Fusion-And-Autonomous-Racing-Cars/ros_ws/install/ldlidar_ros2/share/ldlidar_ros2/package.zsh'
[307.905s] Level 1:colcon.colcon_core.environment:create_file_with_runtime_dependencies(/home/adam/Sensor-Fusion-And-Autonomous-Racing-Cars/ros_ws/install/ldlidar_ros2/share/colcon-core/packages/ldlidar_ros2)
[307.919s] INFO:colcon.colcon_ros.task.ament_python.build:Building ROS package in '/home/adam/Sensor-Fusion-And-Autonomous-Racing-Cars/ros_ws/src/motor_controller' with build type 'ament_python'
[307.921s] Level 1:colcon.colcon_core.shell:create_environment_hook('motor_controller', 'ament_prefix_path')
[308.542s] INFO:colcon.colcon_core.shell:Creating environment hook '/home/adam/Sensor-Fusion-And-Autonomous-Racing-Cars/ros_ws/install/motor_controller/share/motor_controller/hook/ament_prefix_path.ps1'
[308.550s] INFO:colcon.colcon_core.shell:Creating environment descriptor '/home/adam/Sensor-Fusion-And-Autonomous-Racing-Cars/ros_ws/install/motor_controller/share/motor_controller/hook/ament_prefix_path.dsv'
[308.554s] INFO:colcon.colcon_core.shell:Creating environment hook '/home/adam/Sensor-Fusion-And-Autonomous-Racing-Cars/ros_ws/install/motor_controller/share/motor_controller/hook/ament_prefix_path.sh'
[308.978s] INFO:colcon.colcon_core.shell:Skip shell extension 'powershell' for command environment: Not usable outside of PowerShell
[308.979s] DEBUG:colcon.colcon_core.shell:Skip shell extension 'dsv' for command environment
[313.531s] INFO:colcon.colcon_core.task.python.build:Building Python package in '/home/adam/Sensor-Fusion-And-Autonomous-Racing-Cars/ros_ws/src/motor_controller'
[314.083s] INFO:colcon.colcon_core.shell:Skip shell extension 'powershell' for command environment: Not usable outside of PowerShell
[314.084s] DEBUG:colcon.colcon_core.shell:Skip shell extension 'dsv' for command environment
[320.430s] DEBUG:colcon.colcon_core.event_handler.log_command:Invoking command in '/home/adam/Sensor-Fusion-And-Autonomous-Racing-Cars/ros_ws/src/motor_controller': PYTHONPATH=/home/adam/Sensor-Fusion-And-Autonomous-Racing-Cars/ros_ws/build/motor_controller/prefix_override:/home/adam/Sensor-Fusion-And-Autonomous-Racing-Cars/ros_ws/install/motor_controller/lib/python3.8/site-packages:${PYTHONPATH} /usr/bin/python3 setup.py egg_info --egg-base ../../build/motor_controller build --build-base /home/adam/Sensor-Fusion-And-Autonomous-Racing-Cars/ros_ws/build/motor_controller/build install --record /home/adam/Sensor-Fusion-And-Autonomous-Racing-Cars/ros_ws/build/motor_controller/install.log --install-scripts $base/lib/motor_controller --single-version-externally-managed
[323.799s] DEBUG:colcon.colcon_core.event_handler.log_command:Invoked command in '/home/adam/Sensor-Fusion-And-Autonomous-Racing-Cars/ros_ws/src/motor_controller' returned '0': PYTHONPATH=/home/adam/Sensor-Fusion-And-Autonomous-Racing-Cars/ros_ws/build/motor_controller/prefix_override:/home/adam/Sensor-Fusion-And-Autonomous-Racing-Cars/ros_ws/install/motor_controller/lib/python3.8/site-packages:${PYTHONPATH} /usr/bin/python3 setup.py egg_info --egg-base ../../build/motor_controller build --build-base /home/adam/Sensor-Fusion-And-Autonomous-Racing-Cars/ros_ws/build/motor_controller/build install --record /home/adam/Sensor-Fusion-And-Autonomous-Racing-Cars/ros_ws/build/motor_controller/install.log --install-scripts $base/lib/motor_controller --single-version-externally-managed
[324.322s] Level 1:colcon.colcon_core.environment:checking '/home/adam/Sensor-Fusion-And-Autonomous-Racing-Cars/ros_ws/install/motor_controller' for CMake module files
[324.325s] Level 1:colcon.colcon_core.environment:checking '/home/adam/Sensor-Fusion-And-Autonomous-Racing-Cars/ros_ws/install/motor_controller' for CMake config files
[324.332s] Level 1:colcon.colcon_core.environment:checking '/home/adam/Sensor-Fusion-And-Autonomous-Racing-Cars/ros_ws/install/motor_controller/lib'
[324.333s] Level 1:colcon.colcon_core.environment:checking '/home/adam/Sensor-Fusion-And-Autonomous-Racing-Cars/ros_ws/install/motor_controller/bin'
[324.334s] Level 1:colcon.colcon_core.environment:checking '/home/adam/Sensor-Fusion-And-Autonomous-Racing-Cars/ros_ws/install/motor_controller/lib/pkgconfig/motor_controller.pc'
[324.336s] Level 1:colcon.colcon_core.environment:checking '/home/adam/Sensor-Fusion-And-Autonomous-Racing-Cars/ros_ws/install/motor_controller/lib/python3.8/site-packages'
[324.337s] Level 1:colcon.colcon_core.shell:create_environment_hook('motor_controller', 'pythonpath')
[324.805s] INFO:colcon.colcon_core.shell:Creating environment hook '/home/adam/Sensor-Fusion-And-Autonomous-Racing-Cars/ros_ws/install/motor_controller/share/motor_controller/hook/pythonpath.ps1'
[324.808s] INFO:colcon.colcon_core.shell:Creating environment descriptor '/home/adam/Sensor-Fusion-And-Autonomous-Racing-Cars/ros_ws/install/motor_controller/share/motor_controller/hook/pythonpath.dsv'
[324.811s] INFO:colcon.colcon_core.shell:Creating environment hook '/home/adam/Sensor-Fusion-And-Autonomous-Racing-Cars/ros_ws/install/motor_controller/share/motor_controller/hook/pythonpath.sh'
[324.814s] Level 1:colcon.colcon_core.environment:checking '/home/adam/Sensor-Fusion-And-Autonomous-Racing-Cars/ros_ws/install/motor_controller/bin'
[324.815s] Level 1:colcon.colcon_core.environment:create_environment_scripts_only(motor_controller)
[325.311s] INFO:colcon.colcon_core.shell:Creating package script '/home/adam/Sensor-Fusion-And-Autonomous-Racing-Cars/ros_ws/install/motor_controller/share/motor_controller/package.ps1'
[325.314s] INFO:colcon.colcon_core.shell:Creating package descriptor '/home/adam/Sensor-Fusion-And-Autonomous-Racing-Cars/ros_ws/install/motor_controller/share/motor_controller/package.dsv'
[325.316s] INFO:colcon.colcon_core.shell:Creating package script '/home/adam/Sensor-Fusion-And-Autonomous-Racing-Cars/ros_ws/install/motor_controller/share/motor_controller/package.sh'
[325.319s] INFO:colcon.colcon_core.shell:Creating package script '/home/adam/Sensor-Fusion-And-Autonomous-Racing-Cars/ros_ws/install/motor_controller/share/motor_controller/package.bash'
[325.321s] INFO:colcon.colcon_core.shell:Creating package script '/home/adam/Sensor-Fusion-And-Autonomous-Racing-Cars/ros_ws/install/motor_controller/share/motor_controller/package.zsh'
[325.323s] Level 1:colcon.colcon_core.environment:create_file_with_runtime_dependencies(/home/adam/Sensor-Fusion-And-Autonomous-Racing-Cars/ros_ws/install/motor_controller/share/colcon-core/packages/motor_controller)
[325.331s] INFO:colcon.colcon_ros.task.ament_python.build:Building ROS package in '/home/adam/Sensor-Fusion-And-Autonomous-Racing-Cars/ros_ws/src/servo_controller' with build type 'ament_python'
[325.334s] Level 1:colcon.colcon_core.shell:create_environment_hook('servo_controller', 'ament_prefix_path')
[325.941s] INFO:colcon.colcon_core.shell:Creating environment hook '/home/adam/Sensor-Fusion-And-Autonomous-Racing-Cars/ros_ws/install/servo_controller/share/servo_controller/hook/ament_prefix_path.ps1'
[325.952s] INFO:colcon.colcon_core.shell:Creating environment descriptor '/home/adam/Sensor-Fusion-And-Autonomous-Racing-Cars/ros_ws/install/servo_controller/share/servo_controller/hook/ament_prefix_path.dsv'
[325.958s] INFO:colcon.colcon_core.shell:Creating environment hook '/home/adam/Sensor-Fusion-And-Autonomous-Racing-Cars/ros_ws/install/servo_controller/share/servo_controller/hook/ament_prefix_path.sh'
[326.349s] INFO:colcon.colcon_core.shell:Skip shell extension 'powershell' for command environment: Not usable outside of PowerShell
[326.353s] DEBUG:colcon.colcon_core.shell:Skip shell extension 'dsv' for command environment
[330.742s] INFO:colcon.colcon_core.task.python.build:Building Python package in '/home/adam/Sensor-Fusion-And-Autonomous-Racing-Cars/ros_ws/src/servo_controller'
[331.413s] INFO:colcon.colcon_core.shell:Skip shell extension 'powershell' for command environment: Not usable outside of PowerShell
[331.414s] DEBUG:colcon.colcon_core.shell:Skip shell extension 'dsv' for command environment
[338.063s] DEBUG:colcon.colcon_core.event_handler.log_command:Invoking command in '/home/adam/Sensor-Fusion-And-Autonomous-Racing-Cars/ros_ws/src/servo_controller': PYTHONPATH=/home/adam/Sensor-Fusion-And-Autonomous-Racing-Cars/ros_ws/build/servo_controller/prefix_override:/home/adam/Sensor-Fusion-And-Autonomous-Racing-Cars/ros_ws/install/servo_controller/lib/python3.8/site-packages:${PYTHONPATH} /usr/bin/python3 setup.py egg_info --egg-base ../../build/servo_controller build --build-base /home/adam/Sensor-Fusion-And-Autonomous-Racing-Cars/ros_ws/build/servo_controller/build install --record /home/adam/Sensor-Fusion-And-Autonomous-Racing-Cars/ros_ws/build/servo_controller/install.log --install-scripts $base/lib/servo_controller --single-version-externally-managed
[341.958s] DEBUG:colcon.colcon_core.event_handler.log_command:Invoked command in '/home/adam/Sensor-Fusion-And-Autonomous-Racing-Cars/ros_ws/src/servo_controller' returned '0': PYTHONPATH=/home/adam/Sensor-Fusion-And-Autonomous-Racing-Cars/ros_ws/build/servo_controller/prefix_override:/home/adam/Sensor-Fusion-And-Autonomous-Racing-Cars/ros_ws/install/servo_controller/lib/python3.8/site-packages:${PYTHONPATH} /usr/bin/python3 setup.py egg_info --egg-base ../../build/servo_controller build --build-base /home/adam/Sensor-Fusion-And-Autonomous-Racing-Cars/ros_ws/build/servo_controller/build install --record /home/adam/Sensor-Fusion-And-Autonomous-Racing-Cars/ros_ws/build/servo_controller/install.log --install-scripts $base/lib/servo_controller --single-version-externally-managed
[342.444s] Level 1:colcon.colcon_core.environment:checking '/home/adam/Sensor-Fusion-And-Autonomous-Racing-Cars/ros_ws/install/servo_controller' for CMake module files
[342.448s] Level 1:colcon.colcon_core.environment:checking '/home/adam/Sensor-Fusion-And-Autonomous-Racing-Cars/ros_ws/install/servo_controller' for CMake config files
[342.453s] Level 1:colcon.colcon_core.environment:checking '/home/adam/Sensor-Fusion-And-Autonomous-Racing-Cars/ros_ws/install/servo_controller/lib'
[342.455s] Level 1:colcon.colcon_core.environment:checking '/home/adam/Sensor-Fusion-And-Autonomous-Racing-Cars/ros_ws/install/servo_controller/bin'
[342.456s] Level 1:colcon.colcon_core.environment:checking '/home/adam/Sensor-Fusion-And-Autonomous-Racing-Cars/ros_ws/install/servo_controller/lib/pkgconfig/servo_controller.pc'
[342.458s] Level 1:colcon.colcon_core.environment:checking '/home/adam/Sensor-Fusion-And-Autonomous-Racing-Cars/ros_ws/install/servo_controller/lib/python3.8/site-packages'
[342.460s] Level 1:colcon.colcon_core.shell:create_environment_hook('servo_controller', 'pythonpath')
[342.896s] INFO:colcon.colcon_core.shell:Creating environment hook '/home/adam/Sensor-Fusion-And-Autonomous-Racing-Cars/ros_ws/install/servo_controller/share/servo_controller/hook/pythonpath.ps1'
[342.902s] INFO:colcon.colcon_core.shell:Creating environment descriptor '/home/adam/Sensor-Fusion-And-Autonomous-Racing-Cars/ros_ws/install/servo_controller/share/servo_controller/hook/pythonpath.dsv'
[342.907s] INFO:colcon.colcon_core.shell:Creating environment hook '/home/adam/Sensor-Fusion-And-Autonomous-Racing-Cars/ros_ws/install/servo_controller/share/servo_controller/hook/pythonpath.sh'
[342.912s] Level 1:colcon.colcon_core.environment:checking '/home/adam/Sensor-Fusion-And-Autonomous-Racing-Cars/ros_ws/install/servo_controller/bin'
[342.914s] Level 1:colcon.colcon_core.environment:create_environment_scripts_only(servo_controller)
[343.350s] INFO:colcon.colcon_core.shell:Creating package script '/home/adam/Sensor-Fusion-And-Autonomous-Racing-Cars/ros_ws/install/servo_controller/share/servo_controller/package.ps1'
[343.358s] INFO:colcon.colcon_core.shell:Creating package descriptor '/home/adam/Sensor-Fusion-And-Autonomous-Racing-Cars/ros_ws/install/servo_controller/share/servo_controller/package.dsv'
[343.364s] INFO:colcon.colcon_core.shell:Creating package script '/home/adam/Sensor-Fusion-And-Autonomous-Racing-Cars/ros_ws/install/servo_controller/share/servo_controller/package.sh'
[343.369s] INFO:colcon.colcon_core.shell:Creating package script '/home/adam/Sensor-Fusion-And-Autonomous-Racing-Cars/ros_ws/install/servo_controller/share/servo_controller/package.bash'
[343.373s] INFO:colcon.colcon_core.shell:Creating package script '/home/adam/Sensor-Fusion-And-Autonomous-Racing-Cars/ros_ws/install/servo_controller/share/servo_controller/package.zsh'
[343.378s] Level 1:colcon.colcon_core.environment:create_file_with_runtime_dependencies(/home/adam/Sensor-Fusion-And-Autonomous-Racing-Cars/ros_ws/install/servo_controller/share/colcon-core/packages/servo_controller)
[343.388s] INFO:colcon.colcon_ros.task.ament_python.build:Building ROS package in '/home/adam/Sensor-Fusion-And-Autonomous-Racing-Cars/ros_ws/src/steering_test_pkg' with build type 'ament_python'
[343.392s] Level 1:colcon.colcon_core.shell:create_environment_hook('steering_test_pkg', 'ament_prefix_path')
[343.828s] INFO:colcon.colcon_core.shell:Creating environment hook '/home/adam/Sensor-Fusion-And-Autonomous-Racing-Cars/ros_ws/install/steering_test_pkg/share/steering_test_pkg/hook/ament_prefix_path.ps1'
[343.838s] INFO:colcon.colcon_core.shell:Creating environment descriptor '/home/adam/Sensor-Fusion-And-Autonomous-Racing-Cars/ros_ws/install/steering_test_pkg/share/steering_test_pkg/hook/ament_prefix_path.dsv'
[343.843s] INFO:colcon.colcon_core.shell:Creating environment hook '/home/adam/Sensor-Fusion-And-Autonomous-Racing-Cars/ros_ws/install/steering_test_pkg/share/steering_test_pkg/hook/ament_prefix_path.sh'
[344.355s] INFO:colcon.colcon_core.shell:Skip shell extension 'powershell' for command environment: Not usable outside of PowerShell
[344.356s] DEBUG:colcon.colcon_core.shell:Skip shell extension 'dsv' for command environment
[345.815s] DEBUG:colcon.colcon_core.event_handler.log_command:Invoked command in '/home/adam/Sensor-Fusion-And-Autonomous-Racing-Cars/ros_ws/build/theora_image_transport' returned '0': CMAKE_PREFIX_PATH=${CMAKE_PREFIX_PATH}:/home/adam/Sensor-Fusion-And-Autonomous-Racing-Cars/ros_ws/src/install/arc_autonomous_ctrl:/home/adam/Sensor-Fusion-And-Autonomous-Racing-Cars/ros_ws/install/steering_test_pkg:/home/adam/Sensor-Fusion-And-Autonomous-Racing-Cars/ros_ws/install/servo_controller:/home/adam/Sensor-Fusion-And-Autonomous-Racing-Cars/ros_ws/install/motor_controller:/home/adam/Sensor-Fusion-And-Autonomous-Racing-Cars/ros_ws/install/camera_sensor:/home/adam/Sensor-Fusion-And-Autonomous-Racing-Cars/ros_ws/install/arc_startup:/home/adam/Sensor-Fusion-And-Autonomous-Racing-Cars/ros_ws/install/arc_keyboard_control:/home/adam/Sensor-Fusion-And-Autonomous-Racing-Cars/ros_ws/install/arc_autonomous_ctrl:/opt/ros/foxy /usr/bin/cmake --build /home/adam/Sensor-Fusion-And-Autonomous-Racing-Cars/ros_ws/build/theora_image_transport -- -j4 -l4
[348.253s] INFO:colcon.colcon_core.task.python.build:Building Python package in '/home/adam/Sensor-Fusion-And-Autonomous-Racing-Cars/ros_ws/src/steering_test_pkg'
[348.641s] INFO:colcon.colcon_core.shell:Skip shell extension 'powershell' for command environment: Not usable outside of PowerShell
[348.642s] DEBUG:colcon.colcon_core.shell:Skip shell extension 'dsv' for command environment
[350.091s] DEBUG:colcon.colcon_core.event_handler.log_command:Invoking command in '/home/adam/Sensor-Fusion-And-Autonomous-Racing-Cars/ros_ws/build/theora_image_transport': CMAKE_PREFIX_PATH=${CMAKE_PREFIX_PATH}:/home/adam/Sensor-Fusion-And-Autonomous-Racing-Cars/ros_ws/src/install/arc_autonomous_ctrl:/home/adam/Sensor-Fusion-And-Autonomous-Racing-Cars/ros_ws/install/steering_test_pkg:/home/adam/Sensor-Fusion-And-Autonomous-Racing-Cars/ros_ws/install/servo_controller:/home/adam/Sensor-Fusion-And-Autonomous-Racing-Cars/ros_ws/install/motor_controller:/home/adam/Sensor-Fusion-And-Autonomous-Racing-Cars/ros_ws/install/camera_sensor:/home/adam/Sensor-Fusion-And-Autonomous-Racing-Cars/ros_ws/install/arc_startup:/home/adam/Sensor-Fusion-And-Autonomous-Racing-Cars/ros_ws/install/arc_keyboard_control:/home/adam/Sensor-Fusion-And-Autonomous-Racing-Cars/ros_ws/install/arc_autonomous_ctrl:/opt/ros/foxy /usr/bin/cmake --install /home/adam/Sensor-Fusion-And-Autonomous-Racing-Cars/ros_ws/build/theora_image_transport
[351.425s] Level 1:colcon.colcon_core.environment:create_environment_scripts_only(theora_image_transport)
[351.430s] DEBUG:colcon.colcon_core.event_handler.log_command:Invoked command in '/home/adam/Sensor-Fusion-And-Autonomous-Racing-Cars/ros_ws/build/theora_image_transport' returned '0': CMAKE_PREFIX_PATH=${CMAKE_PREFIX_PATH}:/home/adam/Sensor-Fusion-And-Autonomous-Racing-Cars/ros_ws/src/install/arc_autonomous_ctrl:/home/adam/Sensor-Fusion-And-Autonomous-Racing-Cars/ros_ws/install/steering_test_pkg:/home/adam/Sensor-Fusion-And-Autonomous-Racing-Cars/ros_ws/install/servo_controller:/home/adam/Sensor-Fusion-And-Autonomous-Racing-Cars/ros_ws/install/motor_controller:/home/adam/Sensor-Fusion-And-Autonomous-Racing-Cars/ros_ws/install/camera_sensor:/home/adam/Sensor-Fusion-And-Autonomous-Racing-Cars/ros_ws/install/arc_startup:/home/adam/Sensor-Fusion-And-Autonomous-Racing-Cars/ros_ws/install/arc_keyboard_control:/home/adam/Sensor-Fusion-And-Autonomous-Racing-Cars/ros_ws/install/arc_autonomous_ctrl:/opt/ros/foxy /usr/bin/cmake --install /home/adam/Sensor-Fusion-And-Autonomous-Racing-Cars/ros_ws/build/theora_image_transport
[351.990s] Level 1:colcon.colcon_core.environment:checking '/home/adam/Sensor-Fusion-And-Autonomous-Racing-Cars/ros_ws/install/theora_image_transport' for CMake module files
[351.998s] Level 1:colcon.colcon_core.environment:checking '/home/adam/Sensor-Fusion-And-Autonomous-Racing-Cars/ros_ws/install/theora_image_transport' for CMake config files
[352.004s] Level 1:colcon.colcon_core.shell:create_environment_hook('theora_image_transport', 'cmake_prefix_path')
[352.503s] INFO:colcon.colcon_core.shell:Creating environment hook '/home/adam/Sensor-Fusion-And-Autonomous-Racing-Cars/ros_ws/install/theora_image_transport/share/theora_image_transport/hook/cmake_prefix_path.ps1'
[352.508s] INFO:colcon.colcon_core.shell:Creating environment descriptor '/home/adam/Sensor-Fusion-And-Autonomous-Racing-Cars/ros_ws/install/theora_image_transport/share/theora_image_transport/hook/cmake_prefix_path.dsv'
[352.510s] INFO:colcon.colcon_core.shell:Creating environment hook '/home/adam/Sensor-Fusion-And-Autonomous-Racing-Cars/ros_ws/install/theora_image_transport/share/theora_image_transport/hook/cmake_prefix_path.sh'
[352.515s] Level 1:colcon.colcon_core.environment:checking '/home/adam/Sensor-Fusion-And-Autonomous-Racing-Cars/ros_ws/install/theora_image_transport/lib'
[352.516s] Level 1:colcon.colcon_core.shell:create_environment_hook('theora_image_transport', 'ld_library_path_lib')
[353.232s] INFO:colcon.colcon_core.shell:Creating environment hook '/home/adam/Sensor-Fusion-And-Autonomous-Racing-Cars/ros_ws/install/theora_image_transport/share/theora_image_transport/hook/ld_library_path_lib.ps1'
[353.235s] INFO:colcon.colcon_core.shell:Creating environment descriptor '/home/adam/Sensor-Fusion-And-Autonomous-Racing-Cars/ros_ws/install/theora_image_transport/share/theora_image_transport/hook/ld_library_path_lib.dsv'
[353.238s] INFO:colcon.colcon_core.shell:Creating environment hook '/home/adam/Sensor-Fusion-And-Autonomous-Racing-Cars/ros_ws/install/theora_image_transport/share/theora_image_transport/hook/ld_library_path_lib.sh'
[353.250s] Level 1:colcon.colcon_core.environment:checking '/home/adam/Sensor-Fusion-And-Autonomous-Racing-Cars/ros_ws/install/theora_image_transport/bin'
[353.251s] Level 1:colcon.colcon_core.shell:create_environment_hook('theora_image_transport', 'path')
[353.711s] INFO:colcon.colcon_core.shell:Creating environment hook '/home/adam/Sensor-Fusion-And-Autonomous-Racing-Cars/ros_ws/install/theora_image_transport/share/theora_image_transport/hook/path.ps1'
[353.715s] INFO:colcon.colcon_core.shell:Creating environment descriptor '/home/adam/Sensor-Fusion-And-Autonomous-Racing-Cars/ros_ws/install/theora_image_transport/share/theora_image_transport/hook/path.dsv'
[353.717s] INFO:colcon.colcon_core.shell:Creating environment hook '/home/adam/Sensor-Fusion-And-Autonomous-Racing-Cars/ros_ws/install/theora_image_transport/share/theora_image_transport/hook/path.sh'
[353.720s] Level 1:colcon.colcon_core.environment:checking '/home/adam/Sensor-Fusion-And-Autonomous-Racing-Cars/ros_ws/install/theora_image_transport/lib/pkgconfig/theora_image_transport.pc'
[353.722s] Level 1:colcon.colcon_core.environment:checking '/home/adam/Sensor-Fusion-And-Autonomous-Racing-Cars/ros_ws/install/theora_image_transport/lib/python3.8/site-packages'
[353.722s] Level 1:colcon.colcon_core.shell:create_environment_hook('theora_image_transport', 'pythonpath')
[354.202s] INFO:colcon.colcon_core.shell:Creating environment hook '/home/adam/Sensor-Fusion-And-Autonomous-Racing-Cars/ros_ws/install/theora_image_transport/share/theora_image_transport/hook/pythonpath.ps1'
[354.205s] INFO:colcon.colcon_core.shell:Creating environment descriptor '/home/adam/Sensor-Fusion-And-Autonomous-Racing-Cars/ros_ws/install/theora_image_transport/share/theora_image_transport/hook/pythonpath.dsv'
[354.208s] INFO:colcon.colcon_core.shell:Creating environment hook '/home/adam/Sensor-Fusion-And-Autonomous-Racing-Cars/ros_ws/install/theora_image_transport/share/theora_image_transport/hook/pythonpath.sh'
[354.211s] Level 1:colcon.colcon_core.environment:checking '/home/adam/Sensor-Fusion-And-Autonomous-Racing-Cars/ros_ws/install/theora_image_transport/bin'
[354.215s] Level 1:colcon.colcon_core.shell:create_environment_hook('theora_image_transport', 'pythonscriptspath')
[354.807s] INFO:colcon.colcon_core.shell:Creating environment hook '/home/adam/Sensor-Fusion-And-Autonomous-Racing-Cars/ros_ws/install/theora_image_transport/share/theora_image_transport/hook/pythonscriptspath.ps1'
[354.810s] INFO:colcon.colcon_core.shell:Creating environment descriptor '/home/adam/Sensor-Fusion-And-Autonomous-Racing-Cars/ros_ws/install/theora_image_transport/share/theora_image_transport/hook/pythonscriptspath.dsv'
[354.813s] INFO:colcon.colcon_core.shell:Creating environment hook '/home/adam/Sensor-Fusion-And-Autonomous-Racing-Cars/ros_ws/install/theora_image_transport/share/theora_image_transport/hook/pythonscriptspath.sh'
[355.292s] INFO:colcon.colcon_core.shell:Creating package script '/home/adam/Sensor-Fusion-And-Autonomous-Racing-Cars/ros_ws/install/theora_image_transport/share/theora_image_transport/package.ps1'
[355.297s] INFO:colcon.colcon_core.shell:Creating package descriptor '/home/adam/Sensor-Fusion-And-Autonomous-Racing-Cars/ros_ws/install/theora_image_transport/share/theora_image_transport/package.dsv'
[355.334s] INFO:colcon.colcon_core.shell:Creating package script '/home/adam/Sensor-Fusion-And-Autonomous-Racing-Cars/ros_ws/install/theora_image_transport/share/theora_image_transport/package.sh'
[355.340s] INFO:colcon.colcon_core.shell:Creating package script '/home/adam/Sensor-Fusion-And-Autonomous-Racing-Cars/ros_ws/install/theora_image_transport/share/theora_image_transport/package.bash'
[355.343s] INFO:colcon.colcon_core.shell:Creating package script '/home/adam/Sensor-Fusion-And-Autonomous-Racing-Cars/ros_ws/install/theora_image_transport/share/theora_image_transport/package.zsh'
[355.347s] Level 1:colcon.colcon_core.environment:create_file_with_runtime_dependencies(/home/adam/Sensor-Fusion-And-Autonomous-Racing-Cars/ros_ws/install/theora_image_transport/share/colcon-core/packages/theora_image_transport)
[355.398s] DEBUG:colcon.colcon_core.event_handler.log_command:Invoking command in '/home/adam/Sensor-Fusion-And-Autonomous-Racing-Cars/ros_ws/src/steering_test_pkg': PYTHONPATH=/home/adam/Sensor-Fusion-And-Autonomous-Racing-Cars/ros_ws/build/steering_test_pkg/prefix_override:/home/adam/Sensor-Fusion-And-Autonomous-Racing-Cars/ros_ws/install/steering_test_pkg/lib/python3.8/site-packages:${PYTHONPATH} /usr/bin/python3 setup.py egg_info --egg-base ../../build/steering_test_pkg build --build-base /home/adam/Sensor-Fusion-And-Autonomous-Racing-Cars/ros_ws/build/steering_test_pkg/build install --record /home/adam/Sensor-Fusion-And-Autonomous-Racing-Cars/ros_ws/build/steering_test_pkg/install.log --install-scripts $base/lib/steering_test_pkg --single-version-externally-managed
[357.729s] Level 1:colcon.colcon_core.environment:create_environment_scripts_only(theora_image_transport)
[358.242s] Level 1:colcon.colcon_core.environment:checking '/home/adam/Sensor-Fusion-And-Autonomous-Racing-Cars/ros_ws/install/theora_image_transport' for CMake module files
[358.250s] Level 1:colcon.colcon_core.environment:checking '/home/adam/Sensor-Fusion-And-Autonomous-Racing-Cars/ros_ws/install/theora_image_transport' for CMake config files
[358.256s] Level 1:colcon.colcon_core.shell:create_environment_hook('theora_image_transport', 'cmake_prefix_path')
[358.903s] INFO:colcon.colcon_core.shell:Creating environment hook '/home/adam/Sensor-Fusion-And-Autonomous-Racing-Cars/ros_ws/install/theora_image_transport/share/theora_image_transport/hook/cmake_prefix_path.ps1'
[358.907s] INFO:colcon.colcon_core.shell:Creating environment descriptor '/home/adam/Sensor-Fusion-And-Autonomous-Racing-Cars/ros_ws/install/theora_image_transport/share/theora_image_transport/hook/cmake_prefix_path.dsv'
[358.911s] INFO:colcon.colcon_core.shell:Creating environment hook '/home/adam/Sensor-Fusion-And-Autonomous-Racing-Cars/ros_ws/install/theora_image_transport/share/theora_image_transport/hook/cmake_prefix_path.sh'
[358.915s] Level 1:colcon.colcon_core.environment:checking '/home/adam/Sensor-Fusion-And-Autonomous-Racing-Cars/ros_ws/install/theora_image_transport/lib'
[358.917s] Level 1:colcon.colcon_core.shell:create_environment_hook('theora_image_transport', 'ld_library_path_lib')
[359.405s] INFO:colcon.colcon_core.shell:Creating environment hook '/home/adam/Sensor-Fusion-And-Autonomous-Racing-Cars/ros_ws/install/theora_image_transport/share/theora_image_transport/hook/ld_library_path_lib.ps1'
[359.410s] INFO:colcon.colcon_core.shell:Creating environment descriptor '/home/adam/Sensor-Fusion-And-Autonomous-Racing-Cars/ros_ws/install/theora_image_transport/share/theora_image_transport/hook/ld_library_path_lib.dsv'
[359.413s] INFO:colcon.colcon_core.shell:Creating environment hook '/home/adam/Sensor-Fusion-And-Autonomous-Racing-Cars/ros_ws/install/theora_image_transport/share/theora_image_transport/hook/ld_library_path_lib.sh'
[359.416s] Level 1:colcon.colcon_core.environment:checking '/home/adam/Sensor-Fusion-And-Autonomous-Racing-Cars/ros_ws/install/theora_image_transport/bin'
[359.417s] Level 1:colcon.colcon_core.shell:create_environment_hook('theora_image_transport', 'path')
[360.074s] INFO:colcon.colcon_core.shell:Creating environment hook '/home/adam/Sensor-Fusion-And-Autonomous-Racing-Cars/ros_ws/install/theora_image_transport/share/theora_image_transport/hook/path.ps1'
[360.080s] INFO:colcon.colcon_core.shell:Creating environment descriptor '/home/adam/Sensor-Fusion-And-Autonomous-Racing-Cars/ros_ws/install/theora_image_transport/share/theora_image_transport/hook/path.dsv'
[360.085s] INFO:colcon.colcon_core.shell:Creating environment hook '/home/adam/Sensor-Fusion-And-Autonomous-Racing-Cars/ros_ws/install/theora_image_transport/share/theora_image_transport/hook/path.sh'
[360.091s] Level 1:colcon.colcon_core.environment:checking '/home/adam/Sensor-Fusion-And-Autonomous-Racing-Cars/ros_ws/install/theora_image_transport/lib/pkgconfig/theora_image_transport.pc'
[360.096s] Level 1:colcon.colcon_core.environment:checking '/home/adam/Sensor-Fusion-And-Autonomous-Racing-Cars/ros_ws/install/theora_image_transport/lib/python3.8/site-packages'
[360.098s] Level 1:colcon.colcon_core.shell:create_environment_hook('theora_image_transport', 'pythonpath')
[360.803s] INFO:colcon.colcon_core.shell:Creating environment hook '/home/adam/Sensor-Fusion-And-Autonomous-Racing-Cars/ros_ws/install/theora_image_transport/share/theora_image_transport/hook/pythonpath.ps1'
[360.807s] INFO:colcon.colcon_core.shell:Creating environment descriptor '/home/adam/Sensor-Fusion-And-Autonomous-Racing-Cars/ros_ws/install/theora_image_transport/share/theora_image_transport/hook/pythonpath.dsv'
[360.814s] INFO:colcon.colcon_core.shell:Creating environment hook '/home/adam/Sensor-Fusion-And-Autonomous-Racing-Cars/ros_ws/install/theora_image_transport/share/theora_image_transport/hook/pythonpath.sh'
[360.821s] Level 1:colcon.colcon_core.environment:checking '/home/adam/Sensor-Fusion-And-Autonomous-Racing-Cars/ros_ws/install/theora_image_transport/bin'
[360.824s] Level 1:colcon.colcon_core.shell:create_environment_hook('theora_image_transport', 'pythonscriptspath')
[361.573s] INFO:colcon.colcon_core.shell:Creating environment hook '/home/adam/Sensor-Fusion-And-Autonomous-Racing-Cars/ros_ws/install/theora_image_transport/share/theora_image_transport/hook/pythonscriptspath.ps1'
[361.576s] INFO:colcon.colcon_core.shell:Creating environment descriptor '/home/adam/Sensor-Fusion-And-Autonomous-Racing-Cars/ros_ws/install/theora_image_transport/share/theora_image_transport/hook/pythonscriptspath.dsv'
[361.581s] INFO:colcon.colcon_core.shell:Creating environment hook '/home/adam/Sensor-Fusion-And-Autonomous-Racing-Cars/ros_ws/install/theora_image_transport/share/theora_image_transport/hook/pythonscriptspath.sh'
[362.248s] INFO:colcon.colcon_core.shell:Creating package script '/home/adam/Sensor-Fusion-And-Autonomous-Racing-Cars/ros_ws/install/theora_image_transport/share/theora_image_transport/package.ps1'
[362.261s] INFO:colcon.colcon_core.shell:Creating package descriptor '/home/adam/Sensor-Fusion-And-Autonomous-Racing-Cars/ros_ws/install/theora_image_transport/share/theora_image_transport/package.dsv'
[362.280s] INFO:colcon.colcon_core.shell:Creating package script '/home/adam/Sensor-Fusion-And-Autonomous-Racing-Cars/ros_ws/install/theora_image_transport/share/theora_image_transport/package.sh'
[362.286s] INFO:colcon.colcon_core.shell:Creating package script '/home/adam/Sensor-Fusion-And-Autonomous-Racing-Cars/ros_ws/install/theora_image_transport/share/theora_image_transport/package.bash'
[362.295s] INFO:colcon.colcon_core.shell:Creating package script '/home/adam/Sensor-Fusion-And-Autonomous-Racing-Cars/ros_ws/install/theora_image_transport/share/theora_image_transport/package.zsh'
[362.300s] Level 1:colcon.colcon_core.environment:create_file_with_runtime_dependencies(/home/adam/Sensor-Fusion-And-Autonomous-Racing-Cars/ros_ws/install/theora_image_transport/share/colcon-core/packages/theora_image_transport)
[362.309s] INFO:colcon.colcon_ros.task.ament_cmake.build:Building ROS package in '/home/adam/Sensor-Fusion-And-Autonomous-Racing-Cars/ros_ws/src/v4l2_camera' with build type 'ament_cmake'
[362.312s] INFO:colcon.colcon_cmake.task.cmake.build:Building CMake package in '/home/adam/Sensor-Fusion-And-Autonomous-Racing-Cars/ros_ws/src/v4l2_camera'
[362.750s] INFO:colcon.colcon_core.shell:Skip shell extension 'powershell' for command environment: Not usable outside of PowerShell
[362.751s] DEBUG:colcon.colcon_core.shell:Skip shell extension 'dsv' for command environment
[363.813s] DEBUG:colcon.colcon_core.event_handler.log_command:Invoked command in '/home/adam/Sensor-Fusion-And-Autonomous-Racing-Cars/ros_ws/src/steering_test_pkg' returned '0': PYTHONPATH=/home/adam/Sensor-Fusion-And-Autonomous-Racing-Cars/ros_ws/build/steering_test_pkg/prefix_override:/home/adam/Sensor-Fusion-And-Autonomous-Racing-Cars/ros_ws/install/steering_test_pkg/lib/python3.8/site-packages:${PYTHONPATH} /usr/bin/python3 setup.py egg_info --egg-base ../../build/steering_test_pkg build --build-base /home/adam/Sensor-Fusion-And-Autonomous-Racing-Cars/ros_ws/build/steering_test_pkg/build install --record /home/adam/Sensor-Fusion-And-Autonomous-Racing-Cars/ros_ws/build/steering_test_pkg/install.log --install-scripts $base/lib/steering_test_pkg --single-version-externally-managed
[364.302s] Level 1:colcon.colcon_core.environment:checking '/home/adam/Sensor-Fusion-And-Autonomous-Racing-Cars/ros_ws/install/steering_test_pkg' for CMake module files
[364.305s] Level 1:colcon.colcon_core.environment:checking '/home/adam/Sensor-Fusion-And-Autonomous-Racing-Cars/ros_ws/install/steering_test_pkg' for CMake config files
[364.309s] Level 1:colcon.colcon_core.environment:checking '/home/adam/Sensor-Fusion-And-Autonomous-Racing-Cars/ros_ws/install/steering_test_pkg/lib'
[364.311s] Level 1:colcon.colcon_core.environment:checking '/home/adam/Sensor-Fusion-And-Autonomous-Racing-Cars/ros_ws/install/steering_test_pkg/bin'
[364.311s] Level 1:colcon.colcon_core.environment:checking '/home/adam/Sensor-Fusion-And-Autonomous-Racing-Cars/ros_ws/install/steering_test_pkg/lib/pkgconfig/steering_test_pkg.pc'
[364.313s] Level 1:colcon.colcon_core.environment:checking '/home/adam/Sensor-Fusion-And-Autonomous-Racing-Cars/ros_ws/install/steering_test_pkg/lib/python3.8/site-packages'
[364.314s] Level 1:colcon.colcon_core.shell:create_environment_hook('steering_test_pkg', 'pythonpath')
[364.737s] INFO:colcon.colcon_core.shell:Creating environment hook '/home/adam/Sensor-Fusion-And-Autonomous-Racing-Cars/ros_ws/install/steering_test_pkg/share/steering_test_pkg/hook/pythonpath.ps1'
[364.742s] INFO:colcon.colcon_core.shell:Creating environment descriptor '/home/adam/Sensor-Fusion-And-Autonomous-Racing-Cars/ros_ws/install/steering_test_pkg/share/steering_test_pkg/hook/pythonpath.dsv'
[364.747s] INFO:colcon.colcon_core.shell:Creating environment hook '/home/adam/Sensor-Fusion-And-Autonomous-Racing-Cars/ros_ws/install/steering_test_pkg/share/steering_test_pkg/hook/pythonpath.sh'
[364.753s] Level 1:colcon.colcon_core.environment:checking '/home/adam/Sensor-Fusion-And-Autonomous-Racing-Cars/ros_ws/install/steering_test_pkg/bin'
[364.755s] Level 1:colcon.colcon_core.environment:create_environment_scripts_only(steering_test_pkg)
[365.210s] INFO:colcon.colcon_core.shell:Creating package script '/home/adam/Sensor-Fusion-And-Autonomous-Racing-Cars/ros_ws/install/steering_test_pkg/share/steering_test_pkg/package.ps1'
[365.216s] INFO:colcon.colcon_core.shell:Creating package descriptor '/home/adam/Sensor-Fusion-And-Autonomous-Racing-Cars/ros_ws/install/steering_test_pkg/share/steering_test_pkg/package.dsv'
[365.225s] INFO:colcon.colcon_core.shell:Creating package script '/home/adam/Sensor-Fusion-And-Autonomous-Racing-Cars/ros_ws/install/steering_test_pkg/share/steering_test_pkg/package.sh'
[365.230s] INFO:colcon.colcon_core.shell:Creating package script '/home/adam/Sensor-Fusion-And-Autonomous-Racing-Cars/ros_ws/install/steering_test_pkg/share/steering_test_pkg/package.bash'
[365.235s] INFO:colcon.colcon_core.shell:Creating package script '/home/adam/Sensor-Fusion-And-Autonomous-Racing-Cars/ros_ws/install/steering_test_pkg/share/steering_test_pkg/package.zsh'
[365.239s] Level 1:colcon.colcon_core.environment:create_file_with_runtime_dependencies(/home/adam/Sensor-Fusion-And-Autonomous-Racing-Cars/ros_ws/install/steering_test_pkg/share/colcon-core/packages/steering_test_pkg)
[365.252s] INFO:colcon.colcon_ros.task.ament_cmake.build:Building ROS package in '/home/adam/Sensor-Fusion-And-Autonomous-Racing-Cars/ros_ws/src/image_transport_plugins/image_transport_plugins' with build type 'ament_cmake'
[365.256s] INFO:colcon.colcon_cmake.task.cmake.build:Building CMake package in '/home/adam/Sensor-Fusion-And-Autonomous-Racing-Cars/ros_ws/src/image_transport_plugins/image_transport_plugins'
[365.684s] INFO:colcon.colcon_core.shell:Skip shell extension 'powershell' for command environment: Not usable outside of PowerShell
[365.685s] DEBUG:colcon.colcon_core.shell:Skip shell extension 'dsv' for command environment
[367.131s] DEBUG:colcon.colcon_core.event_handler.log_command:Invoking command in '/home/adam/Sensor-Fusion-And-Autonomous-Racing-Cars/ros_ws/build/v4l2_camera': CMAKE_PREFIX_PATH=${CMAKE_PREFIX_PATH}:/home/adam/Sensor-Fusion-And-Autonomous-Racing-Cars/ros_ws/src/install/arc_autonomous_ctrl:/home/adam/Sensor-Fusion-And-Autonomous-Racing-Cars/ros_ws/install/steering_test_pkg:/home/adam/Sensor-Fusion-And-Autonomous-Racing-Cars/ros_ws/install/servo_controller:/home/adam/Sensor-Fusion-And-Autonomous-Racing-Cars/ros_ws/install/motor_controller:/home/adam/Sensor-Fusion-And-Autonomous-Racing-Cars/ros_ws/install/camera_sensor:/home/adam/Sensor-Fusion-And-Autonomous-Racing-Cars/ros_ws/install/arc_startup:/home/adam/Sensor-Fusion-And-Autonomous-Racing-Cars/ros_ws/install/arc_keyboard_control:/home/adam/Sensor-Fusion-And-Autonomous-Racing-Cars/ros_ws/install/arc_autonomous_ctrl:/opt/ros/foxy /usr/bin/cmake /home/adam/Sensor-Fusion-And-Autonomous-Racing-Cars/ros_ws/src/v4l2_camera -DCMAKE_INSTALL_PREFIX=/home/adam/Sensor-Fusion-And-Autonomous-Racing-Cars/ros_ws/install/v4l2_camera
[367.220s] DEBUG:colcon.colcon_core.event_handler.log_command:Invoking command in '/home/adam/Sensor-Fusion-And-Autonomous-Racing-Cars/ros_ws/build/image_transport_plugins': CMAKE_PREFIX_PATH=/home/adam/Sensor-Fusion-And-Autonomous-Racing-Cars/ros_ws/install/theora_image_transport:/home/adam/Sensor-Fusion-And-Autonomous-Racing-Cars/ros_ws/install/compressed_image_transport:/home/adam/Sensor-Fusion-And-Autonomous-Racing-Cars/ros_ws/install/compressed_depth_image_transport:/home/adam/Sensor-Fusion-And-Autonomous-Racing-Cars/ros_ws/install/vesc:/home/adam/Sensor-Fusion-And-Autonomous-Racing-Cars/ros_ws/install/vesc_driver:/home/adam/Sensor-Fusion-And-Autonomous-Racing-Cars/ros_ws/install/vesc_ackermann:/home/adam/Sensor-Fusion-And-Autonomous-Racing-Cars/ros_ws/install/vesc_msgs:/home/adam/Sensor-Fusion-And-Autonomous-Racing-Cars/ros_ws/install/v4l2_camera:/home/adam/Sensor-Fusion-And-Autonomous-Racing-Cars/ros_ws/install/udp_driver:/home/adam/Sensor-Fusion-And-Autonomous-Racing-Cars/ros_ws/install/image_transport_plugins:/home/adam/Sensor-Fusion-And-Autonomous-Racing-Cars/ros_ws/install/serial_driver:/home/adam/Sensor-Fusion-And-Autonomous-Racing-Cars/ros_ws/install/ldlidar_ros2:/home/adam/Sensor-Fusion-And-Autonomous-Racing-Cars/ros_ws/install/io_context:/home/adam/Sensor-Fusion-And-Autonomous-Racing-Cars/ros_ws/install/asio_cmake_module:/home/adam/Sensor-Fusion-And-Autonomous-Racing-Cars/ros_ws/src/install/arc_autonomous_ctrl:/home/adam/Sensor-Fusion-And-Autonomous-Racing-Cars/ros_ws/install/steering_test_pkg:/home/adam/Sensor-Fusion-And-Autonomous-Racing-Cars/ros_ws/install/servo_controller:/home/adam/Sensor-Fusion-And-Autonomous-Racing-Cars/ros_ws/install/motor_controller:/home/adam/Sensor-Fusion-And-Autonomous-Racing-Cars/ros_ws/install/camera_sensor:/home/adam/Sensor-Fusion-And-Autonomous-Racing-Cars/ros_ws/install/arc_startup:/home/adam/Sensor-Fusion-And-Autonomous-Racing-Cars/ros_ws/install/arc_keyboard_control:/home/adam/Sensor-Fusion-And-Autonomous-Racing-Cars/ros_ws/install/arc_autonomous_ctrl:/opt/ros/foxy LD_LIBRARY_PATH=/home/adam/Sensor-Fusion-And-Autonomous-Racing-Cars/ros_ws/install/theora_image_transport/lib:/home/adam/Sensor-Fusion-And-Autonomous-Racing-Cars/ros_ws/install/compressed_image_transport/lib:/home/adam/Sensor-Fusion-And-Autonomous-Racing-Cars/ros_ws/install/compressed_depth_image_transport/lib:/home/adam/Sensor-Fusion-And-Autonomous-Racing-Cars/ros_ws/install/vesc_driver/lib:/home/adam/Sensor-Fusion-And-Autonomous-Racing-Cars/ros_ws/install/vesc_ackermann/lib:/home/adam/Sensor-Fusion-And-Autonomous-Racing-Cars/ros_ws/install/vesc_msgs/lib:/home/adam/Sensor-Fusion-And-Autonomous-Racing-Cars/ros_ws/install/v4l2_camera/lib:/home/adam/Sensor-Fusion-And-Autonomous-Racing-Cars/ros_ws/install/udp_driver/lib:/home/adam/Sensor-Fusion-And-Autonomous-Racing-Cars/ros_ws/install/serial_driver/lib:/home/adam/Sensor-Fusion-And-Autonomous-Racing-Cars/ros_ws/install/io_context/lib:/opt/ros/foxy/opt/yaml_cpp_vendor/lib:/opt/ros/foxy/opt/rviz_ogre_vendor/lib:/opt/ros/foxy/lib/aarch64-linux-gnu:/opt/ros/foxy/lib PATH=/home/adam/Sensor-Fusion-And-Autonomous-Racing-Cars/ros_ws/install/theora_image_transport/bin:/home/adam/.vscode-server/bin/1e790d77f81672c49be070e04474901747115651/bin/remote-cli:/home/adam/.local/bin:/opt/ros/foxy/bin:/usr/local/sbin:/usr/local/bin:/usr/sbin:/usr/bin:/sbin:/bin:/usr/games:/usr/local/games:/snap/bin PYTHONPATH=/home/adam/Sensor-Fusion-And-Autonomous-Racing-Cars/ros_ws/install/theora_image_transport/lib/python3.8/site-packages:/home/adam/Sensor-Fusion-And-Autonomous-Racing-Cars/ros_ws/src/install/arc_autonomous_ctrl/lib/python3.8/site-packages:/home/adam/Sensor-Fusion-And-Autonomous-Racing-Cars/ros_ws/install/vesc_msgs/lib/python3.8/site-packages:/home/adam/Sensor-Fusion-And-Autonomous-Racing-Cars/ros_ws/install/steering_test_pkg/lib/python3.8/site-packages:/home/adam/Sensor-Fusion-And-Autonomous-Racing-Cars/ros_ws/install/servo_controller/lib/python3.8/site-packages:/home/adam/Sensor-Fusion-And-Autonomous-Racing-Cars/ros_ws/install/motor_controller/lib/python3.8/site-packages:/home/adam/Sensor-Fusion-And-Autonomous-Racing-Cars/ros_ws/install/camera_sensor/lib/python3.8/site-packages:/home/adam/Sensor-Fusion-And-Autonomous-Racing-Cars/ros_ws/install/arc_startup/lib/python3.8/site-packages:/home/adam/Sensor-Fusion-And-Autonomous-Racing-Cars/ros_ws/install/arc_keyboard_control/lib/python3.8/site-packages:/home/adam/Sensor-Fusion-And-Autonomous-Racing-Cars/ros_ws/install/arc_autonomous_ctrl/lib/python3.8/site-packages:/opt/ros/foxy/lib/python3.8/site-packages /usr/bin/cmake /home/adam/Sensor-Fusion-And-Autonomous-Racing-Cars/ros_ws/src/image_transport_plugins/image_transport_plugins -DCMAKE_INSTALL_PREFIX=/home/adam/Sensor-Fusion-And-Autonomous-Racing-Cars/ros_ws/install/image_transport_plugins
[376.167s] DEBUG:colcon.colcon_core.event_handler.log_command:Invoked command in '/home/adam/Sensor-Fusion-And-Autonomous-Racing-Cars/ros_ws/build/image_transport_plugins' returned '0': CMAKE_PREFIX_PATH=/home/adam/Sensor-Fusion-And-Autonomous-Racing-Cars/ros_ws/install/theora_image_transport:/home/adam/Sensor-Fusion-And-Autonomous-Racing-Cars/ros_ws/install/compressed_image_transport:/home/adam/Sensor-Fusion-And-Autonomous-Racing-Cars/ros_ws/install/compressed_depth_image_transport:/home/adam/Sensor-Fusion-And-Autonomous-Racing-Cars/ros_ws/install/vesc:/home/adam/Sensor-Fusion-And-Autonomous-Racing-Cars/ros_ws/install/vesc_driver:/home/adam/Sensor-Fusion-And-Autonomous-Racing-Cars/ros_ws/install/vesc_ackermann:/home/adam/Sensor-Fusion-And-Autonomous-Racing-Cars/ros_ws/install/vesc_msgs:/home/adam/Sensor-Fusion-And-Autonomous-Racing-Cars/ros_ws/install/v4l2_camera:/home/adam/Sensor-Fusion-And-Autonomous-Racing-Cars/ros_ws/install/udp_driver:/home/adam/Sensor-Fusion-And-Autonomous-Racing-Cars/ros_ws/install/image_transport_plugins:/home/adam/Sensor-Fusion-And-Autonomous-Racing-Cars/ros_ws/install/serial_driver:/home/adam/Sensor-Fusion-And-Autonomous-Racing-Cars/ros_ws/install/ldlidar_ros2:/home/adam/Sensor-Fusion-And-Autonomous-Racing-Cars/ros_ws/install/io_context:/home/adam/Sensor-Fusion-And-Autonomous-Racing-Cars/ros_ws/install/asio_cmake_module:/home/adam/Sensor-Fusion-And-Autonomous-Racing-Cars/ros_ws/src/install/arc_autonomous_ctrl:/home/adam/Sensor-Fusion-And-Autonomous-Racing-Cars/ros_ws/install/steering_test_pkg:/home/adam/Sensor-Fusion-And-Autonomous-Racing-Cars/ros_ws/install/servo_controller:/home/adam/Sensor-Fusion-And-Autonomous-Racing-Cars/ros_ws/install/motor_controller:/home/adam/Sensor-Fusion-And-Autonomous-Racing-Cars/ros_ws/install/camera_sensor:/home/adam/Sensor-Fusion-And-Autonomous-Racing-Cars/ros_ws/install/arc_startup:/home/adam/Sensor-Fusion-And-Autonomous-Racing-Cars/ros_ws/install/arc_keyboard_control:/home/adam/Sensor-Fusion-And-Autonomous-Racing-Cars/ros_ws/install/arc_autonomous_ctrl:/opt/ros/foxy LD_LIBRARY_PATH=/home/adam/Sensor-Fusion-And-Autonomous-Racing-Cars/ros_ws/install/theora_image_transport/lib:/home/adam/Sensor-Fusion-And-Autonomous-Racing-Cars/ros_ws/install/compressed_image_transport/lib:/home/adam/Sensor-Fusion-And-Autonomous-Racing-Cars/ros_ws/install/compressed_depth_image_transport/lib:/home/adam/Sensor-Fusion-And-Autonomous-Racing-Cars/ros_ws/install/vesc_driver/lib:/home/adam/Sensor-Fusion-And-Autonomous-Racing-Cars/ros_ws/install/vesc_ackermann/lib:/home/adam/Sensor-Fusion-And-Autonomous-Racing-Cars/ros_ws/install/vesc_msgs/lib:/home/adam/Sensor-Fusion-And-Autonomous-Racing-Cars/ros_ws/install/v4l2_camera/lib:/home/adam/Sensor-Fusion-And-Autonomous-Racing-Cars/ros_ws/install/udp_driver/lib:/home/adam/Sensor-Fusion-And-Autonomous-Racing-Cars/ros_ws/install/serial_driver/lib:/home/adam/Sensor-Fusion-And-Autonomous-Racing-Cars/ros_ws/install/io_context/lib:/opt/ros/foxy/opt/yaml_cpp_vendor/lib:/opt/ros/foxy/opt/rviz_ogre_vendor/lib:/opt/ros/foxy/lib/aarch64-linux-gnu:/opt/ros/foxy/lib PATH=/home/adam/Sensor-Fusion-And-Autonomous-Racing-Cars/ros_ws/install/theora_image_transport/bin:/home/adam/.vscode-server/bin/1e790d77f81672c49be070e04474901747115651/bin/remote-cli:/home/adam/.local/bin:/opt/ros/foxy/bin:/usr/local/sbin:/usr/local/bin:/usr/sbin:/usr/bin:/sbin:/bin:/usr/games:/usr/local/games:/snap/bin PYTHONPATH=/home/adam/Sensor-Fusion-And-Autonomous-Racing-Cars/ros_ws/install/theora_image_transport/lib/python3.8/site-packages:/home/adam/Sensor-Fusion-And-Autonomous-Racing-Cars/ros_ws/src/install/arc_autonomous_ctrl/lib/python3.8/site-packages:/home/adam/Sensor-Fusion-And-Autonomous-Racing-Cars/ros_ws/install/vesc_msgs/lib/python3.8/site-packages:/home/adam/Sensor-Fusion-And-Autonomous-Racing-Cars/ros_ws/install/steering_test_pkg/lib/python3.8/site-packages:/home/adam/Sensor-Fusion-And-Autonomous-Racing-Cars/ros_ws/install/servo_controller/lib/python3.8/site-packages:/home/adam/Sensor-Fusion-And-Autonomous-Racing-Cars/ros_ws/install/motor_controller/lib/python3.8/site-packages:/home/adam/Sensor-Fusion-And-Autonomous-Racing-Cars/ros_ws/install/camera_sensor/lib/python3.8/site-packages:/home/adam/Sensor-Fusion-And-Autonomous-Racing-Cars/ros_ws/install/arc_startup/lib/python3.8/site-packages:/home/adam/Sensor-Fusion-And-Autonomous-Racing-Cars/ros_ws/install/arc_keyboard_control/lib/python3.8/site-packages:/home/adam/Sensor-Fusion-And-Autonomous-Racing-Cars/ros_ws/install/arc_autonomous_ctrl/lib/python3.8/site-packages:/opt/ros/foxy/lib/python3.8/site-packages /usr/bin/cmake /home/adam/Sensor-Fusion-And-Autonomous-Racing-Cars/ros_ws/src/image_transport_plugins/image_transport_plugins -DCMAKE_INSTALL_PREFIX=/home/adam/Sensor-Fusion-And-Autonomous-Racing-Cars/ros_ws/install/image_transport_plugins
[376.171s] DEBUG:colcon.colcon_core.event_handler.log_command:Invoking command in '/home/adam/Sensor-Fusion-And-Autonomous-Racing-Cars/ros_ws/build/image_transport_plugins': CMAKE_PREFIX_PATH=/home/adam/Sensor-Fusion-And-Autonomous-Racing-Cars/ros_ws/install/theora_image_transport:/home/adam/Sensor-Fusion-And-Autonomous-Racing-Cars/ros_ws/install/compressed_image_transport:/home/adam/Sensor-Fusion-And-Autonomous-Racing-Cars/ros_ws/install/compressed_depth_image_transport:/home/adam/Sensor-Fusion-And-Autonomous-Racing-Cars/ros_ws/install/vesc:/home/adam/Sensor-Fusion-And-Autonomous-Racing-Cars/ros_ws/install/vesc_driver:/home/adam/Sensor-Fusion-And-Autonomous-Racing-Cars/ros_ws/install/vesc_ackermann:/home/adam/Sensor-Fusion-And-Autonomous-Racing-Cars/ros_ws/install/vesc_msgs:/home/adam/Sensor-Fusion-And-Autonomous-Racing-Cars/ros_ws/install/v4l2_camera:/home/adam/Sensor-Fusion-And-Autonomous-Racing-Cars/ros_ws/install/udp_driver:/home/adam/Sensor-Fusion-And-Autonomous-Racing-Cars/ros_ws/install/image_transport_plugins:/home/adam/Sensor-Fusion-And-Autonomous-Racing-Cars/ros_ws/install/serial_driver:/home/adam/Sensor-Fusion-And-Autonomous-Racing-Cars/ros_ws/install/ldlidar_ros2:/home/adam/Sensor-Fusion-And-Autonomous-Racing-Cars/ros_ws/install/io_context:/home/adam/Sensor-Fusion-And-Autonomous-Racing-Cars/ros_ws/install/asio_cmake_module:/home/adam/Sensor-Fusion-And-Autonomous-Racing-Cars/ros_ws/src/install/arc_autonomous_ctrl:/home/adam/Sensor-Fusion-And-Autonomous-Racing-Cars/ros_ws/install/steering_test_pkg:/home/adam/Sensor-Fusion-And-Autonomous-Racing-Cars/ros_ws/install/servo_controller:/home/adam/Sensor-Fusion-And-Autonomous-Racing-Cars/ros_ws/install/motor_controller:/home/adam/Sensor-Fusion-And-Autonomous-Racing-Cars/ros_ws/install/camera_sensor:/home/adam/Sensor-Fusion-And-Autonomous-Racing-Cars/ros_ws/install/arc_startup:/home/adam/Sensor-Fusion-And-Autonomous-Racing-Cars/ros_ws/install/arc_keyboard_control:/home/adam/Sensor-Fusion-And-Autonomous-Racing-Cars/ros_ws/install/arc_autonomous_ctrl:/opt/ros/foxy LD_LIBRARY_PATH=/home/adam/Sensor-Fusion-And-Autonomous-Racing-Cars/ros_ws/install/theora_image_transport/lib:/home/adam/Sensor-Fusion-And-Autonomous-Racing-Cars/ros_ws/install/compressed_image_transport/lib:/home/adam/Sensor-Fusion-And-Autonomous-Racing-Cars/ros_ws/install/compressed_depth_image_transport/lib:/home/adam/Sensor-Fusion-And-Autonomous-Racing-Cars/ros_ws/install/vesc_driver/lib:/home/adam/Sensor-Fusion-And-Autonomous-Racing-Cars/ros_ws/install/vesc_ackermann/lib:/home/adam/Sensor-Fusion-And-Autonomous-Racing-Cars/ros_ws/install/vesc_msgs/lib:/home/adam/Sensor-Fusion-And-Autonomous-Racing-Cars/ros_ws/install/v4l2_camera/lib:/home/adam/Sensor-Fusion-And-Autonomous-Racing-Cars/ros_ws/install/udp_driver/lib:/home/adam/Sensor-Fusion-And-Autonomous-Racing-Cars/ros_ws/install/serial_driver/lib:/home/adam/Sensor-Fusion-And-Autonomous-Racing-Cars/ros_ws/install/io_context/lib:/opt/ros/foxy/opt/yaml_cpp_vendor/lib:/opt/ros/foxy/opt/rviz_ogre_vendor/lib:/opt/ros/foxy/lib/aarch64-linux-gnu:/opt/ros/foxy/lib PATH=/home/adam/Sensor-Fusion-And-Autonomous-Racing-Cars/ros_ws/install/theora_image_transport/bin:/home/adam/.vscode-server/bin/1e790d77f81672c49be070e04474901747115651/bin/remote-cli:/home/adam/.local/bin:/opt/ros/foxy/bin:/usr/local/sbin:/usr/local/bin:/usr/sbin:/usr/bin:/sbin:/bin:/usr/games:/usr/local/games:/snap/bin PYTHONPATH=/home/adam/Sensor-Fusion-And-Autonomous-Racing-Cars/ros_ws/install/theora_image_transport/lib/python3.8/site-packages:/home/adam/Sensor-Fusion-And-Autonomous-Racing-Cars/ros_ws/src/install/arc_autonomous_ctrl/lib/python3.8/site-packages:/home/adam/Sensor-Fusion-And-Autonomous-Racing-Cars/ros_ws/install/vesc_msgs/lib/python3.8/site-packages:/home/adam/Sensor-Fusion-And-Autonomous-Racing-Cars/ros_ws/install/steering_test_pkg/lib/python3.8/site-packages:/home/adam/Sensor-Fusion-And-Autonomous-Racing-Cars/ros_ws/install/servo_controller/lib/python3.8/site-packages:/home/adam/Sensor-Fusion-And-Autonomous-Racing-Cars/ros_ws/install/motor_controller/lib/python3.8/site-packages:/home/adam/Sensor-Fusion-And-Autonomous-Racing-Cars/ros_ws/install/camera_sensor/lib/python3.8/site-packages:/home/adam/Sensor-Fusion-And-Autonomous-Racing-Cars/ros_ws/install/arc_startup/lib/python3.8/site-packages:/home/adam/Sensor-Fusion-And-Autonomous-Racing-Cars/ros_ws/install/arc_keyboard_control/lib/python3.8/site-packages:/home/adam/Sensor-Fusion-And-Autonomous-Racing-Cars/ros_ws/install/arc_autonomous_ctrl/lib/python3.8/site-packages:/opt/ros/foxy/lib/python3.8/site-packages /usr/bin/cmake --build /home/adam/Sensor-Fusion-And-Autonomous-Racing-Cars/ros_ws/build/image_transport_plugins -- -j4 -l4
[376.659s] DEBUG:colcon.colcon_core.event_handler.log_command:Invoked command in '/home/adam/Sensor-Fusion-And-Autonomous-Racing-Cars/ros_ws/build/image_transport_plugins' returned '0': CMAKE_PREFIX_PATH=/home/adam/Sensor-Fusion-And-Autonomous-Racing-Cars/ros_ws/install/theora_image_transport:/home/adam/Sensor-Fusion-And-Autonomous-Racing-Cars/ros_ws/install/compressed_image_transport:/home/adam/Sensor-Fusion-And-Autonomous-Racing-Cars/ros_ws/install/compressed_depth_image_transport:/home/adam/Sensor-Fusion-And-Autonomous-Racing-Cars/ros_ws/install/vesc:/home/adam/Sensor-Fusion-And-Autonomous-Racing-Cars/ros_ws/install/vesc_driver:/home/adam/Sensor-Fusion-And-Autonomous-Racing-Cars/ros_ws/install/vesc_ackermann:/home/adam/Sensor-Fusion-And-Autonomous-Racing-Cars/ros_ws/install/vesc_msgs:/home/adam/Sensor-Fusion-And-Autonomous-Racing-Cars/ros_ws/install/v4l2_camera:/home/adam/Sensor-Fusion-And-Autonomous-Racing-Cars/ros_ws/install/udp_driver:/home/adam/Sensor-Fusion-And-Autonomous-Racing-Cars/ros_ws/install/image_transport_plugins:/home/adam/Sensor-Fusion-And-Autonomous-Racing-Cars/ros_ws/install/serial_driver:/home/adam/Sensor-Fusion-And-Autonomous-Racing-Cars/ros_ws/install/ldlidar_ros2:/home/adam/Sensor-Fusion-And-Autonomous-Racing-Cars/ros_ws/install/io_context:/home/adam/Sensor-Fusion-And-Autonomous-Racing-Cars/ros_ws/install/asio_cmake_module:/home/adam/Sensor-Fusion-And-Autonomous-Racing-Cars/ros_ws/src/install/arc_autonomous_ctrl:/home/adam/Sensor-Fusion-And-Autonomous-Racing-Cars/ros_ws/install/steering_test_pkg:/home/adam/Sensor-Fusion-And-Autonomous-Racing-Cars/ros_ws/install/servo_controller:/home/adam/Sensor-Fusion-And-Autonomous-Racing-Cars/ros_ws/install/motor_controller:/home/adam/Sensor-Fusion-And-Autonomous-Racing-Cars/ros_ws/install/camera_sensor:/home/adam/Sensor-Fusion-And-Autonomous-Racing-Cars/ros_ws/install/arc_startup:/home/adam/Sensor-Fusion-And-Autonomous-Racing-Cars/ros_ws/install/arc_keyboard_control:/home/adam/Sensor-Fusion-And-Autonomous-Racing-Cars/ros_ws/install/arc_autonomous_ctrl:/opt/ros/foxy LD_LIBRARY_PATH=/home/adam/Sensor-Fusion-And-Autonomous-Racing-Cars/ros_ws/install/theora_image_transport/lib:/home/adam/Sensor-Fusion-And-Autonomous-Racing-Cars/ros_ws/install/compressed_image_transport/lib:/home/adam/Sensor-Fusion-And-Autonomous-Racing-Cars/ros_ws/install/compressed_depth_image_transport/lib:/home/adam/Sensor-Fusion-And-Autonomous-Racing-Cars/ros_ws/install/vesc_driver/lib:/home/adam/Sensor-Fusion-And-Autonomous-Racing-Cars/ros_ws/install/vesc_ackermann/lib:/home/adam/Sensor-Fusion-And-Autonomous-Racing-Cars/ros_ws/install/vesc_msgs/lib:/home/adam/Sensor-Fusion-And-Autonomous-Racing-Cars/ros_ws/install/v4l2_camera/lib:/home/adam/Sensor-Fusion-And-Autonomous-Racing-Cars/ros_ws/install/udp_driver/lib:/home/adam/Sensor-Fusion-And-Autonomous-Racing-Cars/ros_ws/install/serial_driver/lib:/home/adam/Sensor-Fusion-And-Autonomous-Racing-Cars/ros_ws/install/io_context/lib:/opt/ros/foxy/opt/yaml_cpp_vendor/lib:/opt/ros/foxy/opt/rviz_ogre_vendor/lib:/opt/ros/foxy/lib/aarch64-linux-gnu:/opt/ros/foxy/lib PATH=/home/adam/Sensor-Fusion-And-Autonomous-Racing-Cars/ros_ws/install/theora_image_transport/bin:/home/adam/.vscode-server/bin/1e790d77f81672c49be070e04474901747115651/bin/remote-cli:/home/adam/.local/bin:/opt/ros/foxy/bin:/usr/local/sbin:/usr/local/bin:/usr/sbin:/usr/bin:/sbin:/bin:/usr/games:/usr/local/games:/snap/bin PYTHONPATH=/home/adam/Sensor-Fusion-And-Autonomous-Racing-Cars/ros_ws/install/theora_image_transport/lib/python3.8/site-packages:/home/adam/Sensor-Fusion-And-Autonomous-Racing-Cars/ros_ws/src/install/arc_autonomous_ctrl/lib/python3.8/site-packages:/home/adam/Sensor-Fusion-And-Autonomous-Racing-Cars/ros_ws/install/vesc_msgs/lib/python3.8/site-packages:/home/adam/Sensor-Fusion-And-Autonomous-Racing-Cars/ros_ws/install/steering_test_pkg/lib/python3.8/site-packages:/home/adam/Sensor-Fusion-And-Autonomous-Racing-Cars/ros_ws/install/servo_controller/lib/python3.8/site-packages:/home/adam/Sensor-Fusion-And-Autonomous-Racing-Cars/ros_ws/install/motor_controller/lib/python3.8/site-packages:/home/adam/Sensor-Fusion-And-Autonomous-Racing-Cars/ros_ws/install/camera_sensor/lib/python3.8/site-packages:/home/adam/Sensor-Fusion-And-Autonomous-Racing-Cars/ros_ws/install/arc_startup/lib/python3.8/site-packages:/home/adam/Sensor-Fusion-And-Autonomous-Racing-Cars/ros_ws/install/arc_keyboard_control/lib/python3.8/site-packages:/home/adam/Sensor-Fusion-And-Autonomous-Racing-Cars/ros_ws/install/arc_autonomous_ctrl/lib/python3.8/site-packages:/opt/ros/foxy/lib/python3.8/site-packages /usr/bin/cmake --build /home/adam/Sensor-Fusion-And-Autonomous-Racing-Cars/ros_ws/build/image_transport_plugins -- -j4 -l4
[377.086s] DEBUG:colcon.colcon_core.event_handler.log_command:Invoked command in '/home/adam/Sensor-Fusion-And-Autonomous-Racing-Cars/ros_ws/build/serial_driver' returned '0': CMAKE_PREFIX_PATH=/home/adam/Sensor-Fusion-And-Autonomous-Racing-Cars/ros_ws/install/io_context:/home/adam/Sensor-Fusion-And-Autonomous-Racing-Cars/ros_ws/install/asio_cmake_module:/home/adam/Sensor-Fusion-And-Autonomous-Racing-Cars/ros_ws/install/vesc:/home/adam/Sensor-Fusion-And-Autonomous-Racing-Cars/ros_ws/install/vesc_driver:/home/adam/Sensor-Fusion-And-Autonomous-Racing-Cars/ros_ws/install/vesc_ackermann:/home/adam/Sensor-Fusion-And-Autonomous-Racing-Cars/ros_ws/install/vesc_msgs:/home/adam/Sensor-Fusion-And-Autonomous-Racing-Cars/ros_ws/install/v4l2_camera:/home/adam/Sensor-Fusion-And-Autonomous-Racing-Cars/ros_ws/install/udp_driver:/home/adam/Sensor-Fusion-And-Autonomous-Racing-Cars/ros_ws/install/image_transport_plugins:/home/adam/Sensor-Fusion-And-Autonomous-Racing-Cars/ros_ws/install/theora_image_transport:/home/adam/Sensor-Fusion-And-Autonomous-Racing-Cars/ros_ws/install/serial_driver:/home/adam/Sensor-Fusion-And-Autonomous-Racing-Cars/ros_ws/install/ldlidar_ros2:/home/adam/Sensor-Fusion-And-Autonomous-Racing-Cars/ros_ws/install/compressed_image_transport:/home/adam/Sensor-Fusion-And-Autonomous-Racing-Cars/ros_ws/install/compressed_depth_image_transport:/home/adam/Sensor-Fusion-And-Autonomous-Racing-Cars/ros_ws/src/install/arc_autonomous_ctrl:/home/adam/Sensor-Fusion-And-Autonomous-Racing-Cars/ros_ws/install/steering_test_pkg:/home/adam/Sensor-Fusion-And-Autonomous-Racing-Cars/ros_ws/install/servo_controller:/home/adam/Sensor-Fusion-And-Autonomous-Racing-Cars/ros_ws/install/motor_controller:/home/adam/Sensor-Fusion-And-Autonomous-Racing-Cars/ros_ws/install/camera_sensor:/home/adam/Sensor-Fusion-And-Autonomous-Racing-Cars/ros_ws/install/arc_startup:/home/adam/Sensor-Fusion-And-Autonomous-Racing-Cars/ros_ws/install/arc_keyboard_control:/home/adam/Sensor-Fusion-And-Autonomous-Racing-Cars/ros_ws/install/arc_autonomous_ctrl:/opt/ros/foxy LD_LIBRARY_PATH=/home/adam/Sensor-Fusion-And-Autonomous-Racing-Cars/ros_ws/install/io_context/lib:/home/adam/Sensor-Fusion-And-Autonomous-Racing-Cars/ros_ws/install/vesc_driver/lib:/home/adam/Sensor-Fusion-And-Autonomous-Racing-Cars/ros_ws/install/vesc_ackermann/lib:/home/adam/Sensor-Fusion-And-Autonomous-Racing-Cars/ros_ws/install/vesc_msgs/lib:/home/adam/Sensor-Fusion-And-Autonomous-Racing-Cars/ros_ws/install/v4l2_camera/lib:/home/adam/Sensor-Fusion-And-Autonomous-Racing-Cars/ros_ws/install/udp_driver/lib:/home/adam/Sensor-Fusion-And-Autonomous-Racing-Cars/ros_ws/install/theora_image_transport/lib:/home/adam/Sensor-Fusion-And-Autonomous-Racing-Cars/ros_ws/install/serial_driver/lib:/home/adam/Sensor-Fusion-And-Autonomous-Racing-Cars/ros_ws/install/compressed_image_transport/lib:/home/adam/Sensor-Fusion-And-Autonomous-Racing-Cars/ros_ws/install/compressed_depth_image_transport/lib:/opt/ros/foxy/opt/yaml_cpp_vendor/lib:/opt/ros/foxy/opt/rviz_ogre_vendor/lib:/opt/ros/foxy/lib/aarch64-linux-gnu:/opt/ros/foxy/lib /usr/bin/cmake --build /home/adam/Sensor-Fusion-And-Autonomous-Racing-Cars/ros_ws/build/serial_driver -- -j4 -l4
[377.159s] DEBUG:colcon.colcon_core.event_handler.log_command:Invoking command in '/home/adam/Sensor-Fusion-And-Autonomous-Racing-Cars/ros_ws/build/image_transport_plugins': CMAKE_PREFIX_PATH=/home/adam/Sensor-Fusion-And-Autonomous-Racing-Cars/ros_ws/install/theora_image_transport:/home/adam/Sensor-Fusion-And-Autonomous-Racing-Cars/ros_ws/install/compressed_image_transport:/home/adam/Sensor-Fusion-And-Autonomous-Racing-Cars/ros_ws/install/compressed_depth_image_transport:/home/adam/Sensor-Fusion-And-Autonomous-Racing-Cars/ros_ws/install/vesc:/home/adam/Sensor-Fusion-And-Autonomous-Racing-Cars/ros_ws/install/vesc_driver:/home/adam/Sensor-Fusion-And-Autonomous-Racing-Cars/ros_ws/install/vesc_ackermann:/home/adam/Sensor-Fusion-And-Autonomous-Racing-Cars/ros_ws/install/vesc_msgs:/home/adam/Sensor-Fusion-And-Autonomous-Racing-Cars/ros_ws/install/v4l2_camera:/home/adam/Sensor-Fusion-And-Autonomous-Racing-Cars/ros_ws/install/udp_driver:/home/adam/Sensor-Fusion-And-Autonomous-Racing-Cars/ros_ws/install/image_transport_plugins:/home/adam/Sensor-Fusion-And-Autonomous-Racing-Cars/ros_ws/install/serial_driver:/home/adam/Sensor-Fusion-And-Autonomous-Racing-Cars/ros_ws/install/ldlidar_ros2:/home/adam/Sensor-Fusion-And-Autonomous-Racing-Cars/ros_ws/install/io_context:/home/adam/Sensor-Fusion-And-Autonomous-Racing-Cars/ros_ws/install/asio_cmake_module:/home/adam/Sensor-Fusion-And-Autonomous-Racing-Cars/ros_ws/src/install/arc_autonomous_ctrl:/home/adam/Sensor-Fusion-And-Autonomous-Racing-Cars/ros_ws/install/steering_test_pkg:/home/adam/Sensor-Fusion-And-Autonomous-Racing-Cars/ros_ws/install/servo_controller:/home/adam/Sensor-Fusion-And-Autonomous-Racing-Cars/ros_ws/install/motor_controller:/home/adam/Sensor-Fusion-And-Autonomous-Racing-Cars/ros_ws/install/camera_sensor:/home/adam/Sensor-Fusion-And-Autonomous-Racing-Cars/ros_ws/install/arc_startup:/home/adam/Sensor-Fusion-And-Autonomous-Racing-Cars/ros_ws/install/arc_keyboard_control:/home/adam/Sensor-Fusion-And-Autonomous-Racing-Cars/ros_ws/install/arc_autonomous_ctrl:/opt/ros/foxy LD_LIBRARY_PATH=/home/adam/Sensor-Fusion-And-Autonomous-Racing-Cars/ros_ws/install/theora_image_transport/lib:/home/adam/Sensor-Fusion-And-Autonomous-Racing-Cars/ros_ws/install/compressed_image_transport/lib:/home/adam/Sensor-Fusion-And-Autonomous-Racing-Cars/ros_ws/install/compressed_depth_image_transport/lib:/home/adam/Sensor-Fusion-And-Autonomous-Racing-Cars/ros_ws/install/vesc_driver/lib:/home/adam/Sensor-Fusion-And-Autonomous-Racing-Cars/ros_ws/install/vesc_ackermann/lib:/home/adam/Sensor-Fusion-And-Autonomous-Racing-Cars/ros_ws/install/vesc_msgs/lib:/home/adam/Sensor-Fusion-And-Autonomous-Racing-Cars/ros_ws/install/v4l2_camera/lib:/home/adam/Sensor-Fusion-And-Autonomous-Racing-Cars/ros_ws/install/udp_driver/lib:/home/adam/Sensor-Fusion-And-Autonomous-Racing-Cars/ros_ws/install/serial_driver/lib:/home/adam/Sensor-Fusion-And-Autonomous-Racing-Cars/ros_ws/install/io_context/lib:/opt/ros/foxy/opt/yaml_cpp_vendor/lib:/opt/ros/foxy/opt/rviz_ogre_vendor/lib:/opt/ros/foxy/lib/aarch64-linux-gnu:/opt/ros/foxy/lib PATH=/home/adam/Sensor-Fusion-And-Autonomous-Racing-Cars/ros_ws/install/theora_image_transport/bin:/home/adam/.vscode-server/bin/1e790d77f81672c49be070e04474901747115651/bin/remote-cli:/home/adam/.local/bin:/opt/ros/foxy/bin:/usr/local/sbin:/usr/local/bin:/usr/sbin:/usr/bin:/sbin:/bin:/usr/games:/usr/local/games:/snap/bin PYTHONPATH=/home/adam/Sensor-Fusion-And-Autonomous-Racing-Cars/ros_ws/install/theora_image_transport/lib/python3.8/site-packages:/home/adam/Sensor-Fusion-And-Autonomous-Racing-Cars/ros_ws/src/install/arc_autonomous_ctrl/lib/python3.8/site-packages:/home/adam/Sensor-Fusion-And-Autonomous-Racing-Cars/ros_ws/install/vesc_msgs/lib/python3.8/site-packages:/home/adam/Sensor-Fusion-And-Autonomous-Racing-Cars/ros_ws/install/steering_test_pkg/lib/python3.8/site-packages:/home/adam/Sensor-Fusion-And-Autonomous-Racing-Cars/ros_ws/install/servo_controller/lib/python3.8/site-packages:/home/adam/Sensor-Fusion-And-Autonomous-Racing-Cars/ros_ws/install/motor_controller/lib/python3.8/site-packages:/home/adam/Sensor-Fusion-And-Autonomous-Racing-Cars/ros_ws/install/camera_sensor/lib/python3.8/site-packages:/home/adam/Sensor-Fusion-And-Autonomous-Racing-Cars/ros_ws/install/arc_startup/lib/python3.8/site-packages:/home/adam/Sensor-Fusion-And-Autonomous-Racing-Cars/ros_ws/install/arc_keyboard_control/lib/python3.8/site-packages:/home/adam/Sensor-Fusion-And-Autonomous-Racing-Cars/ros_ws/install/arc_autonomous_ctrl/lib/python3.8/site-packages:/opt/ros/foxy/lib/python3.8/site-packages /usr/bin/cmake --install /home/adam/Sensor-Fusion-And-Autonomous-Racing-Cars/ros_ws/build/image_transport_plugins
[377.351s] Level 1:colcon.colcon_core.environment:create_environment_scripts_only(image_transport_plugins)
[377.354s] DEBUG:colcon.colcon_core.event_handler.log_command:Invoked command in '/home/adam/Sensor-Fusion-And-Autonomous-Racing-Cars/ros_ws/build/image_transport_plugins' returned '0': CMAKE_PREFIX_PATH=/home/adam/Sensor-Fusion-And-Autonomous-Racing-Cars/ros_ws/install/theora_image_transport:/home/adam/Sensor-Fusion-And-Autonomous-Racing-Cars/ros_ws/install/compressed_image_transport:/home/adam/Sensor-Fusion-And-Autonomous-Racing-Cars/ros_ws/install/compressed_depth_image_transport:/home/adam/Sensor-Fusion-And-Autonomous-Racing-Cars/ros_ws/install/vesc:/home/adam/Sensor-Fusion-And-Autonomous-Racing-Cars/ros_ws/install/vesc_driver:/home/adam/Sensor-Fusion-And-Autonomous-Racing-Cars/ros_ws/install/vesc_ackermann:/home/adam/Sensor-Fusion-And-Autonomous-Racing-Cars/ros_ws/install/vesc_msgs:/home/adam/Sensor-Fusion-And-Autonomous-Racing-Cars/ros_ws/install/v4l2_camera:/home/adam/Sensor-Fusion-And-Autonomous-Racing-Cars/ros_ws/install/udp_driver:/home/adam/Sensor-Fusion-And-Autonomous-Racing-Cars/ros_ws/install/image_transport_plugins:/home/adam/Sensor-Fusion-And-Autonomous-Racing-Cars/ros_ws/install/serial_driver:/home/adam/Sensor-Fusion-And-Autonomous-Racing-Cars/ros_ws/install/ldlidar_ros2:/home/adam/Sensor-Fusion-And-Autonomous-Racing-Cars/ros_ws/install/io_context:/home/adam/Sensor-Fusion-And-Autonomous-Racing-Cars/ros_ws/install/asio_cmake_module:/home/adam/Sensor-Fusion-And-Autonomous-Racing-Cars/ros_ws/src/install/arc_autonomous_ctrl:/home/adam/Sensor-Fusion-And-Autonomous-Racing-Cars/ros_ws/install/steering_test_pkg:/home/adam/Sensor-Fusion-And-Autonomous-Racing-Cars/ros_ws/install/servo_controller:/home/adam/Sensor-Fusion-And-Autonomous-Racing-Cars/ros_ws/install/motor_controller:/home/adam/Sensor-Fusion-And-Autonomous-Racing-Cars/ros_ws/install/camera_sensor:/home/adam/Sensor-Fusion-And-Autonomous-Racing-Cars/ros_ws/install/arc_startup:/home/adam/Sensor-Fusion-And-Autonomous-Racing-Cars/ros_ws/install/arc_keyboard_control:/home/adam/Sensor-Fusion-And-Autonomous-Racing-Cars/ros_ws/install/arc_autonomous_ctrl:/opt/ros/foxy LD_LIBRARY_PATH=/home/adam/Sensor-Fusion-And-Autonomous-Racing-Cars/ros_ws/install/theora_image_transport/lib:/home/adam/Sensor-Fusion-And-Autonomous-Racing-Cars/ros_ws/install/compressed_image_transport/lib:/home/adam/Sensor-Fusion-And-Autonomous-Racing-Cars/ros_ws/install/compressed_depth_image_transport/lib:/home/adam/Sensor-Fusion-And-Autonomous-Racing-Cars/ros_ws/install/vesc_driver/lib:/home/adam/Sensor-Fusion-And-Autonomous-Racing-Cars/ros_ws/install/vesc_ackermann/lib:/home/adam/Sensor-Fusion-And-Autonomous-Racing-Cars/ros_ws/install/vesc_msgs/lib:/home/adam/Sensor-Fusion-And-Autonomous-Racing-Cars/ros_ws/install/v4l2_camera/lib:/home/adam/Sensor-Fusion-And-Autonomous-Racing-Cars/ros_ws/install/udp_driver/lib:/home/adam/Sensor-Fusion-And-Autonomous-Racing-Cars/ros_ws/install/serial_driver/lib:/home/adam/Sensor-Fusion-And-Autonomous-Racing-Cars/ros_ws/install/io_context/lib:/opt/ros/foxy/opt/yaml_cpp_vendor/lib:/opt/ros/foxy/opt/rviz_ogre_vendor/lib:/opt/ros/foxy/lib/aarch64-linux-gnu:/opt/ros/foxy/lib PATH=/home/adam/Sensor-Fusion-And-Autonomous-Racing-Cars/ros_ws/install/theora_image_transport/bin:/home/adam/.vscode-server/bin/1e790d77f81672c49be070e04474901747115651/bin/remote-cli:/home/adam/.local/bin:/opt/ros/foxy/bin:/usr/local/sbin:/usr/local/bin:/usr/sbin:/usr/bin:/sbin:/bin:/usr/games:/usr/local/games:/snap/bin PYTHONPATH=/home/adam/Sensor-Fusion-And-Autonomous-Racing-Cars/ros_ws/install/theora_image_transport/lib/python3.8/site-packages:/home/adam/Sensor-Fusion-And-Autonomous-Racing-Cars/ros_ws/src/install/arc_autonomous_ctrl/lib/python3.8/site-packages:/home/adam/Sensor-Fusion-And-Autonomous-Racing-Cars/ros_ws/install/vesc_msgs/lib/python3.8/site-packages:/home/adam/Sensor-Fusion-And-Autonomous-Racing-Cars/ros_ws/install/steering_test_pkg/lib/python3.8/site-packages:/home/adam/Sensor-Fusion-And-Autonomous-Racing-Cars/ros_ws/install/servo_controller/lib/python3.8/site-packages:/home/adam/Sensor-Fusion-And-Autonomous-Racing-Cars/ros_ws/install/motor_controller/lib/python3.8/site-packages:/home/adam/Sensor-Fusion-And-Autonomous-Racing-Cars/ros_ws/install/camera_sensor/lib/python3.8/site-packages:/home/adam/Sensor-Fusion-And-Autonomous-Racing-Cars/ros_ws/install/arc_startup/lib/python3.8/site-packages:/home/adam/Sensor-Fusion-And-Autonomous-Racing-Cars/ros_ws/install/arc_keyboard_control/lib/python3.8/site-packages:/home/adam/Sensor-Fusion-And-Autonomous-Racing-Cars/ros_ws/install/arc_autonomous_ctrl/lib/python3.8/site-packages:/opt/ros/foxy/lib/python3.8/site-packages /usr/bin/cmake --install /home/adam/Sensor-Fusion-And-Autonomous-Racing-Cars/ros_ws/build/image_transport_plugins
[377.775s] Level 1:colcon.colcon_core.environment:checking '/home/adam/Sensor-Fusion-And-Autonomous-Racing-Cars/ros_ws/install/image_transport_plugins' for CMake module files
[377.780s] Level 1:colcon.colcon_core.environment:checking '/home/adam/Sensor-Fusion-And-Autonomous-Racing-Cars/ros_ws/install/image_transport_plugins' for CMake config files
[377.781s] Level 1:colcon.colcon_core.shell:create_environment_hook('image_transport_plugins', 'cmake_prefix_path')
[378.153s] INFO:colcon.colcon_core.shell:Creating environment hook '/home/adam/Sensor-Fusion-And-Autonomous-Racing-Cars/ros_ws/install/image_transport_plugins/share/image_transport_plugins/hook/cmake_prefix_path.ps1'
[378.156s] INFO:colcon.colcon_core.shell:Creating environment descriptor '/home/adam/Sensor-Fusion-And-Autonomous-Racing-Cars/ros_ws/install/image_transport_plugins/share/image_transport_plugins/hook/cmake_prefix_path.dsv'
[378.159s] INFO:colcon.colcon_core.shell:Creating environment hook '/home/adam/Sensor-Fusion-And-Autonomous-Racing-Cars/ros_ws/install/image_transport_plugins/share/image_transport_plugins/hook/cmake_prefix_path.sh'
[378.162s] Level 1:colcon.colcon_core.environment:checking '/home/adam/Sensor-Fusion-And-Autonomous-Racing-Cars/ros_ws/install/image_transport_plugins/bin'
[378.163s] Level 1:colcon.colcon_core.environment:checking '/home/adam/Sensor-Fusion-And-Autonomous-Racing-Cars/ros_ws/install/image_transport_plugins/lib/pkgconfig/image_transport_plugins.pc'
[378.164s] Level 1:colcon.colcon_core.environment:checking '/home/adam/Sensor-Fusion-And-Autonomous-Racing-Cars/ros_ws/install/image_transport_plugins/lib/python3.8/site-packages'
[378.166s] Level 1:colcon.colcon_core.environment:checking '/home/adam/Sensor-Fusion-And-Autonomous-Racing-Cars/ros_ws/install/image_transport_plugins/bin'
[378.516s] INFO:colcon.colcon_core.shell:Creating package script '/home/adam/Sensor-Fusion-And-Autonomous-Racing-Cars/ros_ws/install/image_transport_plugins/share/image_transport_plugins/package.ps1'
[378.519s] INFO:colcon.colcon_core.shell:Creating package descriptor '/home/adam/Sensor-Fusion-And-Autonomous-Racing-Cars/ros_ws/install/image_transport_plugins/share/image_transport_plugins/package.dsv'
[378.522s] INFO:colcon.colcon_core.shell:Creating package script '/home/adam/Sensor-Fusion-And-Autonomous-Racing-Cars/ros_ws/install/image_transport_plugins/share/image_transport_plugins/package.sh'
[378.525s] INFO:colcon.colcon_core.shell:Creating package script '/home/adam/Sensor-Fusion-And-Autonomous-Racing-Cars/ros_ws/install/image_transport_plugins/share/image_transport_plugins/package.bash'
[378.527s] INFO:colcon.colcon_core.shell:Creating package script '/home/adam/Sensor-Fusion-And-Autonomous-Racing-Cars/ros_ws/install/image_transport_plugins/share/image_transport_plugins/package.zsh'
[378.529s] Level 1:colcon.colcon_core.environment:create_file_with_runtime_dependencies(/home/adam/Sensor-Fusion-And-Autonomous-Racing-Cars/ros_ws/install/image_transport_plugins/share/colcon-core/packages/image_transport_plugins)
[378.562s] DEBUG:colcon.colcon_core.event_handler.log_command:Invoking command in '/home/adam/Sensor-Fusion-And-Autonomous-Racing-Cars/ros_ws/build/serial_driver': CMAKE_PREFIX_PATH=/home/adam/Sensor-Fusion-And-Autonomous-Racing-Cars/ros_ws/install/io_context:/home/adam/Sensor-Fusion-And-Autonomous-Racing-Cars/ros_ws/install/asio_cmake_module:/home/adam/Sensor-Fusion-And-Autonomous-Racing-Cars/ros_ws/install/vesc:/home/adam/Sensor-Fusion-And-Autonomous-Racing-Cars/ros_ws/install/vesc_driver:/home/adam/Sensor-Fusion-And-Autonomous-Racing-Cars/ros_ws/install/vesc_ackermann:/home/adam/Sensor-Fusion-And-Autonomous-Racing-Cars/ros_ws/install/vesc_msgs:/home/adam/Sensor-Fusion-And-Autonomous-Racing-Cars/ros_ws/install/v4l2_camera:/home/adam/Sensor-Fusion-And-Autonomous-Racing-Cars/ros_ws/install/udp_driver:/home/adam/Sensor-Fusion-And-Autonomous-Racing-Cars/ros_ws/install/image_transport_plugins:/home/adam/Sensor-Fusion-And-Autonomous-Racing-Cars/ros_ws/install/theora_image_transport:/home/adam/Sensor-Fusion-And-Autonomous-Racing-Cars/ros_ws/install/serial_driver:/home/adam/Sensor-Fusion-And-Autonomous-Racing-Cars/ros_ws/install/ldlidar_ros2:/home/adam/Sensor-Fusion-And-Autonomous-Racing-Cars/ros_ws/install/compressed_image_transport:/home/adam/Sensor-Fusion-And-Autonomous-Racing-Cars/ros_ws/install/compressed_depth_image_transport:/home/adam/Sensor-Fusion-And-Autonomous-Racing-Cars/ros_ws/src/install/arc_autonomous_ctrl:/home/adam/Sensor-Fusion-And-Autonomous-Racing-Cars/ros_ws/install/steering_test_pkg:/home/adam/Sensor-Fusion-And-Autonomous-Racing-Cars/ros_ws/install/servo_controller:/home/adam/Sensor-Fusion-And-Autonomous-Racing-Cars/ros_ws/install/motor_controller:/home/adam/Sensor-Fusion-And-Autonomous-Racing-Cars/ros_ws/install/camera_sensor:/home/adam/Sensor-Fusion-And-Autonomous-Racing-Cars/ros_ws/install/arc_startup:/home/adam/Sensor-Fusion-And-Autonomous-Racing-Cars/ros_ws/install/arc_keyboard_control:/home/adam/Sensor-Fusion-And-Autonomous-Racing-Cars/ros_ws/install/arc_autonomous_ctrl:/opt/ros/foxy LD_LIBRARY_PATH=/home/adam/Sensor-Fusion-And-Autonomous-Racing-Cars/ros_ws/install/io_context/lib:/home/adam/Sensor-Fusion-And-Autonomous-Racing-Cars/ros_ws/install/vesc_driver/lib:/home/adam/Sensor-Fusion-And-Autonomous-Racing-Cars/ros_ws/install/vesc_ackermann/lib:/home/adam/Sensor-Fusion-And-Autonomous-Racing-Cars/ros_ws/install/vesc_msgs/lib:/home/adam/Sensor-Fusion-And-Autonomous-Racing-Cars/ros_ws/install/v4l2_camera/lib:/home/adam/Sensor-Fusion-And-Autonomous-Racing-Cars/ros_ws/install/udp_driver/lib:/home/adam/Sensor-Fusion-And-Autonomous-Racing-Cars/ros_ws/install/theora_image_transport/lib:/home/adam/Sensor-Fusion-And-Autonomous-Racing-Cars/ros_ws/install/serial_driver/lib:/home/adam/Sensor-Fusion-And-Autonomous-Racing-Cars/ros_ws/install/compressed_image_transport/lib:/home/adam/Sensor-Fusion-And-Autonomous-Racing-Cars/ros_ws/install/compressed_depth_image_transport/lib:/opt/ros/foxy/opt/yaml_cpp_vendor/lib:/opt/ros/foxy/opt/rviz_ogre_vendor/lib:/opt/ros/foxy/lib/aarch64-linux-gnu:/opt/ros/foxy/lib /usr/bin/cmake --install /home/adam/Sensor-Fusion-And-Autonomous-Racing-Cars/ros_ws/build/serial_driver
[378.793s] Level 1:colcon.colcon_core.environment:create_environment_scripts_only(serial_driver)
[378.801s] DEBUG:colcon.colcon_core.event_handler.log_command:Invoked command in '/home/adam/Sensor-Fusion-And-Autonomous-Racing-Cars/ros_ws/build/serial_driver' returned '0': CMAKE_PREFIX_PATH=/home/adam/Sensor-Fusion-And-Autonomous-Racing-Cars/ros_ws/install/io_context:/home/adam/Sensor-Fusion-And-Autonomous-Racing-Cars/ros_ws/install/asio_cmake_module:/home/adam/Sensor-Fusion-And-Autonomous-Racing-Cars/ros_ws/install/vesc:/home/adam/Sensor-Fusion-And-Autonomous-Racing-Cars/ros_ws/install/vesc_driver:/home/adam/Sensor-Fusion-And-Autonomous-Racing-Cars/ros_ws/install/vesc_ackermann:/home/adam/Sensor-Fusion-And-Autonomous-Racing-Cars/ros_ws/install/vesc_msgs:/home/adam/Sensor-Fusion-And-Autonomous-Racing-Cars/ros_ws/install/v4l2_camera:/home/adam/Sensor-Fusion-And-Autonomous-Racing-Cars/ros_ws/install/udp_driver:/home/adam/Sensor-Fusion-And-Autonomous-Racing-Cars/ros_ws/install/image_transport_plugins:/home/adam/Sensor-Fusion-And-Autonomous-Racing-Cars/ros_ws/install/theora_image_transport:/home/adam/Sensor-Fusion-And-Autonomous-Racing-Cars/ros_ws/install/serial_driver:/home/adam/Sensor-Fusion-And-Autonomous-Racing-Cars/ros_ws/install/ldlidar_ros2:/home/adam/Sensor-Fusion-And-Autonomous-Racing-Cars/ros_ws/install/compressed_image_transport:/home/adam/Sensor-Fusion-And-Autonomous-Racing-Cars/ros_ws/install/compressed_depth_image_transport:/home/adam/Sensor-Fusion-And-Autonomous-Racing-Cars/ros_ws/src/install/arc_autonomous_ctrl:/home/adam/Sensor-Fusion-And-Autonomous-Racing-Cars/ros_ws/install/steering_test_pkg:/home/adam/Sensor-Fusion-And-Autonomous-Racing-Cars/ros_ws/install/servo_controller:/home/adam/Sensor-Fusion-And-Autonomous-Racing-Cars/ros_ws/install/motor_controller:/home/adam/Sensor-Fusion-And-Autonomous-Racing-Cars/ros_ws/install/camera_sensor:/home/adam/Sensor-Fusion-And-Autonomous-Racing-Cars/ros_ws/install/arc_startup:/home/adam/Sensor-Fusion-And-Autonomous-Racing-Cars/ros_ws/install/arc_keyboard_control:/home/adam/Sensor-Fusion-And-Autonomous-Racing-Cars/ros_ws/install/arc_autonomous_ctrl:/opt/ros/foxy LD_LIBRARY_PATH=/home/adam/Sensor-Fusion-And-Autonomous-Racing-Cars/ros_ws/install/io_context/lib:/home/adam/Sensor-Fusion-And-Autonomous-Racing-Cars/ros_ws/install/vesc_driver/lib:/home/adam/Sensor-Fusion-And-Autonomous-Racing-Cars/ros_ws/install/vesc_ackermann/lib:/home/adam/Sensor-Fusion-And-Autonomous-Racing-Cars/ros_ws/install/vesc_msgs/lib:/home/adam/Sensor-Fusion-And-Autonomous-Racing-Cars/ros_ws/install/v4l2_camera/lib:/home/adam/Sensor-Fusion-And-Autonomous-Racing-Cars/ros_ws/install/udp_driver/lib:/home/adam/Sensor-Fusion-And-Autonomous-Racing-Cars/ros_ws/install/theora_image_transport/lib:/home/adam/Sensor-Fusion-And-Autonomous-Racing-Cars/ros_ws/install/serial_driver/lib:/home/adam/Sensor-Fusion-And-Autonomous-Racing-Cars/ros_ws/install/compressed_image_transport/lib:/home/adam/Sensor-Fusion-And-Autonomous-Racing-Cars/ros_ws/install/compressed_depth_image_transport/lib:/opt/ros/foxy/opt/yaml_cpp_vendor/lib:/opt/ros/foxy/opt/rviz_ogre_vendor/lib:/opt/ros/foxy/lib/aarch64-linux-gnu:/opt/ros/foxy/lib /usr/bin/cmake --install /home/adam/Sensor-Fusion-And-Autonomous-Racing-Cars/ros_ws/build/serial_driver
[379.169s] Level 1:colcon.colcon_core.environment:checking '/home/adam/Sensor-Fusion-And-Autonomous-Racing-Cars/ros_ws/install/serial_driver' for CMake module files
[379.174s] Level 1:colcon.colcon_core.environment:checking '/home/adam/Sensor-Fusion-And-Autonomous-Racing-Cars/ros_ws/install/serial_driver' for CMake config files
[379.179s] Level 1:colcon.colcon_core.shell:create_environment_hook('serial_driver', 'cmake_prefix_path')
[379.670s] INFO:colcon.colcon_core.shell:Creating environment hook '/home/adam/Sensor-Fusion-And-Autonomous-Racing-Cars/ros_ws/install/serial_driver/share/serial_driver/hook/cmake_prefix_path.ps1'
[379.674s] INFO:colcon.colcon_core.shell:Creating environment descriptor '/home/adam/Sensor-Fusion-And-Autonomous-Racing-Cars/ros_ws/install/serial_driver/share/serial_driver/hook/cmake_prefix_path.dsv'
[379.677s] INFO:colcon.colcon_core.shell:Creating environment hook '/home/adam/Sensor-Fusion-And-Autonomous-Racing-Cars/ros_ws/install/serial_driver/share/serial_driver/hook/cmake_prefix_path.sh'
[379.681s] Level 1:colcon.colcon_core.environment:checking '/home/adam/Sensor-Fusion-And-Autonomous-Racing-Cars/ros_ws/install/serial_driver/lib'
[379.683s] Level 1:colcon.colcon_core.shell:create_environment_hook('serial_driver', 'ld_library_path_lib')
[380.057s] INFO:colcon.colcon_core.shell:Creating environment hook '/home/adam/Sensor-Fusion-And-Autonomous-Racing-Cars/ros_ws/install/serial_driver/share/serial_driver/hook/ld_library_path_lib.ps1'
[380.059s] INFO:colcon.colcon_core.shell:Creating environment descriptor '/home/adam/Sensor-Fusion-And-Autonomous-Racing-Cars/ros_ws/install/serial_driver/share/serial_driver/hook/ld_library_path_lib.dsv'
[380.061s] INFO:colcon.colcon_core.shell:Creating environment hook '/home/adam/Sensor-Fusion-And-Autonomous-Racing-Cars/ros_ws/install/serial_driver/share/serial_driver/hook/ld_library_path_lib.sh'
[380.062s] Level 1:colcon.colcon_core.environment:checking '/home/adam/Sensor-Fusion-And-Autonomous-Racing-Cars/ros_ws/install/serial_driver/bin'
[380.063s] Level 1:colcon.colcon_core.environment:checking '/home/adam/Sensor-Fusion-And-Autonomous-Racing-Cars/ros_ws/install/serial_driver/lib/pkgconfig/serial_driver.pc'
[380.064s] Level 1:colcon.colcon_core.environment:checking '/home/adam/Sensor-Fusion-And-Autonomous-Racing-Cars/ros_ws/install/serial_driver/lib/python3.8/site-packages'
[380.065s] Level 1:colcon.colcon_core.environment:checking '/home/adam/Sensor-Fusion-And-Autonomous-Racing-Cars/ros_ws/install/serial_driver/bin'
[380.363s] INFO:colcon.colcon_core.shell:Creating package script '/home/adam/Sensor-Fusion-And-Autonomous-Racing-Cars/ros_ws/install/serial_driver/share/serial_driver/package.ps1'
[380.366s] INFO:colcon.colcon_core.shell:Creating package descriptor '/home/adam/Sensor-Fusion-And-Autonomous-Racing-Cars/ros_ws/install/serial_driver/share/serial_driver/package.dsv'
[380.369s] INFO:colcon.colcon_core.shell:Creating package script '/home/adam/Sensor-Fusion-And-Autonomous-Racing-Cars/ros_ws/install/serial_driver/share/serial_driver/package.sh'
[380.371s] INFO:colcon.colcon_core.shell:Creating package script '/home/adam/Sensor-Fusion-And-Autonomous-Racing-Cars/ros_ws/install/serial_driver/share/serial_driver/package.bash'
[380.373s] INFO:colcon.colcon_core.shell:Creating package script '/home/adam/Sensor-Fusion-And-Autonomous-Racing-Cars/ros_ws/install/serial_driver/share/serial_driver/package.zsh'
[380.375s] Level 1:colcon.colcon_core.environment:create_file_with_runtime_dependencies(/home/adam/Sensor-Fusion-And-Autonomous-Racing-Cars/ros_ws/install/serial_driver/share/colcon-core/packages/serial_driver)
[380.397s] DEBUG:colcon.colcon_core.event_handler.log_command:Invoked command in '/home/adam/Sensor-Fusion-And-Autonomous-Racing-Cars/ros_ws/build/vesc_ackermann' returned '0': CMAKE_PREFIX_PATH=/home/adam/Sensor-Fusion-And-Autonomous-Racing-Cars/ros_ws/install/vesc_msgs:/home/adam/Sensor-Fusion-And-Autonomous-Racing-Cars/ros_ws/install/vesc:/home/adam/Sensor-Fusion-And-Autonomous-Racing-Cars/ros_ws/install/vesc_driver:/home/adam/Sensor-Fusion-And-Autonomous-Racing-Cars/ros_ws/install/vesc_ackermann:/home/adam/Sensor-Fusion-And-Autonomous-Racing-Cars/ros_ws/install/v4l2_camera:/home/adam/Sensor-Fusion-And-Autonomous-Racing-Cars/ros_ws/install/udp_driver:/home/adam/Sensor-Fusion-And-Autonomous-Racing-Cars/ros_ws/install/image_transport_plugins:/home/adam/Sensor-Fusion-And-Autonomous-Racing-Cars/ros_ws/install/theora_image_transport:/home/adam/Sensor-Fusion-And-Autonomous-Racing-Cars/ros_ws/install/serial_driver:/home/adam/Sensor-Fusion-And-Autonomous-Racing-Cars/ros_ws/install/ldlidar_ros2:/home/adam/Sensor-Fusion-And-Autonomous-Racing-Cars/ros_ws/install/io_context:/home/adam/Sensor-Fusion-And-Autonomous-Racing-Cars/ros_ws/install/compressed_image_transport:/home/adam/Sensor-Fusion-And-Autonomous-Racing-Cars/ros_ws/install/compressed_depth_image_transport:/home/adam/Sensor-Fusion-And-Autonomous-Racing-Cars/ros_ws/install/asio_cmake_module:/home/adam/Sensor-Fusion-And-Autonomous-Racing-Cars/ros_ws/src/install/arc_autonomous_ctrl:/home/adam/Sensor-Fusion-And-Autonomous-Racing-Cars/ros_ws/install/steering_test_pkg:/home/adam/Sensor-Fusion-And-Autonomous-Racing-Cars/ros_ws/install/servo_controller:/home/adam/Sensor-Fusion-And-Autonomous-Racing-Cars/ros_ws/install/motor_controller:/home/adam/Sensor-Fusion-And-Autonomous-Racing-Cars/ros_ws/install/camera_sensor:/home/adam/Sensor-Fusion-And-Autonomous-Racing-Cars/ros_ws/install/arc_startup:/home/adam/Sensor-Fusion-And-Autonomous-Racing-Cars/ros_ws/install/arc_keyboard_control:/home/adam/Sensor-Fusion-And-Autonomous-Racing-Cars/ros_ws/install/arc_autonomous_ctrl:/opt/ros/foxy LD_LIBRARY_PATH=/home/adam/Sensor-Fusion-And-Autonomous-Racing-Cars/ros_ws/install/vesc_msgs/lib:/home/adam/Sensor-Fusion-And-Autonomous-Racing-Cars/ros_ws/install/vesc_driver/lib:/home/adam/Sensor-Fusion-And-Autonomous-Racing-Cars/ros_ws/install/vesc_ackermann/lib:/home/adam/Sensor-Fusion-And-Autonomous-Racing-Cars/ros_ws/install/v4l2_camera/lib:/home/adam/Sensor-Fusion-And-Autonomous-Racing-Cars/ros_ws/install/udp_driver/lib:/home/adam/Sensor-Fusion-And-Autonomous-Racing-Cars/ros_ws/install/theora_image_transport/lib:/home/adam/Sensor-Fusion-And-Autonomous-Racing-Cars/ros_ws/install/serial_driver/lib:/home/adam/Sensor-Fusion-And-Autonomous-Racing-Cars/ros_ws/install/io_context/lib:/home/adam/Sensor-Fusion-And-Autonomous-Racing-Cars/ros_ws/install/compressed_image_transport/lib:/home/adam/Sensor-Fusion-And-Autonomous-Racing-Cars/ros_ws/install/compressed_depth_image_transport/lib:/opt/ros/foxy/opt/yaml_cpp_vendor/lib:/opt/ros/foxy/opt/rviz_ogre_vendor/lib:/opt/ros/foxy/lib/aarch64-linux-gnu:/opt/ros/foxy/lib PYTHONPATH=/home/adam/Sensor-Fusion-And-Autonomous-Racing-Cars/ros_ws/install/vesc_msgs/lib/python3.8/site-packages:/home/adam/Sensor-Fusion-And-Autonomous-Racing-Cars/ros_ws/src/install/arc_autonomous_ctrl/lib/python3.8/site-packages:/home/adam/Sensor-Fusion-And-Autonomous-Racing-Cars/ros_ws/install/theora_image_transport/lib/python3.8/site-packages:/home/adam/Sensor-Fusion-And-Autonomous-Racing-Cars/ros_ws/install/steering_test_pkg/lib/python3.8/site-packages:/home/adam/Sensor-Fusion-And-Autonomous-Racing-Cars/ros_ws/install/servo_controller/lib/python3.8/site-packages:/home/adam/Sensor-Fusion-And-Autonomous-Racing-Cars/ros_ws/install/motor_controller/lib/python3.8/site-packages:/home/adam/Sensor-Fusion-And-Autonomous-Racing-Cars/ros_ws/install/camera_sensor/lib/python3.8/site-packages:/home/adam/Sensor-Fusion-And-Autonomous-Racing-Cars/ros_ws/install/arc_startup/lib/python3.8/site-packages:/home/adam/Sensor-Fusion-And-Autonomous-Racing-Cars/ros_ws/install/arc_keyboard_control/lib/python3.8/site-packages:/home/adam/Sensor-Fusion-And-Autonomous-Racing-Cars/ros_ws/install/arc_autonomous_ctrl/lib/python3.8/site-packages:/opt/ros/foxy/lib/python3.8/site-packages /usr/bin/cmake --build /home/adam/Sensor-Fusion-And-Autonomous-Racing-Cars/ros_ws/build/vesc_ackermann -- -j4 -l4
[380.791s] Level 1:colcon.colcon_core.environment:create_environment_scripts_only(image_transport_plugins)
[381.169s] Level 1:colcon.colcon_core.environment:checking '/home/adam/Sensor-Fusion-And-Autonomous-Racing-Cars/ros_ws/install/image_transport_plugins' for CMake module files
[381.172s] Level 1:colcon.colcon_core.environment:checking '/home/adam/Sensor-Fusion-And-Autonomous-Racing-Cars/ros_ws/install/image_transport_plugins' for CMake config files
[381.173s] Level 1:colcon.colcon_core.shell:create_environment_hook('image_transport_plugins', 'cmake_prefix_path')
[381.471s] INFO:colcon.colcon_core.shell:Creating environment hook '/home/adam/Sensor-Fusion-And-Autonomous-Racing-Cars/ros_ws/install/image_transport_plugins/share/image_transport_plugins/hook/cmake_prefix_path.ps1'
[381.477s] INFO:colcon.colcon_core.shell:Creating environment descriptor '/home/adam/Sensor-Fusion-And-Autonomous-Racing-Cars/ros_ws/install/image_transport_plugins/share/image_transport_plugins/hook/cmake_prefix_path.dsv'
[381.481s] INFO:colcon.colcon_core.shell:Creating environment hook '/home/adam/Sensor-Fusion-And-Autonomous-Racing-Cars/ros_ws/install/image_transport_plugins/share/image_transport_plugins/hook/cmake_prefix_path.sh'
[381.486s] Level 1:colcon.colcon_core.environment:checking '/home/adam/Sensor-Fusion-And-Autonomous-Racing-Cars/ros_ws/install/image_transport_plugins/bin'
[381.486s] Level 1:colcon.colcon_core.environment:checking '/home/adam/Sensor-Fusion-And-Autonomous-Racing-Cars/ros_ws/install/image_transport_plugins/lib/pkgconfig/image_transport_plugins.pc'
[381.488s] Level 1:colcon.colcon_core.environment:checking '/home/adam/Sensor-Fusion-And-Autonomous-Racing-Cars/ros_ws/install/image_transport_plugins/lib/python3.8/site-packages'
[381.489s] Level 1:colcon.colcon_core.environment:checking '/home/adam/Sensor-Fusion-And-Autonomous-Racing-Cars/ros_ws/install/image_transport_plugins/bin'
[381.786s] INFO:colcon.colcon_core.shell:Creating package script '/home/adam/Sensor-Fusion-And-Autonomous-Racing-Cars/ros_ws/install/image_transport_plugins/share/image_transport_plugins/package.ps1'
[381.790s] INFO:colcon.colcon_core.shell:Creating package descriptor '/home/adam/Sensor-Fusion-And-Autonomous-Racing-Cars/ros_ws/install/image_transport_plugins/share/image_transport_plugins/package.dsv'
[381.794s] INFO:colcon.colcon_core.shell:Creating package script '/home/adam/Sensor-Fusion-And-Autonomous-Racing-Cars/ros_ws/install/image_transport_plugins/share/image_transport_plugins/package.sh'
[381.797s] INFO:colcon.colcon_core.shell:Creating package script '/home/adam/Sensor-Fusion-And-Autonomous-Racing-Cars/ros_ws/install/image_transport_plugins/share/image_transport_plugins/package.bash'
[381.799s] INFO:colcon.colcon_core.shell:Creating package script '/home/adam/Sensor-Fusion-And-Autonomous-Racing-Cars/ros_ws/install/image_transport_plugins/share/image_transport_plugins/package.zsh'
[381.802s] Level 1:colcon.colcon_core.environment:create_file_with_runtime_dependencies(/home/adam/Sensor-Fusion-And-Autonomous-Racing-Cars/ros_ws/install/image_transport_plugins/share/colcon-core/packages/image_transport_plugins)
[381.807s] INFO:colcon.colcon_ros.task.ament_cmake.build:Building ROS package in '/home/adam/Sensor-Fusion-And-Autonomous-Racing-Cars/ros_ws/src/transport_drivers/udp_driver' with build type 'ament_cmake'
[381.808s] INFO:colcon.colcon_cmake.task.cmake.build:Building CMake package in '/home/adam/Sensor-Fusion-And-Autonomous-Racing-Cars/ros_ws/src/transport_drivers/udp_driver'
[382.109s] INFO:colcon.colcon_core.shell:Skip shell extension 'powershell' for command environment: Not usable outside of PowerShell
[382.110s] DEBUG:colcon.colcon_core.shell:Skip shell extension 'dsv' for command environment
[383.233s] Level 1:colcon.colcon_core.environment:create_environment_scripts_only(serial_driver)
[383.507s] Level 1:colcon.colcon_core.environment:checking '/home/adam/Sensor-Fusion-And-Autonomous-Racing-Cars/ros_ws/install/serial_driver' for CMake module files
[383.510s] Level 1:colcon.colcon_core.environment:checking '/home/adam/Sensor-Fusion-And-Autonomous-Racing-Cars/ros_ws/install/serial_driver' for CMake config files
[383.514s] Level 1:colcon.colcon_core.shell:create_environment_hook('serial_driver', 'cmake_prefix_path')
[383.784s] INFO:colcon.colcon_core.shell:Creating environment hook '/home/adam/Sensor-Fusion-And-Autonomous-Racing-Cars/ros_ws/install/serial_driver/share/serial_driver/hook/cmake_prefix_path.ps1'
[383.786s] INFO:colcon.colcon_core.shell:Creating environment descriptor '/home/adam/Sensor-Fusion-And-Autonomous-Racing-Cars/ros_ws/install/serial_driver/share/serial_driver/hook/cmake_prefix_path.dsv'
[383.789s] INFO:colcon.colcon_core.shell:Creating environment hook '/home/adam/Sensor-Fusion-And-Autonomous-Racing-Cars/ros_ws/install/serial_driver/share/serial_driver/hook/cmake_prefix_path.sh'
[383.792s] Level 1:colcon.colcon_core.environment:checking '/home/adam/Sensor-Fusion-And-Autonomous-Racing-Cars/ros_ws/install/serial_driver/lib'
[383.793s] Level 1:colcon.colcon_core.shell:create_environment_hook('serial_driver', 'ld_library_path_lib')
[384.089s] INFO:colcon.colcon_core.shell:Creating environment hook '/home/adam/Sensor-Fusion-And-Autonomous-Racing-Cars/ros_ws/install/serial_driver/share/serial_driver/hook/ld_library_path_lib.ps1'
[384.091s] INFO:colcon.colcon_core.shell:Creating environment descriptor '/home/adam/Sensor-Fusion-And-Autonomous-Racing-Cars/ros_ws/install/serial_driver/share/serial_driver/hook/ld_library_path_lib.dsv'
[384.094s] INFO:colcon.colcon_core.shell:Creating environment hook '/home/adam/Sensor-Fusion-And-Autonomous-Racing-Cars/ros_ws/install/serial_driver/share/serial_driver/hook/ld_library_path_lib.sh'
[384.096s] Level 1:colcon.colcon_core.environment:checking '/home/adam/Sensor-Fusion-And-Autonomous-Racing-Cars/ros_ws/install/serial_driver/bin'
[384.096s] Level 1:colcon.colcon_core.environment:checking '/home/adam/Sensor-Fusion-And-Autonomous-Racing-Cars/ros_ws/install/serial_driver/lib/pkgconfig/serial_driver.pc'
[384.097s] Level 1:colcon.colcon_core.environment:checking '/home/adam/Sensor-Fusion-And-Autonomous-Racing-Cars/ros_ws/install/serial_driver/lib/python3.8/site-packages'
[384.099s] Level 1:colcon.colcon_core.environment:checking '/home/adam/Sensor-Fusion-And-Autonomous-Racing-Cars/ros_ws/install/serial_driver/bin'
[384.379s] INFO:colcon.colcon_core.shell:Creating package script '/home/adam/Sensor-Fusion-And-Autonomous-Racing-Cars/ros_ws/install/serial_driver/share/serial_driver/package.ps1'
[384.382s] INFO:colcon.colcon_core.shell:Creating package descriptor '/home/adam/Sensor-Fusion-And-Autonomous-Racing-Cars/ros_ws/install/serial_driver/share/serial_driver/package.dsv'
[384.385s] INFO:colcon.colcon_core.shell:Creating package script '/home/adam/Sensor-Fusion-And-Autonomous-Racing-Cars/ros_ws/install/serial_driver/share/serial_driver/package.sh'
[384.389s] INFO:colcon.colcon_core.shell:Creating package script '/home/adam/Sensor-Fusion-And-Autonomous-Racing-Cars/ros_ws/install/serial_driver/share/serial_driver/package.bash'
[384.392s] INFO:colcon.colcon_core.shell:Creating package script '/home/adam/Sensor-Fusion-And-Autonomous-Racing-Cars/ros_ws/install/serial_driver/share/serial_driver/package.zsh'
[384.394s] Level 1:colcon.colcon_core.environment:create_file_with_runtime_dependencies(/home/adam/Sensor-Fusion-And-Autonomous-Racing-Cars/ros_ws/install/serial_driver/share/colcon-core/packages/serial_driver)
[384.413s] DEBUG:colcon.colcon_core.event_handler.log_command:Invoking command in '/home/adam/Sensor-Fusion-And-Autonomous-Racing-Cars/ros_ws/build/vesc_ackermann': CMAKE_PREFIX_PATH=/home/adam/Sensor-Fusion-And-Autonomous-Racing-Cars/ros_ws/install/vesc_msgs:/home/adam/Sensor-Fusion-And-Autonomous-Racing-Cars/ros_ws/install/vesc:/home/adam/Sensor-Fusion-And-Autonomous-Racing-Cars/ros_ws/install/vesc_driver:/home/adam/Sensor-Fusion-And-Autonomous-Racing-Cars/ros_ws/install/vesc_ackermann:/home/adam/Sensor-Fusion-And-Autonomous-Racing-Cars/ros_ws/install/v4l2_camera:/home/adam/Sensor-Fusion-And-Autonomous-Racing-Cars/ros_ws/install/udp_driver:/home/adam/Sensor-Fusion-And-Autonomous-Racing-Cars/ros_ws/install/image_transport_plugins:/home/adam/Sensor-Fusion-And-Autonomous-Racing-Cars/ros_ws/install/theora_image_transport:/home/adam/Sensor-Fusion-And-Autonomous-Racing-Cars/ros_ws/install/serial_driver:/home/adam/Sensor-Fusion-And-Autonomous-Racing-Cars/ros_ws/install/ldlidar_ros2:/home/adam/Sensor-Fusion-And-Autonomous-Racing-Cars/ros_ws/install/io_context:/home/adam/Sensor-Fusion-And-Autonomous-Racing-Cars/ros_ws/install/compressed_image_transport:/home/adam/Sensor-Fusion-And-Autonomous-Racing-Cars/ros_ws/install/compressed_depth_image_transport:/home/adam/Sensor-Fusion-And-Autonomous-Racing-Cars/ros_ws/install/asio_cmake_module:/home/adam/Sensor-Fusion-And-Autonomous-Racing-Cars/ros_ws/src/install/arc_autonomous_ctrl:/home/adam/Sensor-Fusion-And-Autonomous-Racing-Cars/ros_ws/install/steering_test_pkg:/home/adam/Sensor-Fusion-And-Autonomous-Racing-Cars/ros_ws/install/servo_controller:/home/adam/Sensor-Fusion-And-Autonomous-Racing-Cars/ros_ws/install/motor_controller:/home/adam/Sensor-Fusion-And-Autonomous-Racing-Cars/ros_ws/install/camera_sensor:/home/adam/Sensor-Fusion-And-Autonomous-Racing-Cars/ros_ws/install/arc_startup:/home/adam/Sensor-Fusion-And-Autonomous-Racing-Cars/ros_ws/install/arc_keyboard_control:/home/adam/Sensor-Fusion-And-Autonomous-Racing-Cars/ros_ws/install/arc_autonomous_ctrl:/opt/ros/foxy LD_LIBRARY_PATH=/home/adam/Sensor-Fusion-And-Autonomous-Racing-Cars/ros_ws/install/vesc_msgs/lib:/home/adam/Sensor-Fusion-And-Autonomous-Racing-Cars/ros_ws/install/vesc_driver/lib:/home/adam/Sensor-Fusion-And-Autonomous-Racing-Cars/ros_ws/install/vesc_ackermann/lib:/home/adam/Sensor-Fusion-And-Autonomous-Racing-Cars/ros_ws/install/v4l2_camera/lib:/home/adam/Sensor-Fusion-And-Autonomous-Racing-Cars/ros_ws/install/udp_driver/lib:/home/adam/Sensor-Fusion-And-Autonomous-Racing-Cars/ros_ws/install/theora_image_transport/lib:/home/adam/Sensor-Fusion-And-Autonomous-Racing-Cars/ros_ws/install/serial_driver/lib:/home/adam/Sensor-Fusion-And-Autonomous-Racing-Cars/ros_ws/install/io_context/lib:/home/adam/Sensor-Fusion-And-Autonomous-Racing-Cars/ros_ws/install/compressed_image_transport/lib:/home/adam/Sensor-Fusion-And-Autonomous-Racing-Cars/ros_ws/install/compressed_depth_image_transport/lib:/opt/ros/foxy/opt/yaml_cpp_vendor/lib:/opt/ros/foxy/opt/rviz_ogre_vendor/lib:/opt/ros/foxy/lib/aarch64-linux-gnu:/opt/ros/foxy/lib PYTHONPATH=/home/adam/Sensor-Fusion-And-Autonomous-Racing-Cars/ros_ws/install/vesc_msgs/lib/python3.8/site-packages:/home/adam/Sensor-Fusion-And-Autonomous-Racing-Cars/ros_ws/src/install/arc_autonomous_ctrl/lib/python3.8/site-packages:/home/adam/Sensor-Fusion-And-Autonomous-Racing-Cars/ros_ws/install/theora_image_transport/lib/python3.8/site-packages:/home/adam/Sensor-Fusion-And-Autonomous-Racing-Cars/ros_ws/install/steering_test_pkg/lib/python3.8/site-packages:/home/adam/Sensor-Fusion-And-Autonomous-Racing-Cars/ros_ws/install/servo_controller/lib/python3.8/site-packages:/home/adam/Sensor-Fusion-And-Autonomous-Racing-Cars/ros_ws/install/motor_controller/lib/python3.8/site-packages:/home/adam/Sensor-Fusion-And-Autonomous-Racing-Cars/ros_ws/install/camera_sensor/lib/python3.8/site-packages:/home/adam/Sensor-Fusion-And-Autonomous-Racing-Cars/ros_ws/install/arc_startup/lib/python3.8/site-packages:/home/adam/Sensor-Fusion-And-Autonomous-Racing-Cars/ros_ws/install/arc_keyboard_control/lib/python3.8/site-packages:/home/adam/Sensor-Fusion-And-Autonomous-Racing-Cars/ros_ws/install/arc_autonomous_ctrl/lib/python3.8/site-packages:/opt/ros/foxy/lib/python3.8/site-packages /usr/bin/cmake --install /home/adam/Sensor-Fusion-And-Autonomous-Racing-Cars/ros_ws/build/vesc_ackermann
[384.428s] INFO:colcon.colcon_ros.task.ament_cmake.build:Building ROS package in '/home/adam/Sensor-Fusion-And-Autonomous-Racing-Cars/ros_ws/src/vesc_driver/vesc_driver' with build type 'ament_cmake'
[384.432s] INFO:colcon.colcon_cmake.task.cmake.build:Building CMake package in '/home/adam/Sensor-Fusion-And-Autonomous-Racing-Cars/ros_ws/src/vesc_driver/vesc_driver'
[384.787s] INFO:colcon.colcon_core.shell:Skip shell extension 'powershell' for command environment: Not usable outside of PowerShell
[384.788s] DEBUG:colcon.colcon_core.shell:Skip shell extension 'dsv' for command environment
[385.688s] DEBUG:colcon.colcon_core.event_handler.log_command:Invoking command in '/home/adam/Sensor-Fusion-And-Autonomous-Racing-Cars/ros_ws/build/udp_driver': CMAKE_PREFIX_PATH=/home/adam/Sensor-Fusion-And-Autonomous-Racing-Cars/ros_ws/install/io_context:/home/adam/Sensor-Fusion-And-Autonomous-Racing-Cars/ros_ws/install/asio_cmake_module:/home/adam/Sensor-Fusion-And-Autonomous-Racing-Cars/ros_ws/install/vesc:/home/adam/Sensor-Fusion-And-Autonomous-Racing-Cars/ros_ws/install/vesc_driver:/home/adam/Sensor-Fusion-And-Autonomous-Racing-Cars/ros_ws/install/vesc_ackermann:/home/adam/Sensor-Fusion-And-Autonomous-Racing-Cars/ros_ws/install/vesc_msgs:/home/adam/Sensor-Fusion-And-Autonomous-Racing-Cars/ros_ws/install/v4l2_camera:/home/adam/Sensor-Fusion-And-Autonomous-Racing-Cars/ros_ws/install/udp_driver:/home/adam/Sensor-Fusion-And-Autonomous-Racing-Cars/ros_ws/install/image_transport_plugins:/home/adam/Sensor-Fusion-And-Autonomous-Racing-Cars/ros_ws/install/theora_image_transport:/home/adam/Sensor-Fusion-And-Autonomous-Racing-Cars/ros_ws/install/serial_driver:/home/adam/Sensor-Fusion-And-Autonomous-Racing-Cars/ros_ws/install/ldlidar_ros2:/home/adam/Sensor-Fusion-And-Autonomous-Racing-Cars/ros_ws/install/compressed_image_transport:/home/adam/Sensor-Fusion-And-Autonomous-Racing-Cars/ros_ws/install/compressed_depth_image_transport:/home/adam/Sensor-Fusion-And-Autonomous-Racing-Cars/ros_ws/src/install/arc_autonomous_ctrl:/home/adam/Sensor-Fusion-And-Autonomous-Racing-Cars/ros_ws/install/steering_test_pkg:/home/adam/Sensor-Fusion-And-Autonomous-Racing-Cars/ros_ws/install/servo_controller:/home/adam/Sensor-Fusion-And-Autonomous-Racing-Cars/ros_ws/install/motor_controller:/home/adam/Sensor-Fusion-And-Autonomous-Racing-Cars/ros_ws/install/camera_sensor:/home/adam/Sensor-Fusion-And-Autonomous-Racing-Cars/ros_ws/install/arc_startup:/home/adam/Sensor-Fusion-And-Autonomous-Racing-Cars/ros_ws/install/arc_keyboard_control:/home/adam/Sensor-Fusion-And-Autonomous-Racing-Cars/ros_ws/install/arc_autonomous_ctrl:/opt/ros/foxy LD_LIBRARY_PATH=/home/adam/Sensor-Fusion-And-Autonomous-Racing-Cars/ros_ws/install/io_context/lib:/home/adam/Sensor-Fusion-And-Autonomous-Racing-Cars/ros_ws/install/vesc_driver/lib:/home/adam/Sensor-Fusion-And-Autonomous-Racing-Cars/ros_ws/install/vesc_ackermann/lib:/home/adam/Sensor-Fusion-And-Autonomous-Racing-Cars/ros_ws/install/vesc_msgs/lib:/home/adam/Sensor-Fusion-And-Autonomous-Racing-Cars/ros_ws/install/v4l2_camera/lib:/home/adam/Sensor-Fusion-And-Autonomous-Racing-Cars/ros_ws/install/udp_driver/lib:/home/adam/Sensor-Fusion-And-Autonomous-Racing-Cars/ros_ws/install/theora_image_transport/lib:/home/adam/Sensor-Fusion-And-Autonomous-Racing-Cars/ros_ws/install/serial_driver/lib:/home/adam/Sensor-Fusion-And-Autonomous-Racing-Cars/ros_ws/install/compressed_image_transport/lib:/home/adam/Sensor-Fusion-And-Autonomous-Racing-Cars/ros_ws/install/compressed_depth_image_transport/lib:/opt/ros/foxy/opt/yaml_cpp_vendor/lib:/opt/ros/foxy/opt/rviz_ogre_vendor/lib:/opt/ros/foxy/lib/aarch64-linux-gnu:/opt/ros/foxy/lib /usr/bin/cmake /home/adam/Sensor-Fusion-And-Autonomous-Racing-Cars/ros_ws/src/transport_drivers/udp_driver -DCMAKE_INSTALL_PREFIX=/home/adam/Sensor-Fusion-And-Autonomous-Racing-Cars/ros_ws/install/udp_driver
[385.714s] Level 1:colcon.colcon_core.environment:create_environment_scripts_only(vesc_ackermann)
[385.718s] DEBUG:colcon.colcon_core.event_handler.log_command:Invoked command in '/home/adam/Sensor-Fusion-And-Autonomous-Racing-Cars/ros_ws/build/vesc_ackermann' returned '0': CMAKE_PREFIX_PATH=/home/adam/Sensor-Fusion-And-Autonomous-Racing-Cars/ros_ws/install/vesc_msgs:/home/adam/Sensor-Fusion-And-Autonomous-Racing-Cars/ros_ws/install/vesc:/home/adam/Sensor-Fusion-And-Autonomous-Racing-Cars/ros_ws/install/vesc_driver:/home/adam/Sensor-Fusion-And-Autonomous-Racing-Cars/ros_ws/install/vesc_ackermann:/home/adam/Sensor-Fusion-And-Autonomous-Racing-Cars/ros_ws/install/v4l2_camera:/home/adam/Sensor-Fusion-And-Autonomous-Racing-Cars/ros_ws/install/udp_driver:/home/adam/Sensor-Fusion-And-Autonomous-Racing-Cars/ros_ws/install/image_transport_plugins:/home/adam/Sensor-Fusion-And-Autonomous-Racing-Cars/ros_ws/install/theora_image_transport:/home/adam/Sensor-Fusion-And-Autonomous-Racing-Cars/ros_ws/install/serial_driver:/home/adam/Sensor-Fusion-And-Autonomous-Racing-Cars/ros_ws/install/ldlidar_ros2:/home/adam/Sensor-Fusion-And-Autonomous-Racing-Cars/ros_ws/install/io_context:/home/adam/Sensor-Fusion-And-Autonomous-Racing-Cars/ros_ws/install/compressed_image_transport:/home/adam/Sensor-Fusion-And-Autonomous-Racing-Cars/ros_ws/install/compressed_depth_image_transport:/home/adam/Sensor-Fusion-And-Autonomous-Racing-Cars/ros_ws/install/asio_cmake_module:/home/adam/Sensor-Fusion-And-Autonomous-Racing-Cars/ros_ws/src/install/arc_autonomous_ctrl:/home/adam/Sensor-Fusion-And-Autonomous-Racing-Cars/ros_ws/install/steering_test_pkg:/home/adam/Sensor-Fusion-And-Autonomous-Racing-Cars/ros_ws/install/servo_controller:/home/adam/Sensor-Fusion-And-Autonomous-Racing-Cars/ros_ws/install/motor_controller:/home/adam/Sensor-Fusion-And-Autonomous-Racing-Cars/ros_ws/install/camera_sensor:/home/adam/Sensor-Fusion-And-Autonomous-Racing-Cars/ros_ws/install/arc_startup:/home/adam/Sensor-Fusion-And-Autonomous-Racing-Cars/ros_ws/install/arc_keyboard_control:/home/adam/Sensor-Fusion-And-Autonomous-Racing-Cars/ros_ws/install/arc_autonomous_ctrl:/opt/ros/foxy LD_LIBRARY_PATH=/home/adam/Sensor-Fusion-And-Autonomous-Racing-Cars/ros_ws/install/vesc_msgs/lib:/home/adam/Sensor-Fusion-And-Autonomous-Racing-Cars/ros_ws/install/vesc_driver/lib:/home/adam/Sensor-Fusion-And-Autonomous-Racing-Cars/ros_ws/install/vesc_ackermann/lib:/home/adam/Sensor-Fusion-And-Autonomous-Racing-Cars/ros_ws/install/v4l2_camera/lib:/home/adam/Sensor-Fusion-And-Autonomous-Racing-Cars/ros_ws/install/udp_driver/lib:/home/adam/Sensor-Fusion-And-Autonomous-Racing-Cars/ros_ws/install/theora_image_transport/lib:/home/adam/Sensor-Fusion-And-Autonomous-Racing-Cars/ros_ws/install/serial_driver/lib:/home/adam/Sensor-Fusion-And-Autonomous-Racing-Cars/ros_ws/install/io_context/lib:/home/adam/Sensor-Fusion-And-Autonomous-Racing-Cars/ros_ws/install/compressed_image_transport/lib:/home/adam/Sensor-Fusion-And-Autonomous-Racing-Cars/ros_ws/install/compressed_depth_image_transport/lib:/opt/ros/foxy/opt/yaml_cpp_vendor/lib:/opt/ros/foxy/opt/rviz_ogre_vendor/lib:/opt/ros/foxy/lib/aarch64-linux-gnu:/opt/ros/foxy/lib PYTHONPATH=/home/adam/Sensor-Fusion-And-Autonomous-Racing-Cars/ros_ws/install/vesc_msgs/lib/python3.8/site-packages:/home/adam/Sensor-Fusion-And-Autonomous-Racing-Cars/ros_ws/src/install/arc_autonomous_ctrl/lib/python3.8/site-packages:/home/adam/Sensor-Fusion-And-Autonomous-Racing-Cars/ros_ws/install/theora_image_transport/lib/python3.8/site-packages:/home/adam/Sensor-Fusion-And-Autonomous-Racing-Cars/ros_ws/install/steering_test_pkg/lib/python3.8/site-packages:/home/adam/Sensor-Fusion-And-Autonomous-Racing-Cars/ros_ws/install/servo_controller/lib/python3.8/site-packages:/home/adam/Sensor-Fusion-And-Autonomous-Racing-Cars/ros_ws/install/motor_controller/lib/python3.8/site-packages:/home/adam/Sensor-Fusion-And-Autonomous-Racing-Cars/ros_ws/install/camera_sensor/lib/python3.8/site-packages:/home/adam/Sensor-Fusion-And-Autonomous-Racing-Cars/ros_ws/install/arc_startup/lib/python3.8/site-packages:/home/adam/Sensor-Fusion-And-Autonomous-Racing-Cars/ros_ws/install/arc_keyboard_control/lib/python3.8/site-packages:/home/adam/Sensor-Fusion-And-Autonomous-Racing-Cars/ros_ws/install/arc_autonomous_ctrl/lib/python3.8/site-packages:/opt/ros/foxy/lib/python3.8/site-packages /usr/bin/cmake --install /home/adam/Sensor-Fusion-And-Autonomous-Racing-Cars/ros_ws/build/vesc_ackermann
[386.058s] Level 1:colcon.colcon_core.environment:checking '/home/adam/Sensor-Fusion-And-Autonomous-Racing-Cars/ros_ws/install/vesc_ackermann' for CMake module files
[386.063s] Level 1:colcon.colcon_core.environment:checking '/home/adam/Sensor-Fusion-And-Autonomous-Racing-Cars/ros_ws/install/vesc_ackermann' for CMake config files
[386.066s] Level 1:colcon.colcon_core.shell:create_environment_hook('vesc_ackermann', 'cmake_prefix_path')
[386.354s] INFO:colcon.colcon_core.shell:Creating environment hook '/home/adam/Sensor-Fusion-And-Autonomous-Racing-Cars/ros_ws/install/vesc_ackermann/share/vesc_ackermann/hook/cmake_prefix_path.ps1'
[386.356s] INFO:colcon.colcon_core.shell:Creating environment descriptor '/home/adam/Sensor-Fusion-And-Autonomous-Racing-Cars/ros_ws/install/vesc_ackermann/share/vesc_ackermann/hook/cmake_prefix_path.dsv'
[386.360s] INFO:colcon.colcon_core.shell:Creating environment hook '/home/adam/Sensor-Fusion-And-Autonomous-Racing-Cars/ros_ws/install/vesc_ackermann/share/vesc_ackermann/hook/cmake_prefix_path.sh'
[386.363s] Level 1:colcon.colcon_core.environment:checking '/home/adam/Sensor-Fusion-And-Autonomous-Racing-Cars/ros_ws/install/vesc_ackermann/lib'
[386.364s] Level 1:colcon.colcon_core.shell:create_environment_hook('vesc_ackermann', 'ld_library_path_lib')
[386.663s] INFO:colcon.colcon_core.shell:Creating environment hook '/home/adam/Sensor-Fusion-And-Autonomous-Racing-Cars/ros_ws/install/vesc_ackermann/share/vesc_ackermann/hook/ld_library_path_lib.ps1'
[386.665s] INFO:colcon.colcon_core.shell:Creating environment descriptor '/home/adam/Sensor-Fusion-And-Autonomous-Racing-Cars/ros_ws/install/vesc_ackermann/share/vesc_ackermann/hook/ld_library_path_lib.dsv'
[386.668s] INFO:colcon.colcon_core.shell:Creating environment hook '/home/adam/Sensor-Fusion-And-Autonomous-Racing-Cars/ros_ws/install/vesc_ackermann/share/vesc_ackermann/hook/ld_library_path_lib.sh'
[386.670s] Level 1:colcon.colcon_core.environment:checking '/home/adam/Sensor-Fusion-And-Autonomous-Racing-Cars/ros_ws/install/vesc_ackermann/bin'
[386.671s] Level 1:colcon.colcon_core.environment:checking '/home/adam/Sensor-Fusion-And-Autonomous-Racing-Cars/ros_ws/install/vesc_ackermann/lib/pkgconfig/vesc_ackermann.pc'
[386.672s] Level 1:colcon.colcon_core.environment:checking '/home/adam/Sensor-Fusion-And-Autonomous-Racing-Cars/ros_ws/install/vesc_ackermann/lib/python3.8/site-packages'
[386.674s] Level 1:colcon.colcon_core.environment:checking '/home/adam/Sensor-Fusion-And-Autonomous-Racing-Cars/ros_ws/install/vesc_ackermann/bin'
[386.992s] INFO:colcon.colcon_core.shell:Creating package script '/home/adam/Sensor-Fusion-And-Autonomous-Racing-Cars/ros_ws/install/vesc_ackermann/share/vesc_ackermann/package.ps1'
[386.995s] INFO:colcon.colcon_core.shell:Creating package descriptor '/home/adam/Sensor-Fusion-And-Autonomous-Racing-Cars/ros_ws/install/vesc_ackermann/share/vesc_ackermann/package.dsv'
[386.998s] INFO:colcon.colcon_core.shell:Creating package script '/home/adam/Sensor-Fusion-And-Autonomous-Racing-Cars/ros_ws/install/vesc_ackermann/share/vesc_ackermann/package.sh'
[387.001s] INFO:colcon.colcon_core.shell:Creating package script '/home/adam/Sensor-Fusion-And-Autonomous-Racing-Cars/ros_ws/install/vesc_ackermann/share/vesc_ackermann/package.bash'
[387.002s] INFO:colcon.colcon_core.shell:Creating package script '/home/adam/Sensor-Fusion-And-Autonomous-Racing-Cars/ros_ws/install/vesc_ackermann/share/vesc_ackermann/package.zsh'
[387.004s] Level 1:colcon.colcon_core.environment:create_file_with_runtime_dependencies(/home/adam/Sensor-Fusion-And-Autonomous-Racing-Cars/ros_ws/install/vesc_ackermann/share/colcon-core/packages/vesc_ackermann)
[387.040s] DEBUG:colcon.colcon_core.event_handler.log_command:Invoking command in '/home/adam/Sensor-Fusion-And-Autonomous-Racing-Cars/ros_ws/build/vesc_driver': CMAKE_PREFIX_PATH=/home/adam/Sensor-Fusion-And-Autonomous-Racing-Cars/ros_ws/install/serial_driver:/home/adam/Sensor-Fusion-And-Autonomous-Racing-Cars/ros_ws/install/io_context:/home/adam/Sensor-Fusion-And-Autonomous-Racing-Cars/ros_ws/install/vesc_msgs:/home/adam/Sensor-Fusion-And-Autonomous-Racing-Cars/ros_ws/install/vesc:/home/adam/Sensor-Fusion-And-Autonomous-Racing-Cars/ros_ws/install/vesc_driver:/home/adam/Sensor-Fusion-And-Autonomous-Racing-Cars/ros_ws/install/vesc_ackermann:/home/adam/Sensor-Fusion-And-Autonomous-Racing-Cars/ros_ws/install/v4l2_camera:/home/adam/Sensor-Fusion-And-Autonomous-Racing-Cars/ros_ws/install/udp_driver:/home/adam/Sensor-Fusion-And-Autonomous-Racing-Cars/ros_ws/install/image_transport_plugins:/home/adam/Sensor-Fusion-And-Autonomous-Racing-Cars/ros_ws/install/theora_image_transport:/home/adam/Sensor-Fusion-And-Autonomous-Racing-Cars/ros_ws/install/ldlidar_ros2:/home/adam/Sensor-Fusion-And-Autonomous-Racing-Cars/ros_ws/install/compressed_image_transport:/home/adam/Sensor-Fusion-And-Autonomous-Racing-Cars/ros_ws/install/compressed_depth_image_transport:/home/adam/Sensor-Fusion-And-Autonomous-Racing-Cars/ros_ws/install/asio_cmake_module:/home/adam/Sensor-Fusion-And-Autonomous-Racing-Cars/ros_ws/src/install/arc_autonomous_ctrl:/home/adam/Sensor-Fusion-And-Autonomous-Racing-Cars/ros_ws/install/steering_test_pkg:/home/adam/Sensor-Fusion-And-Autonomous-Racing-Cars/ros_ws/install/servo_controller:/home/adam/Sensor-Fusion-And-Autonomous-Racing-Cars/ros_ws/install/motor_controller:/home/adam/Sensor-Fusion-And-Autonomous-Racing-Cars/ros_ws/install/camera_sensor:/home/adam/Sensor-Fusion-And-Autonomous-Racing-Cars/ros_ws/install/arc_startup:/home/adam/Sensor-Fusion-And-Autonomous-Racing-Cars/ros_ws/install/arc_keyboard_control:/home/adam/Sensor-Fusion-And-Autonomous-Racing-Cars/ros_ws/install/arc_autonomous_ctrl:/opt/ros/foxy LD_LIBRARY_PATH=/home/adam/Sensor-Fusion-And-Autonomous-Racing-Cars/ros_ws/install/serial_driver/lib:/home/adam/Sensor-Fusion-And-Autonomous-Racing-Cars/ros_ws/install/io_context/lib:/home/adam/Sensor-Fusion-And-Autonomous-Racing-Cars/ros_ws/install/vesc_msgs/lib:/home/adam/Sensor-Fusion-And-Autonomous-Racing-Cars/ros_ws/install/vesc_driver/lib:/home/adam/Sensor-Fusion-And-Autonomous-Racing-Cars/ros_ws/install/vesc_ackermann/lib:/home/adam/Sensor-Fusion-And-Autonomous-Racing-Cars/ros_ws/install/v4l2_camera/lib:/home/adam/Sensor-Fusion-And-Autonomous-Racing-Cars/ros_ws/install/udp_driver/lib:/home/adam/Sensor-Fusion-And-Autonomous-Racing-Cars/ros_ws/install/theora_image_transport/lib:/home/adam/Sensor-Fusion-And-Autonomous-Racing-Cars/ros_ws/install/compressed_image_transport/lib:/home/adam/Sensor-Fusion-And-Autonomous-Racing-Cars/ros_ws/install/compressed_depth_image_transport/lib:/opt/ros/foxy/opt/yaml_cpp_vendor/lib:/opt/ros/foxy/opt/rviz_ogre_vendor/lib:/opt/ros/foxy/lib/aarch64-linux-gnu:/opt/ros/foxy/lib PYTHONPATH=/home/adam/Sensor-Fusion-And-Autonomous-Racing-Cars/ros_ws/install/vesc_msgs/lib/python3.8/site-packages:/home/adam/Sensor-Fusion-And-Autonomous-Racing-Cars/ros_ws/src/install/arc_autonomous_ctrl/lib/python3.8/site-packages:/home/adam/Sensor-Fusion-And-Autonomous-Racing-Cars/ros_ws/install/theora_image_transport/lib/python3.8/site-packages:/home/adam/Sensor-Fusion-And-Autonomous-Racing-Cars/ros_ws/install/steering_test_pkg/lib/python3.8/site-packages:/home/adam/Sensor-Fusion-And-Autonomous-Racing-Cars/ros_ws/install/servo_controller/lib/python3.8/site-packages:/home/adam/Sensor-Fusion-And-Autonomous-Racing-Cars/ros_ws/install/motor_controller/lib/python3.8/site-packages:/home/adam/Sensor-Fusion-And-Autonomous-Racing-Cars/ros_ws/install/camera_sensor/lib/python3.8/site-packages:/home/adam/Sensor-Fusion-And-Autonomous-Racing-Cars/ros_ws/install/arc_startup/lib/python3.8/site-packages:/home/adam/Sensor-Fusion-And-Autonomous-Racing-Cars/ros_ws/install/arc_keyboard_control/lib/python3.8/site-packages:/home/adam/Sensor-Fusion-And-Autonomous-Racing-Cars/ros_ws/install/arc_autonomous_ctrl/lib/python3.8/site-packages:/opt/ros/foxy/lib/python3.8/site-packages /usr/bin/cmake /home/adam/Sensor-Fusion-And-Autonomous-Racing-Cars/ros_ws/src/vesc_driver/vesc_driver -DCMAKE_INSTALL_PREFIX=/home/adam/Sensor-Fusion-And-Autonomous-Racing-Cars/ros_ws/install/vesc_driver
[387.103s] DEBUG:colcon.colcon_core.event_handler.log_command:Invoked command in '/home/adam/Sensor-Fusion-And-Autonomous-Racing-Cars/ros_ws/build/v4l2_camera' returned '0': CMAKE_PREFIX_PATH=${CMAKE_PREFIX_PATH}:/home/adam/Sensor-Fusion-And-Autonomous-Racing-Cars/ros_ws/src/install/arc_autonomous_ctrl:/home/adam/Sensor-Fusion-And-Autonomous-Racing-Cars/ros_ws/install/steering_test_pkg:/home/adam/Sensor-Fusion-And-Autonomous-Racing-Cars/ros_ws/install/servo_controller:/home/adam/Sensor-Fusion-And-Autonomous-Racing-Cars/ros_ws/install/motor_controller:/home/adam/Sensor-Fusion-And-Autonomous-Racing-Cars/ros_ws/install/camera_sensor:/home/adam/Sensor-Fusion-And-Autonomous-Racing-Cars/ros_ws/install/arc_startup:/home/adam/Sensor-Fusion-And-Autonomous-Racing-Cars/ros_ws/install/arc_keyboard_control:/home/adam/Sensor-Fusion-And-Autonomous-Racing-Cars/ros_ws/install/arc_autonomous_ctrl:/opt/ros/foxy /usr/bin/cmake /home/adam/Sensor-Fusion-And-Autonomous-Racing-Cars/ros_ws/src/v4l2_camera -DCMAKE_INSTALL_PREFIX=/home/adam/Sensor-Fusion-And-Autonomous-Racing-Cars/ros_ws/install/v4l2_camera
[387.127s] DEBUG:colcon.colcon_core.event_handler.log_command:Invoking command in '/home/adam/Sensor-Fusion-And-Autonomous-Racing-Cars/ros_ws/build/v4l2_camera': CMAKE_PREFIX_PATH=${CMAKE_PREFIX_PATH}:/home/adam/Sensor-Fusion-And-Autonomous-Racing-Cars/ros_ws/src/install/arc_autonomous_ctrl:/home/adam/Sensor-Fusion-And-Autonomous-Racing-Cars/ros_ws/install/steering_test_pkg:/home/adam/Sensor-Fusion-And-Autonomous-Racing-Cars/ros_ws/install/servo_controller:/home/adam/Sensor-Fusion-And-Autonomous-Racing-Cars/ros_ws/install/motor_controller:/home/adam/Sensor-Fusion-And-Autonomous-Racing-Cars/ros_ws/install/camera_sensor:/home/adam/Sensor-Fusion-And-Autonomous-Racing-Cars/ros_ws/install/arc_startup:/home/adam/Sensor-Fusion-And-Autonomous-Racing-Cars/ros_ws/install/arc_keyboard_control:/home/adam/Sensor-Fusion-And-Autonomous-Racing-Cars/ros_ws/install/arc_autonomous_ctrl:/opt/ros/foxy /usr/bin/cmake --build /home/adam/Sensor-Fusion-And-Autonomous-Racing-Cars/ros_ws/build/v4l2_camera -- -j4 -l4
[387.866s] Level 1:colcon.colcon_core.environment:create_environment_scripts_only(vesc_ackermann)
[388.312s] Level 1:colcon.colcon_core.environment:checking '/home/adam/Sensor-Fusion-And-Autonomous-Racing-Cars/ros_ws/install/vesc_ackermann' for CMake module files
[388.317s] Level 1:colcon.colcon_core.environment:checking '/home/adam/Sensor-Fusion-And-Autonomous-Racing-Cars/ros_ws/install/vesc_ackermann' for CMake config files
[388.328s] Level 1:colcon.colcon_core.shell:create_environment_hook('vesc_ackermann', 'cmake_prefix_path')
[388.858s] INFO:colcon.colcon_core.shell:Creating environment hook '/home/adam/Sensor-Fusion-And-Autonomous-Racing-Cars/ros_ws/install/vesc_ackermann/share/vesc_ackermann/hook/cmake_prefix_path.ps1'
[388.863s] INFO:colcon.colcon_core.shell:Creating environment descriptor '/home/adam/Sensor-Fusion-And-Autonomous-Racing-Cars/ros_ws/install/vesc_ackermann/share/vesc_ackermann/hook/cmake_prefix_path.dsv'
[388.866s] INFO:colcon.colcon_core.shell:Creating environment hook '/home/adam/Sensor-Fusion-And-Autonomous-Racing-Cars/ros_ws/install/vesc_ackermann/share/vesc_ackermann/hook/cmake_prefix_path.sh'
[388.873s] Level 1:colcon.colcon_core.environment:checking '/home/adam/Sensor-Fusion-And-Autonomous-Racing-Cars/ros_ws/install/vesc_ackermann/lib'
[388.875s] Level 1:colcon.colcon_core.shell:create_environment_hook('vesc_ackermann', 'ld_library_path_lib')
[389.509s] INFO:colcon.colcon_core.shell:Creating environment hook '/home/adam/Sensor-Fusion-And-Autonomous-Racing-Cars/ros_ws/install/vesc_ackermann/share/vesc_ackermann/hook/ld_library_path_lib.ps1'
[389.512s] INFO:colcon.colcon_core.shell:Creating environment descriptor '/home/adam/Sensor-Fusion-And-Autonomous-Racing-Cars/ros_ws/install/vesc_ackermann/share/vesc_ackermann/hook/ld_library_path_lib.dsv'
[389.519s] INFO:colcon.colcon_core.shell:Creating environment hook '/home/adam/Sensor-Fusion-And-Autonomous-Racing-Cars/ros_ws/install/vesc_ackermann/share/vesc_ackermann/hook/ld_library_path_lib.sh'
[389.522s] Level 1:colcon.colcon_core.environment:checking '/home/adam/Sensor-Fusion-And-Autonomous-Racing-Cars/ros_ws/install/vesc_ackermann/bin'
[389.523s] Level 1:colcon.colcon_core.environment:checking '/home/adam/Sensor-Fusion-And-Autonomous-Racing-Cars/ros_ws/install/vesc_ackermann/lib/pkgconfig/vesc_ackermann.pc'
[389.526s] Level 1:colcon.colcon_core.environment:checking '/home/adam/Sensor-Fusion-And-Autonomous-Racing-Cars/ros_ws/install/vesc_ackermann/lib/python3.8/site-packages'
[389.529s] Level 1:colcon.colcon_core.environment:checking '/home/adam/Sensor-Fusion-And-Autonomous-Racing-Cars/ros_ws/install/vesc_ackermann/bin'
[390.224s] INFO:colcon.colcon_core.shell:Creating package script '/home/adam/Sensor-Fusion-And-Autonomous-Racing-Cars/ros_ws/install/vesc_ackermann/share/vesc_ackermann/package.ps1'
[390.228s] INFO:colcon.colcon_core.shell:Creating package descriptor '/home/adam/Sensor-Fusion-And-Autonomous-Racing-Cars/ros_ws/install/vesc_ackermann/share/vesc_ackermann/package.dsv'
[390.235s] INFO:colcon.colcon_core.shell:Creating package script '/home/adam/Sensor-Fusion-And-Autonomous-Racing-Cars/ros_ws/install/vesc_ackermann/share/vesc_ackermann/package.sh'
[390.242s] INFO:colcon.colcon_core.shell:Creating package script '/home/adam/Sensor-Fusion-And-Autonomous-Racing-Cars/ros_ws/install/vesc_ackermann/share/vesc_ackermann/package.bash'
[390.246s] INFO:colcon.colcon_core.shell:Creating package script '/home/adam/Sensor-Fusion-And-Autonomous-Racing-Cars/ros_ws/install/vesc_ackermann/share/vesc_ackermann/package.zsh'
[390.250s] Level 1:colcon.colcon_core.environment:create_file_with_runtime_dependencies(/home/adam/Sensor-Fusion-And-Autonomous-Racing-Cars/ros_ws/install/vesc_ackermann/share/colcon-core/packages/vesc_ackermann)
[404.681s] DEBUG:colcon.colcon_core.event_handler.log_command:Invoked command in '/home/adam/Sensor-Fusion-And-Autonomous-Racing-Cars/ros_ws/build/udp_driver' returned '0': CMAKE_PREFIX_PATH=/home/adam/Sensor-Fusion-And-Autonomous-Racing-Cars/ros_ws/install/io_context:/home/adam/Sensor-Fusion-And-Autonomous-Racing-Cars/ros_ws/install/asio_cmake_module:/home/adam/Sensor-Fusion-And-Autonomous-Racing-Cars/ros_ws/install/vesc:/home/adam/Sensor-Fusion-And-Autonomous-Racing-Cars/ros_ws/install/vesc_driver:/home/adam/Sensor-Fusion-And-Autonomous-Racing-Cars/ros_ws/install/vesc_ackermann:/home/adam/Sensor-Fusion-And-Autonomous-Racing-Cars/ros_ws/install/vesc_msgs:/home/adam/Sensor-Fusion-And-Autonomous-Racing-Cars/ros_ws/install/v4l2_camera:/home/adam/Sensor-Fusion-And-Autonomous-Racing-Cars/ros_ws/install/udp_driver:/home/adam/Sensor-Fusion-And-Autonomous-Racing-Cars/ros_ws/install/image_transport_plugins:/home/adam/Sensor-Fusion-And-Autonomous-Racing-Cars/ros_ws/install/theora_image_transport:/home/adam/Sensor-Fusion-And-Autonomous-Racing-Cars/ros_ws/install/serial_driver:/home/adam/Sensor-Fusion-And-Autonomous-Racing-Cars/ros_ws/install/ldlidar_ros2:/home/adam/Sensor-Fusion-And-Autonomous-Racing-Cars/ros_ws/install/compressed_image_transport:/home/adam/Sensor-Fusion-And-Autonomous-Racing-Cars/ros_ws/install/compressed_depth_image_transport:/home/adam/Sensor-Fusion-And-Autonomous-Racing-Cars/ros_ws/src/install/arc_autonomous_ctrl:/home/adam/Sensor-Fusion-And-Autonomous-Racing-Cars/ros_ws/install/steering_test_pkg:/home/adam/Sensor-Fusion-And-Autonomous-Racing-Cars/ros_ws/install/servo_controller:/home/adam/Sensor-Fusion-And-Autonomous-Racing-Cars/ros_ws/install/motor_controller:/home/adam/Sensor-Fusion-And-Autonomous-Racing-Cars/ros_ws/install/camera_sensor:/home/adam/Sensor-Fusion-And-Autonomous-Racing-Cars/ros_ws/install/arc_startup:/home/adam/Sensor-Fusion-And-Autonomous-Racing-Cars/ros_ws/install/arc_keyboard_control:/home/adam/Sensor-Fusion-And-Autonomous-Racing-Cars/ros_ws/install/arc_autonomous_ctrl:/opt/ros/foxy LD_LIBRARY_PATH=/home/adam/Sensor-Fusion-And-Autonomous-Racing-Cars/ros_ws/install/io_context/lib:/home/adam/Sensor-Fusion-And-Autonomous-Racing-Cars/ros_ws/install/vesc_driver/lib:/home/adam/Sensor-Fusion-And-Autonomous-Racing-Cars/ros_ws/install/vesc_ackermann/lib:/home/adam/Sensor-Fusion-And-Autonomous-Racing-Cars/ros_ws/install/vesc_msgs/lib:/home/adam/Sensor-Fusion-And-Autonomous-Racing-Cars/ros_ws/install/v4l2_camera/lib:/home/adam/Sensor-Fusion-And-Autonomous-Racing-Cars/ros_ws/install/udp_driver/lib:/home/adam/Sensor-Fusion-And-Autonomous-Racing-Cars/ros_ws/install/theora_image_transport/lib:/home/adam/Sensor-Fusion-And-Autonomous-Racing-Cars/ros_ws/install/serial_driver/lib:/home/adam/Sensor-Fusion-And-Autonomous-Racing-Cars/ros_ws/install/compressed_image_transport/lib:/home/adam/Sensor-Fusion-And-Autonomous-Racing-Cars/ros_ws/install/compressed_depth_image_transport/lib:/opt/ros/foxy/opt/yaml_cpp_vendor/lib:/opt/ros/foxy/opt/rviz_ogre_vendor/lib:/opt/ros/foxy/lib/aarch64-linux-gnu:/opt/ros/foxy/lib /usr/bin/cmake /home/adam/Sensor-Fusion-And-Autonomous-Racing-Cars/ros_ws/src/transport_drivers/udp_driver -DCMAKE_INSTALL_PREFIX=/home/adam/Sensor-Fusion-And-Autonomous-Racing-Cars/ros_ws/install/udp_driver
[404.701s] DEBUG:colcon.colcon_core.event_handler.log_command:Invoking command in '/home/adam/Sensor-Fusion-And-Autonomous-Racing-Cars/ros_ws/build/udp_driver': CMAKE_PREFIX_PATH=/home/adam/Sensor-Fusion-And-Autonomous-Racing-Cars/ros_ws/install/io_context:/home/adam/Sensor-Fusion-And-Autonomous-Racing-Cars/ros_ws/install/asio_cmake_module:/home/adam/Sensor-Fusion-And-Autonomous-Racing-Cars/ros_ws/install/vesc:/home/adam/Sensor-Fusion-And-Autonomous-Racing-Cars/ros_ws/install/vesc_driver:/home/adam/Sensor-Fusion-And-Autonomous-Racing-Cars/ros_ws/install/vesc_ackermann:/home/adam/Sensor-Fusion-And-Autonomous-Racing-Cars/ros_ws/install/vesc_msgs:/home/adam/Sensor-Fusion-And-Autonomous-Racing-Cars/ros_ws/install/v4l2_camera:/home/adam/Sensor-Fusion-And-Autonomous-Racing-Cars/ros_ws/install/udp_driver:/home/adam/Sensor-Fusion-And-Autonomous-Racing-Cars/ros_ws/install/image_transport_plugins:/home/adam/Sensor-Fusion-And-Autonomous-Racing-Cars/ros_ws/install/theora_image_transport:/home/adam/Sensor-Fusion-And-Autonomous-Racing-Cars/ros_ws/install/serial_driver:/home/adam/Sensor-Fusion-And-Autonomous-Racing-Cars/ros_ws/install/ldlidar_ros2:/home/adam/Sensor-Fusion-And-Autonomous-Racing-Cars/ros_ws/install/compressed_image_transport:/home/adam/Sensor-Fusion-And-Autonomous-Racing-Cars/ros_ws/install/compressed_depth_image_transport:/home/adam/Sensor-Fusion-And-Autonomous-Racing-Cars/ros_ws/src/install/arc_autonomous_ctrl:/home/adam/Sensor-Fusion-And-Autonomous-Racing-Cars/ros_ws/install/steering_test_pkg:/home/adam/Sensor-Fusion-And-Autonomous-Racing-Cars/ros_ws/install/servo_controller:/home/adam/Sensor-Fusion-And-Autonomous-Racing-Cars/ros_ws/install/motor_controller:/home/adam/Sensor-Fusion-And-Autonomous-Racing-Cars/ros_ws/install/camera_sensor:/home/adam/Sensor-Fusion-And-Autonomous-Racing-Cars/ros_ws/install/arc_startup:/home/adam/Sensor-Fusion-And-Autonomous-Racing-Cars/ros_ws/install/arc_keyboard_control:/home/adam/Sensor-Fusion-And-Autonomous-Racing-Cars/ros_ws/install/arc_autonomous_ctrl:/opt/ros/foxy LD_LIBRARY_PATH=/home/adam/Sensor-Fusion-And-Autonomous-Racing-Cars/ros_ws/install/io_context/lib:/home/adam/Sensor-Fusion-And-Autonomous-Racing-Cars/ros_ws/install/vesc_driver/lib:/home/adam/Sensor-Fusion-And-Autonomous-Racing-Cars/ros_ws/install/vesc_ackermann/lib:/home/adam/Sensor-Fusion-And-Autonomous-Racing-Cars/ros_ws/install/vesc_msgs/lib:/home/adam/Sensor-Fusion-And-Autonomous-Racing-Cars/ros_ws/install/v4l2_camera/lib:/home/adam/Sensor-Fusion-And-Autonomous-Racing-Cars/ros_ws/install/udp_driver/lib:/home/adam/Sensor-Fusion-And-Autonomous-Racing-Cars/ros_ws/install/theora_image_transport/lib:/home/adam/Sensor-Fusion-And-Autonomous-Racing-Cars/ros_ws/install/serial_driver/lib:/home/adam/Sensor-Fusion-And-Autonomous-Racing-Cars/ros_ws/install/compressed_image_transport/lib:/home/adam/Sensor-Fusion-And-Autonomous-Racing-Cars/ros_ws/install/compressed_depth_image_transport/lib:/opt/ros/foxy/opt/yaml_cpp_vendor/lib:/opt/ros/foxy/opt/rviz_ogre_vendor/lib:/opt/ros/foxy/lib/aarch64-linux-gnu:/opt/ros/foxy/lib /usr/bin/cmake --build /home/adam/Sensor-Fusion-And-Autonomous-Racing-Cars/ros_ws/build/udp_driver -- -j4 -l4
[406.131s] DEBUG:colcon.colcon_core.event_handler.log_command:Invoked command in '/home/adam/Sensor-Fusion-And-Autonomous-Racing-Cars/ros_ws/build/vesc_driver' returned '0': CMAKE_PREFIX_PATH=/home/adam/Sensor-Fusion-And-Autonomous-Racing-Cars/ros_ws/install/serial_driver:/home/adam/Sensor-Fusion-And-Autonomous-Racing-Cars/ros_ws/install/io_context:/home/adam/Sensor-Fusion-And-Autonomous-Racing-Cars/ros_ws/install/vesc_msgs:/home/adam/Sensor-Fusion-And-Autonomous-Racing-Cars/ros_ws/install/vesc:/home/adam/Sensor-Fusion-And-Autonomous-Racing-Cars/ros_ws/install/vesc_driver:/home/adam/Sensor-Fusion-And-Autonomous-Racing-Cars/ros_ws/install/vesc_ackermann:/home/adam/Sensor-Fusion-And-Autonomous-Racing-Cars/ros_ws/install/v4l2_camera:/home/adam/Sensor-Fusion-And-Autonomous-Racing-Cars/ros_ws/install/udp_driver:/home/adam/Sensor-Fusion-And-Autonomous-Racing-Cars/ros_ws/install/image_transport_plugins:/home/adam/Sensor-Fusion-And-Autonomous-Racing-Cars/ros_ws/install/theora_image_transport:/home/adam/Sensor-Fusion-And-Autonomous-Racing-Cars/ros_ws/install/ldlidar_ros2:/home/adam/Sensor-Fusion-And-Autonomous-Racing-Cars/ros_ws/install/compressed_image_transport:/home/adam/Sensor-Fusion-And-Autonomous-Racing-Cars/ros_ws/install/compressed_depth_image_transport:/home/adam/Sensor-Fusion-And-Autonomous-Racing-Cars/ros_ws/install/asio_cmake_module:/home/adam/Sensor-Fusion-And-Autonomous-Racing-Cars/ros_ws/src/install/arc_autonomous_ctrl:/home/adam/Sensor-Fusion-And-Autonomous-Racing-Cars/ros_ws/install/steering_test_pkg:/home/adam/Sensor-Fusion-And-Autonomous-Racing-Cars/ros_ws/install/servo_controller:/home/adam/Sensor-Fusion-And-Autonomous-Racing-Cars/ros_ws/install/motor_controller:/home/adam/Sensor-Fusion-And-Autonomous-Racing-Cars/ros_ws/install/camera_sensor:/home/adam/Sensor-Fusion-And-Autonomous-Racing-Cars/ros_ws/install/arc_startup:/home/adam/Sensor-Fusion-And-Autonomous-Racing-Cars/ros_ws/install/arc_keyboard_control:/home/adam/Sensor-Fusion-And-Autonomous-Racing-Cars/ros_ws/install/arc_autonomous_ctrl:/opt/ros/foxy LD_LIBRARY_PATH=/home/adam/Sensor-Fusion-And-Autonomous-Racing-Cars/ros_ws/install/serial_driver/lib:/home/adam/Sensor-Fusion-And-Autonomous-Racing-Cars/ros_ws/install/io_context/lib:/home/adam/Sensor-Fusion-And-Autonomous-Racing-Cars/ros_ws/install/vesc_msgs/lib:/home/adam/Sensor-Fusion-And-Autonomous-Racing-Cars/ros_ws/install/vesc_driver/lib:/home/adam/Sensor-Fusion-And-Autonomous-Racing-Cars/ros_ws/install/vesc_ackermann/lib:/home/adam/Sensor-Fusion-And-Autonomous-Racing-Cars/ros_ws/install/v4l2_camera/lib:/home/adam/Sensor-Fusion-And-Autonomous-Racing-Cars/ros_ws/install/udp_driver/lib:/home/adam/Sensor-Fusion-And-Autonomous-Racing-Cars/ros_ws/install/theora_image_transport/lib:/home/adam/Sensor-Fusion-And-Autonomous-Racing-Cars/ros_ws/install/compressed_image_transport/lib:/home/adam/Sensor-Fusion-And-Autonomous-Racing-Cars/ros_ws/install/compressed_depth_image_transport/lib:/opt/ros/foxy/opt/yaml_cpp_vendor/lib:/opt/ros/foxy/opt/rviz_ogre_vendor/lib:/opt/ros/foxy/lib/aarch64-linux-gnu:/opt/ros/foxy/lib PYTHONPATH=/home/adam/Sensor-Fusion-And-Autonomous-Racing-Cars/ros_ws/install/vesc_msgs/lib/python3.8/site-packages:/home/adam/Sensor-Fusion-And-Autonomous-Racing-Cars/ros_ws/src/install/arc_autonomous_ctrl/lib/python3.8/site-packages:/home/adam/Sensor-Fusion-And-Autonomous-Racing-Cars/ros_ws/install/theora_image_transport/lib/python3.8/site-packages:/home/adam/Sensor-Fusion-And-Autonomous-Racing-Cars/ros_ws/install/steering_test_pkg/lib/python3.8/site-packages:/home/adam/Sensor-Fusion-And-Autonomous-Racing-Cars/ros_ws/install/servo_controller/lib/python3.8/site-packages:/home/adam/Sensor-Fusion-And-Autonomous-Racing-Cars/ros_ws/install/motor_controller/lib/python3.8/site-packages:/home/adam/Sensor-Fusion-And-Autonomous-Racing-Cars/ros_ws/install/camera_sensor/lib/python3.8/site-packages:/home/adam/Sensor-Fusion-And-Autonomous-Racing-Cars/ros_ws/install/arc_startup/lib/python3.8/site-packages:/home/adam/Sensor-Fusion-And-Autonomous-Racing-Cars/ros_ws/install/arc_keyboard_control/lib/python3.8/site-packages:/home/adam/Sensor-Fusion-And-Autonomous-Racing-Cars/ros_ws/install/arc_autonomous_ctrl/lib/python3.8/site-packages:/opt/ros/foxy/lib/python3.8/site-packages /usr/bin/cmake /home/adam/Sensor-Fusion-And-Autonomous-Racing-Cars/ros_ws/src/vesc_driver/vesc_driver -DCMAKE_INSTALL_PREFIX=/home/adam/Sensor-Fusion-And-Autonomous-Racing-Cars/ros_ws/install/vesc_driver
[406.140s] DEBUG:colcon.colcon_core.event_handler.log_command:Invoking command in '/home/adam/Sensor-Fusion-And-Autonomous-Racing-Cars/ros_ws/build/vesc_driver': CMAKE_PREFIX_PATH=/home/adam/Sensor-Fusion-And-Autonomous-Racing-Cars/ros_ws/install/serial_driver:/home/adam/Sensor-Fusion-And-Autonomous-Racing-Cars/ros_ws/install/io_context:/home/adam/Sensor-Fusion-And-Autonomous-Racing-Cars/ros_ws/install/vesc_msgs:/home/adam/Sensor-Fusion-And-Autonomous-Racing-Cars/ros_ws/install/vesc:/home/adam/Sensor-Fusion-And-Autonomous-Racing-Cars/ros_ws/install/vesc_driver:/home/adam/Sensor-Fusion-And-Autonomous-Racing-Cars/ros_ws/install/vesc_ackermann:/home/adam/Sensor-Fusion-And-Autonomous-Racing-Cars/ros_ws/install/v4l2_camera:/home/adam/Sensor-Fusion-And-Autonomous-Racing-Cars/ros_ws/install/udp_driver:/home/adam/Sensor-Fusion-And-Autonomous-Racing-Cars/ros_ws/install/image_transport_plugins:/home/adam/Sensor-Fusion-And-Autonomous-Racing-Cars/ros_ws/install/theora_image_transport:/home/adam/Sensor-Fusion-And-Autonomous-Racing-Cars/ros_ws/install/ldlidar_ros2:/home/adam/Sensor-Fusion-And-Autonomous-Racing-Cars/ros_ws/install/compressed_image_transport:/home/adam/Sensor-Fusion-And-Autonomous-Racing-Cars/ros_ws/install/compressed_depth_image_transport:/home/adam/Sensor-Fusion-And-Autonomous-Racing-Cars/ros_ws/install/asio_cmake_module:/home/adam/Sensor-Fusion-And-Autonomous-Racing-Cars/ros_ws/src/install/arc_autonomous_ctrl:/home/adam/Sensor-Fusion-And-Autonomous-Racing-Cars/ros_ws/install/steering_test_pkg:/home/adam/Sensor-Fusion-And-Autonomous-Racing-Cars/ros_ws/install/servo_controller:/home/adam/Sensor-Fusion-And-Autonomous-Racing-Cars/ros_ws/install/motor_controller:/home/adam/Sensor-Fusion-And-Autonomous-Racing-Cars/ros_ws/install/camera_sensor:/home/adam/Sensor-Fusion-And-Autonomous-Racing-Cars/ros_ws/install/arc_startup:/home/adam/Sensor-Fusion-And-Autonomous-Racing-Cars/ros_ws/install/arc_keyboard_control:/home/adam/Sensor-Fusion-And-Autonomous-Racing-Cars/ros_ws/install/arc_autonomous_ctrl:/opt/ros/foxy LD_LIBRARY_PATH=/home/adam/Sensor-Fusion-And-Autonomous-Racing-Cars/ros_ws/install/serial_driver/lib:/home/adam/Sensor-Fusion-And-Autonomous-Racing-Cars/ros_ws/install/io_context/lib:/home/adam/Sensor-Fusion-And-Autonomous-Racing-Cars/ros_ws/install/vesc_msgs/lib:/home/adam/Sensor-Fusion-And-Autonomous-Racing-Cars/ros_ws/install/vesc_driver/lib:/home/adam/Sensor-Fusion-And-Autonomous-Racing-Cars/ros_ws/install/vesc_ackermann/lib:/home/adam/Sensor-Fusion-And-Autonomous-Racing-Cars/ros_ws/install/v4l2_camera/lib:/home/adam/Sensor-Fusion-And-Autonomous-Racing-Cars/ros_ws/install/udp_driver/lib:/home/adam/Sensor-Fusion-And-Autonomous-Racing-Cars/ros_ws/install/theora_image_transport/lib:/home/adam/Sensor-Fusion-And-Autonomous-Racing-Cars/ros_ws/install/compressed_image_transport/lib:/home/adam/Sensor-Fusion-And-Autonomous-Racing-Cars/ros_ws/install/compressed_depth_image_transport/lib:/opt/ros/foxy/opt/yaml_cpp_vendor/lib:/opt/ros/foxy/opt/rviz_ogre_vendor/lib:/opt/ros/foxy/lib/aarch64-linux-gnu:/opt/ros/foxy/lib PYTHONPATH=/home/adam/Sensor-Fusion-And-Autonomous-Racing-Cars/ros_ws/install/vesc_msgs/lib/python3.8/site-packages:/home/adam/Sensor-Fusion-And-Autonomous-Racing-Cars/ros_ws/src/install/arc_autonomous_ctrl/lib/python3.8/site-packages:/home/adam/Sensor-Fusion-And-Autonomous-Racing-Cars/ros_ws/install/theora_image_transport/lib/python3.8/site-packages:/home/adam/Sensor-Fusion-And-Autonomous-Racing-Cars/ros_ws/install/steering_test_pkg/lib/python3.8/site-packages:/home/adam/Sensor-Fusion-And-Autonomous-Racing-Cars/ros_ws/install/servo_controller/lib/python3.8/site-packages:/home/adam/Sensor-Fusion-And-Autonomous-Racing-Cars/ros_ws/install/motor_controller/lib/python3.8/site-packages:/home/adam/Sensor-Fusion-And-Autonomous-Racing-Cars/ros_ws/install/camera_sensor/lib/python3.8/site-packages:/home/adam/Sensor-Fusion-And-Autonomous-Racing-Cars/ros_ws/install/arc_startup/lib/python3.8/site-packages:/home/adam/Sensor-Fusion-And-Autonomous-Racing-Cars/ros_ws/install/arc_keyboard_control/lib/python3.8/site-packages:/home/adam/Sensor-Fusion-And-Autonomous-Racing-Cars/ros_ws/install/arc_autonomous_ctrl/lib/python3.8/site-packages:/opt/ros/foxy/lib/python3.8/site-packages /usr/bin/cmake --build /home/adam/Sensor-Fusion-And-Autonomous-Racing-Cars/ros_ws/build/vesc_driver -- -j4 -l4
[483.596s] DEBUG:colcon.colcon_core.event_handler.log_command:Invoked command in '/home/adam/Sensor-Fusion-And-Autonomous-Racing-Cars/ros_ws/build/v4l2_camera' returned '0': CMAKE_PREFIX_PATH=${CMAKE_PREFIX_PATH}:/home/adam/Sensor-Fusion-And-Autonomous-Racing-Cars/ros_ws/src/install/arc_autonomous_ctrl:/home/adam/Sensor-Fusion-And-Autonomous-Racing-Cars/ros_ws/install/steering_test_pkg:/home/adam/Sensor-Fusion-And-Autonomous-Racing-Cars/ros_ws/install/servo_controller:/home/adam/Sensor-Fusion-And-Autonomous-Racing-Cars/ros_ws/install/motor_controller:/home/adam/Sensor-Fusion-And-Autonomous-Racing-Cars/ros_ws/install/camera_sensor:/home/adam/Sensor-Fusion-And-Autonomous-Racing-Cars/ros_ws/install/arc_startup:/home/adam/Sensor-Fusion-And-Autonomous-Racing-Cars/ros_ws/install/arc_keyboard_control:/home/adam/Sensor-Fusion-And-Autonomous-Racing-Cars/ros_ws/install/arc_autonomous_ctrl:/opt/ros/foxy /usr/bin/cmake --build /home/adam/Sensor-Fusion-And-Autonomous-Racing-Cars/ros_ws/build/v4l2_camera -- -j4 -l4
[483.993s] DEBUG:colcon.colcon_core.event_handler.log_command:Invoking command in '/home/adam/Sensor-Fusion-And-Autonomous-Racing-Cars/ros_ws/build/v4l2_camera': CMAKE_PREFIX_PATH=${CMAKE_PREFIX_PATH}:/home/adam/Sensor-Fusion-And-Autonomous-Racing-Cars/ros_ws/src/install/arc_autonomous_ctrl:/home/adam/Sensor-Fusion-And-Autonomous-Racing-Cars/ros_ws/install/steering_test_pkg:/home/adam/Sensor-Fusion-And-Autonomous-Racing-Cars/ros_ws/install/servo_controller:/home/adam/Sensor-Fusion-And-Autonomous-Racing-Cars/ros_ws/install/motor_controller:/home/adam/Sensor-Fusion-And-Autonomous-Racing-Cars/ros_ws/install/camera_sensor:/home/adam/Sensor-Fusion-And-Autonomous-Racing-Cars/ros_ws/install/arc_startup:/home/adam/Sensor-Fusion-And-Autonomous-Racing-Cars/ros_ws/install/arc_keyboard_control:/home/adam/Sensor-Fusion-And-Autonomous-Racing-Cars/ros_ws/install/arc_autonomous_ctrl:/opt/ros/foxy /usr/bin/cmake --install /home/adam/Sensor-Fusion-And-Autonomous-Racing-Cars/ros_ws/build/v4l2_camera
[484.311s] Level 1:colcon.colcon_core.environment:create_environment_scripts_only(v4l2_camera)
[484.315s] DEBUG:colcon.colcon_core.event_handler.log_command:Invoked command in '/home/adam/Sensor-Fusion-And-Autonomous-Racing-Cars/ros_ws/build/v4l2_camera' returned '0': CMAKE_PREFIX_PATH=${CMAKE_PREFIX_PATH}:/home/adam/Sensor-Fusion-And-Autonomous-Racing-Cars/ros_ws/src/install/arc_autonomous_ctrl:/home/adam/Sensor-Fusion-And-Autonomous-Racing-Cars/ros_ws/install/steering_test_pkg:/home/adam/Sensor-Fusion-And-Autonomous-Racing-Cars/ros_ws/install/servo_controller:/home/adam/Sensor-Fusion-And-Autonomous-Racing-Cars/ros_ws/install/motor_controller:/home/adam/Sensor-Fusion-And-Autonomous-Racing-Cars/ros_ws/install/camera_sensor:/home/adam/Sensor-Fusion-And-Autonomous-Racing-Cars/ros_ws/install/arc_startup:/home/adam/Sensor-Fusion-And-Autonomous-Racing-Cars/ros_ws/install/arc_keyboard_control:/home/adam/Sensor-Fusion-And-Autonomous-Racing-Cars/ros_ws/install/arc_autonomous_ctrl:/opt/ros/foxy /usr/bin/cmake --install /home/adam/Sensor-Fusion-And-Autonomous-Racing-Cars/ros_ws/build/v4l2_camera
[484.834s] Level 1:colcon.colcon_core.environment:checking '/home/adam/Sensor-Fusion-And-Autonomous-Racing-Cars/ros_ws/install/v4l2_camera' for CMake module files
[484.838s] Level 1:colcon.colcon_core.environment:checking '/home/adam/Sensor-Fusion-And-Autonomous-Racing-Cars/ros_ws/install/v4l2_camera' for CMake config files
[484.841s] Level 1:colcon.colcon_core.shell:create_environment_hook('v4l2_camera', 'cmake_prefix_path')
[485.309s] INFO:colcon.colcon_core.shell:Creating environment hook '/home/adam/Sensor-Fusion-And-Autonomous-Racing-Cars/ros_ws/install/v4l2_camera/share/v4l2_camera/hook/cmake_prefix_path.ps1'
[485.313s] INFO:colcon.colcon_core.shell:Creating environment descriptor '/home/adam/Sensor-Fusion-And-Autonomous-Racing-Cars/ros_ws/install/v4l2_camera/share/v4l2_camera/hook/cmake_prefix_path.dsv'
[485.316s] INFO:colcon.colcon_core.shell:Creating environment hook '/home/adam/Sensor-Fusion-And-Autonomous-Racing-Cars/ros_ws/install/v4l2_camera/share/v4l2_camera/hook/cmake_prefix_path.sh'
[485.321s] Level 1:colcon.colcon_core.environment:checking '/home/adam/Sensor-Fusion-And-Autonomous-Racing-Cars/ros_ws/install/v4l2_camera/lib'
[485.322s] Level 1:colcon.colcon_core.shell:create_environment_hook('v4l2_camera', 'ld_library_path_lib')
[485.789s] INFO:colcon.colcon_core.shell:Creating environment hook '/home/adam/Sensor-Fusion-And-Autonomous-Racing-Cars/ros_ws/install/v4l2_camera/share/v4l2_camera/hook/ld_library_path_lib.ps1'
[485.794s] INFO:colcon.colcon_core.shell:Creating environment descriptor '/home/adam/Sensor-Fusion-And-Autonomous-Racing-Cars/ros_ws/install/v4l2_camera/share/v4l2_camera/hook/ld_library_path_lib.dsv'
[485.798s] INFO:colcon.colcon_core.shell:Creating environment hook '/home/adam/Sensor-Fusion-And-Autonomous-Racing-Cars/ros_ws/install/v4l2_camera/share/v4l2_camera/hook/ld_library_path_lib.sh'
[485.809s] Level 1:colcon.colcon_core.environment:checking '/home/adam/Sensor-Fusion-And-Autonomous-Racing-Cars/ros_ws/install/v4l2_camera/bin'
[485.810s] Level 1:colcon.colcon_core.environment:checking '/home/adam/Sensor-Fusion-And-Autonomous-Racing-Cars/ros_ws/install/v4l2_camera/lib/pkgconfig/v4l2_camera.pc'
[485.814s] Level 1:colcon.colcon_core.environment:checking '/home/adam/Sensor-Fusion-And-Autonomous-Racing-Cars/ros_ws/install/v4l2_camera/lib/python3.8/site-packages'
[485.816s] Level 1:colcon.colcon_core.environment:checking '/home/adam/Sensor-Fusion-And-Autonomous-Racing-Cars/ros_ws/install/v4l2_camera/bin'
[486.272s] INFO:colcon.colcon_core.shell:Creating package script '/home/adam/Sensor-Fusion-And-Autonomous-Racing-Cars/ros_ws/install/v4l2_camera/share/v4l2_camera/package.ps1'
[486.275s] INFO:colcon.colcon_core.shell:Creating package descriptor '/home/adam/Sensor-Fusion-And-Autonomous-Racing-Cars/ros_ws/install/v4l2_camera/share/v4l2_camera/package.dsv'
[486.278s] INFO:colcon.colcon_core.shell:Creating package script '/home/adam/Sensor-Fusion-And-Autonomous-Racing-Cars/ros_ws/install/v4l2_camera/share/v4l2_camera/package.sh'
[486.281s] INFO:colcon.colcon_core.shell:Creating package script '/home/adam/Sensor-Fusion-And-Autonomous-Racing-Cars/ros_ws/install/v4l2_camera/share/v4l2_camera/package.bash'
[486.284s] INFO:colcon.colcon_core.shell:Creating package script '/home/adam/Sensor-Fusion-And-Autonomous-Racing-Cars/ros_ws/install/v4l2_camera/share/v4l2_camera/package.zsh'
[486.287s] Level 1:colcon.colcon_core.environment:create_file_with_runtime_dependencies(/home/adam/Sensor-Fusion-And-Autonomous-Racing-Cars/ros_ws/install/v4l2_camera/share/colcon-core/packages/v4l2_camera)
[487.140s] Level 1:colcon.colcon_core.environment:create_environment_scripts_only(v4l2_camera)
[487.791s] Level 1:colcon.colcon_core.environment:checking '/home/adam/Sensor-Fusion-And-Autonomous-Racing-Cars/ros_ws/install/v4l2_camera' for CMake module files
[487.797s] Level 1:colcon.colcon_core.environment:checking '/home/adam/Sensor-Fusion-And-Autonomous-Racing-Cars/ros_ws/install/v4l2_camera' for CMake config files
[487.802s] Level 1:colcon.colcon_core.shell:create_environment_hook('v4l2_camera', 'cmake_prefix_path')
[488.294s] INFO:colcon.colcon_core.shell:Creating environment hook '/home/adam/Sensor-Fusion-And-Autonomous-Racing-Cars/ros_ws/install/v4l2_camera/share/v4l2_camera/hook/cmake_prefix_path.ps1'
[488.298s] INFO:colcon.colcon_core.shell:Creating environment descriptor '/home/adam/Sensor-Fusion-And-Autonomous-Racing-Cars/ros_ws/install/v4l2_camera/share/v4l2_camera/hook/cmake_prefix_path.dsv'
[488.301s] INFO:colcon.colcon_core.shell:Creating environment hook '/home/adam/Sensor-Fusion-And-Autonomous-Racing-Cars/ros_ws/install/v4l2_camera/share/v4l2_camera/hook/cmake_prefix_path.sh'
[488.308s] Level 1:colcon.colcon_core.environment:checking '/home/adam/Sensor-Fusion-And-Autonomous-Racing-Cars/ros_ws/install/v4l2_camera/lib'
[488.309s] Level 1:colcon.colcon_core.shell:create_environment_hook('v4l2_camera', 'ld_library_path_lib')
[488.778s] INFO:colcon.colcon_core.shell:Creating environment hook '/home/adam/Sensor-Fusion-And-Autonomous-Racing-Cars/ros_ws/install/v4l2_camera/share/v4l2_camera/hook/ld_library_path_lib.ps1'
[488.782s] INFO:colcon.colcon_core.shell:Creating environment descriptor '/home/adam/Sensor-Fusion-And-Autonomous-Racing-Cars/ros_ws/install/v4l2_camera/share/v4l2_camera/hook/ld_library_path_lib.dsv'
[488.784s] INFO:colcon.colcon_core.shell:Creating environment hook '/home/adam/Sensor-Fusion-And-Autonomous-Racing-Cars/ros_ws/install/v4l2_camera/share/v4l2_camera/hook/ld_library_path_lib.sh'
[488.790s] Level 1:colcon.colcon_core.environment:checking '/home/adam/Sensor-Fusion-And-Autonomous-Racing-Cars/ros_ws/install/v4l2_camera/bin'
[488.790s] Level 1:colcon.colcon_core.environment:checking '/home/adam/Sensor-Fusion-And-Autonomous-Racing-Cars/ros_ws/install/v4l2_camera/lib/pkgconfig/v4l2_camera.pc'
[488.792s] Level 1:colcon.colcon_core.environment:checking '/home/adam/Sensor-Fusion-And-Autonomous-Racing-Cars/ros_ws/install/v4l2_camera/lib/python3.8/site-packages'
[488.793s] Level 1:colcon.colcon_core.environment:checking '/home/adam/Sensor-Fusion-And-Autonomous-Racing-Cars/ros_ws/install/v4l2_camera/bin'
[489.351s] INFO:colcon.colcon_core.shell:Creating package script '/home/adam/Sensor-Fusion-And-Autonomous-Racing-Cars/ros_ws/install/v4l2_camera/share/v4l2_camera/package.ps1'
[489.356s] INFO:colcon.colcon_core.shell:Creating package descriptor '/home/adam/Sensor-Fusion-And-Autonomous-Racing-Cars/ros_ws/install/v4l2_camera/share/v4l2_camera/package.dsv'
[489.360s] INFO:colcon.colcon_core.shell:Creating package script '/home/adam/Sensor-Fusion-And-Autonomous-Racing-Cars/ros_ws/install/v4l2_camera/share/v4l2_camera/package.sh'
[489.364s] INFO:colcon.colcon_core.shell:Creating package script '/home/adam/Sensor-Fusion-And-Autonomous-Racing-Cars/ros_ws/install/v4l2_camera/share/v4l2_camera/package.bash'
[489.367s] INFO:colcon.colcon_core.shell:Creating package script '/home/adam/Sensor-Fusion-And-Autonomous-Racing-Cars/ros_ws/install/v4l2_camera/share/v4l2_camera/package.zsh'
[489.371s] Level 1:colcon.colcon_core.environment:create_file_with_runtime_dependencies(/home/adam/Sensor-Fusion-And-Autonomous-Racing-Cars/ros_ws/install/v4l2_camera/share/colcon-core/packages/v4l2_camera)
[497.948s] DEBUG:colcon.colcon_core.event_handler.log_command:Invoked command in '/home/adam/Sensor-Fusion-And-Autonomous-Racing-Cars/ros_ws/build/vesc_driver' returned '0': CMAKE_PREFIX_PATH=/home/adam/Sensor-Fusion-And-Autonomous-Racing-Cars/ros_ws/install/serial_driver:/home/adam/Sensor-Fusion-And-Autonomous-Racing-Cars/ros_ws/install/io_context:/home/adam/Sensor-Fusion-And-Autonomous-Racing-Cars/ros_ws/install/vesc_msgs:/home/adam/Sensor-Fusion-And-Autonomous-Racing-Cars/ros_ws/install/vesc:/home/adam/Sensor-Fusion-And-Autonomous-Racing-Cars/ros_ws/install/vesc_driver:/home/adam/Sensor-Fusion-And-Autonomous-Racing-Cars/ros_ws/install/vesc_ackermann:/home/adam/Sensor-Fusion-And-Autonomous-Racing-Cars/ros_ws/install/v4l2_camera:/home/adam/Sensor-Fusion-And-Autonomous-Racing-Cars/ros_ws/install/udp_driver:/home/adam/Sensor-Fusion-And-Autonomous-Racing-Cars/ros_ws/install/image_transport_plugins:/home/adam/Sensor-Fusion-And-Autonomous-Racing-Cars/ros_ws/install/theora_image_transport:/home/adam/Sensor-Fusion-And-Autonomous-Racing-Cars/ros_ws/install/ldlidar_ros2:/home/adam/Sensor-Fusion-And-Autonomous-Racing-Cars/ros_ws/install/compressed_image_transport:/home/adam/Sensor-Fusion-And-Autonomous-Racing-Cars/ros_ws/install/compressed_depth_image_transport:/home/adam/Sensor-Fusion-And-Autonomous-Racing-Cars/ros_ws/install/asio_cmake_module:/home/adam/Sensor-Fusion-And-Autonomous-Racing-Cars/ros_ws/src/install/arc_autonomous_ctrl:/home/adam/Sensor-Fusion-And-Autonomous-Racing-Cars/ros_ws/install/steering_test_pkg:/home/adam/Sensor-Fusion-And-Autonomous-Racing-Cars/ros_ws/install/servo_controller:/home/adam/Sensor-Fusion-And-Autonomous-Racing-Cars/ros_ws/install/motor_controller:/home/adam/Sensor-Fusion-And-Autonomous-Racing-Cars/ros_ws/install/camera_sensor:/home/adam/Sensor-Fusion-And-Autonomous-Racing-Cars/ros_ws/install/arc_startup:/home/adam/Sensor-Fusion-And-Autonomous-Racing-Cars/ros_ws/install/arc_keyboard_control:/home/adam/Sensor-Fusion-And-Autonomous-Racing-Cars/ros_ws/install/arc_autonomous_ctrl:/opt/ros/foxy LD_LIBRARY_PATH=/home/adam/Sensor-Fusion-And-Autonomous-Racing-Cars/ros_ws/install/serial_driver/lib:/home/adam/Sensor-Fusion-And-Autonomous-Racing-Cars/ros_ws/install/io_context/lib:/home/adam/Sensor-Fusion-And-Autonomous-Racing-Cars/ros_ws/install/vesc_msgs/lib:/home/adam/Sensor-Fusion-And-Autonomous-Racing-Cars/ros_ws/install/vesc_driver/lib:/home/adam/Sensor-Fusion-And-Autonomous-Racing-Cars/ros_ws/install/vesc_ackermann/lib:/home/adam/Sensor-Fusion-And-Autonomous-Racing-Cars/ros_ws/install/v4l2_camera/lib:/home/adam/Sensor-Fusion-And-Autonomous-Racing-Cars/ros_ws/install/udp_driver/lib:/home/adam/Sensor-Fusion-And-Autonomous-Racing-Cars/ros_ws/install/theora_image_transport/lib:/home/adam/Sensor-Fusion-And-Autonomous-Racing-Cars/ros_ws/install/compressed_image_transport/lib:/home/adam/Sensor-Fusion-And-Autonomous-Racing-Cars/ros_ws/install/compressed_depth_image_transport/lib:/opt/ros/foxy/opt/yaml_cpp_vendor/lib:/opt/ros/foxy/opt/rviz_ogre_vendor/lib:/opt/ros/foxy/lib/aarch64-linux-gnu:/opt/ros/foxy/lib PYTHONPATH=/home/adam/Sensor-Fusion-And-Autonomous-Racing-Cars/ros_ws/install/vesc_msgs/lib/python3.8/site-packages:/home/adam/Sensor-Fusion-And-Autonomous-Racing-Cars/ros_ws/src/install/arc_autonomous_ctrl/lib/python3.8/site-packages:/home/adam/Sensor-Fusion-And-Autonomous-Racing-Cars/ros_ws/install/theora_image_transport/lib/python3.8/site-packages:/home/adam/Sensor-Fusion-And-Autonomous-Racing-Cars/ros_ws/install/steering_test_pkg/lib/python3.8/site-packages:/home/adam/Sensor-Fusion-And-Autonomous-Racing-Cars/ros_ws/install/servo_controller/lib/python3.8/site-packages:/home/adam/Sensor-Fusion-And-Autonomous-Racing-Cars/ros_ws/install/motor_controller/lib/python3.8/site-packages:/home/adam/Sensor-Fusion-And-Autonomous-Racing-Cars/ros_ws/install/camera_sensor/lib/python3.8/site-packages:/home/adam/Sensor-Fusion-And-Autonomous-Racing-Cars/ros_ws/install/arc_startup/lib/python3.8/site-packages:/home/adam/Sensor-Fusion-And-Autonomous-Racing-Cars/ros_ws/install/arc_keyboard_control/lib/python3.8/site-packages:/home/adam/Sensor-Fusion-And-Autonomous-Racing-Cars/ros_ws/install/arc_autonomous_ctrl/lib/python3.8/site-packages:/opt/ros/foxy/lib/python3.8/site-packages /usr/bin/cmake --build /home/adam/Sensor-Fusion-And-Autonomous-Racing-Cars/ros_ws/build/vesc_driver -- -j4 -l4
[498.343s] DEBUG:colcon.colcon_core.event_handler.log_command:Invoking command in '/home/adam/Sensor-Fusion-And-Autonomous-Racing-Cars/ros_ws/build/vesc_driver': CMAKE_PREFIX_PATH=/home/adam/Sensor-Fusion-And-Autonomous-Racing-Cars/ros_ws/install/serial_driver:/home/adam/Sensor-Fusion-And-Autonomous-Racing-Cars/ros_ws/install/io_context:/home/adam/Sensor-Fusion-And-Autonomous-Racing-Cars/ros_ws/install/vesc_msgs:/home/adam/Sensor-Fusion-And-Autonomous-Racing-Cars/ros_ws/install/vesc:/home/adam/Sensor-Fusion-And-Autonomous-Racing-Cars/ros_ws/install/vesc_driver:/home/adam/Sensor-Fusion-And-Autonomous-Racing-Cars/ros_ws/install/vesc_ackermann:/home/adam/Sensor-Fusion-And-Autonomous-Racing-Cars/ros_ws/install/v4l2_camera:/home/adam/Sensor-Fusion-And-Autonomous-Racing-Cars/ros_ws/install/udp_driver:/home/adam/Sensor-Fusion-And-Autonomous-Racing-Cars/ros_ws/install/image_transport_plugins:/home/adam/Sensor-Fusion-And-Autonomous-Racing-Cars/ros_ws/install/theora_image_transport:/home/adam/Sensor-Fusion-And-Autonomous-Racing-Cars/ros_ws/install/ldlidar_ros2:/home/adam/Sensor-Fusion-And-Autonomous-Racing-Cars/ros_ws/install/compressed_image_transport:/home/adam/Sensor-Fusion-And-Autonomous-Racing-Cars/ros_ws/install/compressed_depth_image_transport:/home/adam/Sensor-Fusion-And-Autonomous-Racing-Cars/ros_ws/install/asio_cmake_module:/home/adam/Sensor-Fusion-And-Autonomous-Racing-Cars/ros_ws/src/install/arc_autonomous_ctrl:/home/adam/Sensor-Fusion-And-Autonomous-Racing-Cars/ros_ws/install/steering_test_pkg:/home/adam/Sensor-Fusion-And-Autonomous-Racing-Cars/ros_ws/install/servo_controller:/home/adam/Sensor-Fusion-And-Autonomous-Racing-Cars/ros_ws/install/motor_controller:/home/adam/Sensor-Fusion-And-Autonomous-Racing-Cars/ros_ws/install/camera_sensor:/home/adam/Sensor-Fusion-And-Autonomous-Racing-Cars/ros_ws/install/arc_startup:/home/adam/Sensor-Fusion-And-Autonomous-Racing-Cars/ros_ws/install/arc_keyboard_control:/home/adam/Sensor-Fusion-And-Autonomous-Racing-Cars/ros_ws/install/arc_autonomous_ctrl:/opt/ros/foxy LD_LIBRARY_PATH=/home/adam/Sensor-Fusion-And-Autonomous-Racing-Cars/ros_ws/install/serial_driver/lib:/home/adam/Sensor-Fusion-And-Autonomous-Racing-Cars/ros_ws/install/io_context/lib:/home/adam/Sensor-Fusion-And-Autonomous-Racing-Cars/ros_ws/install/vesc_msgs/lib:/home/adam/Sensor-Fusion-And-Autonomous-Racing-Cars/ros_ws/install/vesc_driver/lib:/home/adam/Sensor-Fusion-And-Autonomous-Racing-Cars/ros_ws/install/vesc_ackermann/lib:/home/adam/Sensor-Fusion-And-Autonomous-Racing-Cars/ros_ws/install/v4l2_camera/lib:/home/adam/Sensor-Fusion-And-Autonomous-Racing-Cars/ros_ws/install/udp_driver/lib:/home/adam/Sensor-Fusion-And-Autonomous-Racing-Cars/ros_ws/install/theora_image_transport/lib:/home/adam/Sensor-Fusion-And-Autonomous-Racing-Cars/ros_ws/install/compressed_image_transport/lib:/home/adam/Sensor-Fusion-And-Autonomous-Racing-Cars/ros_ws/install/compressed_depth_image_transport/lib:/opt/ros/foxy/opt/yaml_cpp_vendor/lib:/opt/ros/foxy/opt/rviz_ogre_vendor/lib:/opt/ros/foxy/lib/aarch64-linux-gnu:/opt/ros/foxy/lib PYTHONPATH=/home/adam/Sensor-Fusion-And-Autonomous-Racing-Cars/ros_ws/install/vesc_msgs/lib/python3.8/site-packages:/home/adam/Sensor-Fusion-And-Autonomous-Racing-Cars/ros_ws/src/install/arc_autonomous_ctrl/lib/python3.8/site-packages:/home/adam/Sensor-Fusion-And-Autonomous-Racing-Cars/ros_ws/install/theora_image_transport/lib/python3.8/site-packages:/home/adam/Sensor-Fusion-And-Autonomous-Racing-Cars/ros_ws/install/steering_test_pkg/lib/python3.8/site-packages:/home/adam/Sensor-Fusion-And-Autonomous-Racing-Cars/ros_ws/install/servo_controller/lib/python3.8/site-packages:/home/adam/Sensor-Fusion-And-Autonomous-Racing-Cars/ros_ws/install/motor_controller/lib/python3.8/site-packages:/home/adam/Sensor-Fusion-And-Autonomous-Racing-Cars/ros_ws/install/camera_sensor/lib/python3.8/site-packages:/home/adam/Sensor-Fusion-And-Autonomous-Racing-Cars/ros_ws/install/arc_startup/lib/python3.8/site-packages:/home/adam/Sensor-Fusion-And-Autonomous-Racing-Cars/ros_ws/install/arc_keyboard_control/lib/python3.8/site-packages:/home/adam/Sensor-Fusion-And-Autonomous-Racing-Cars/ros_ws/install/arc_autonomous_ctrl/lib/python3.8/site-packages:/opt/ros/foxy/lib/python3.8/site-packages /usr/bin/cmake --install /home/adam/Sensor-Fusion-And-Autonomous-Racing-Cars/ros_ws/build/vesc_driver
[498.508s] Level 1:colcon.colcon_core.environment:create_environment_scripts_only(vesc_driver)
[498.511s] DEBUG:colcon.colcon_core.event_handler.log_command:Invoked command in '/home/adam/Sensor-Fusion-And-Autonomous-Racing-Cars/ros_ws/build/vesc_driver' returned '0': CMAKE_PREFIX_PATH=/home/adam/Sensor-Fusion-And-Autonomous-Racing-Cars/ros_ws/install/serial_driver:/home/adam/Sensor-Fusion-And-Autonomous-Racing-Cars/ros_ws/install/io_context:/home/adam/Sensor-Fusion-And-Autonomous-Racing-Cars/ros_ws/install/vesc_msgs:/home/adam/Sensor-Fusion-And-Autonomous-Racing-Cars/ros_ws/install/vesc:/home/adam/Sensor-Fusion-And-Autonomous-Racing-Cars/ros_ws/install/vesc_driver:/home/adam/Sensor-Fusion-And-Autonomous-Racing-Cars/ros_ws/install/vesc_ackermann:/home/adam/Sensor-Fusion-And-Autonomous-Racing-Cars/ros_ws/install/v4l2_camera:/home/adam/Sensor-Fusion-And-Autonomous-Racing-Cars/ros_ws/install/udp_driver:/home/adam/Sensor-Fusion-And-Autonomous-Racing-Cars/ros_ws/install/image_transport_plugins:/home/adam/Sensor-Fusion-And-Autonomous-Racing-Cars/ros_ws/install/theora_image_transport:/home/adam/Sensor-Fusion-And-Autonomous-Racing-Cars/ros_ws/install/ldlidar_ros2:/home/adam/Sensor-Fusion-And-Autonomous-Racing-Cars/ros_ws/install/compressed_image_transport:/home/adam/Sensor-Fusion-And-Autonomous-Racing-Cars/ros_ws/install/compressed_depth_image_transport:/home/adam/Sensor-Fusion-And-Autonomous-Racing-Cars/ros_ws/install/asio_cmake_module:/home/adam/Sensor-Fusion-And-Autonomous-Racing-Cars/ros_ws/src/install/arc_autonomous_ctrl:/home/adam/Sensor-Fusion-And-Autonomous-Racing-Cars/ros_ws/install/steering_test_pkg:/home/adam/Sensor-Fusion-And-Autonomous-Racing-Cars/ros_ws/install/servo_controller:/home/adam/Sensor-Fusion-And-Autonomous-Racing-Cars/ros_ws/install/motor_controller:/home/adam/Sensor-Fusion-And-Autonomous-Racing-Cars/ros_ws/install/camera_sensor:/home/adam/Sensor-Fusion-And-Autonomous-Racing-Cars/ros_ws/install/arc_startup:/home/adam/Sensor-Fusion-And-Autonomous-Racing-Cars/ros_ws/install/arc_keyboard_control:/home/adam/Sensor-Fusion-And-Autonomous-Racing-Cars/ros_ws/install/arc_autonomous_ctrl:/opt/ros/foxy LD_LIBRARY_PATH=/home/adam/Sensor-Fusion-And-Autonomous-Racing-Cars/ros_ws/install/serial_driver/lib:/home/adam/Sensor-Fusion-And-Autonomous-Racing-Cars/ros_ws/install/io_context/lib:/home/adam/Sensor-Fusion-And-Autonomous-Racing-Cars/ros_ws/install/vesc_msgs/lib:/home/adam/Sensor-Fusion-And-Autonomous-Racing-Cars/ros_ws/install/vesc_driver/lib:/home/adam/Sensor-Fusion-And-Autonomous-Racing-Cars/ros_ws/install/vesc_ackermann/lib:/home/adam/Sensor-Fusion-And-Autonomous-Racing-Cars/ros_ws/install/v4l2_camera/lib:/home/adam/Sensor-Fusion-And-Autonomous-Racing-Cars/ros_ws/install/udp_driver/lib:/home/adam/Sensor-Fusion-And-Autonomous-Racing-Cars/ros_ws/install/theora_image_transport/lib:/home/adam/Sensor-Fusion-And-Autonomous-Racing-Cars/ros_ws/install/compressed_image_transport/lib:/home/adam/Sensor-Fusion-And-Autonomous-Racing-Cars/ros_ws/install/compressed_depth_image_transport/lib:/opt/ros/foxy/opt/yaml_cpp_vendor/lib:/opt/ros/foxy/opt/rviz_ogre_vendor/lib:/opt/ros/foxy/lib/aarch64-linux-gnu:/opt/ros/foxy/lib PYTHONPATH=/home/adam/Sensor-Fusion-And-Autonomous-Racing-Cars/ros_ws/install/vesc_msgs/lib/python3.8/site-packages:/home/adam/Sensor-Fusion-And-Autonomous-Racing-Cars/ros_ws/src/install/arc_autonomous_ctrl/lib/python3.8/site-packages:/home/adam/Sensor-Fusion-And-Autonomous-Racing-Cars/ros_ws/install/theora_image_transport/lib/python3.8/site-packages:/home/adam/Sensor-Fusion-And-Autonomous-Racing-Cars/ros_ws/install/steering_test_pkg/lib/python3.8/site-packages:/home/adam/Sensor-Fusion-And-Autonomous-Racing-Cars/ros_ws/install/servo_controller/lib/python3.8/site-packages:/home/adam/Sensor-Fusion-And-Autonomous-Racing-Cars/ros_ws/install/motor_controller/lib/python3.8/site-packages:/home/adam/Sensor-Fusion-And-Autonomous-Racing-Cars/ros_ws/install/camera_sensor/lib/python3.8/site-packages:/home/adam/Sensor-Fusion-And-Autonomous-Racing-Cars/ros_ws/install/arc_startup/lib/python3.8/site-packages:/home/adam/Sensor-Fusion-And-Autonomous-Racing-Cars/ros_ws/install/arc_keyboard_control/lib/python3.8/site-packages:/home/adam/Sensor-Fusion-And-Autonomous-Racing-Cars/ros_ws/install/arc_autonomous_ctrl/lib/python3.8/site-packages:/opt/ros/foxy/lib/python3.8/site-packages /usr/bin/cmake --install /home/adam/Sensor-Fusion-And-Autonomous-Racing-Cars/ros_ws/build/vesc_driver
[498.883s] Level 1:colcon.colcon_core.environment:checking '/home/adam/Sensor-Fusion-And-Autonomous-Racing-Cars/ros_ws/install/vesc_driver' for CMake module files
[498.887s] Level 1:colcon.colcon_core.environment:checking '/home/adam/Sensor-Fusion-And-Autonomous-Racing-Cars/ros_ws/install/vesc_driver' for CMake config files
[498.889s] Level 1:colcon.colcon_core.shell:create_environment_hook('vesc_driver', 'cmake_prefix_path')
[499.234s] INFO:colcon.colcon_core.shell:Creating environment hook '/home/adam/Sensor-Fusion-And-Autonomous-Racing-Cars/ros_ws/install/vesc_driver/share/vesc_driver/hook/cmake_prefix_path.ps1'
[499.237s] INFO:colcon.colcon_core.shell:Creating environment descriptor '/home/adam/Sensor-Fusion-And-Autonomous-Racing-Cars/ros_ws/install/vesc_driver/share/vesc_driver/hook/cmake_prefix_path.dsv'
[499.240s] INFO:colcon.colcon_core.shell:Creating environment hook '/home/adam/Sensor-Fusion-And-Autonomous-Racing-Cars/ros_ws/install/vesc_driver/share/vesc_driver/hook/cmake_prefix_path.sh'
[499.244s] Level 1:colcon.colcon_core.environment:checking '/home/adam/Sensor-Fusion-And-Autonomous-Racing-Cars/ros_ws/install/vesc_driver/lib'
[499.245s] Level 1:colcon.colcon_core.shell:create_environment_hook('vesc_driver', 'ld_library_path_lib')
[499.670s] INFO:colcon.colcon_core.shell:Creating environment hook '/home/adam/Sensor-Fusion-And-Autonomous-Racing-Cars/ros_ws/install/vesc_driver/share/vesc_driver/hook/ld_library_path_lib.ps1'
[499.673s] INFO:colcon.colcon_core.shell:Creating environment descriptor '/home/adam/Sensor-Fusion-And-Autonomous-Racing-Cars/ros_ws/install/vesc_driver/share/vesc_driver/hook/ld_library_path_lib.dsv'
[499.676s] INFO:colcon.colcon_core.shell:Creating environment hook '/home/adam/Sensor-Fusion-And-Autonomous-Racing-Cars/ros_ws/install/vesc_driver/share/vesc_driver/hook/ld_library_path_lib.sh'
[499.679s] Level 1:colcon.colcon_core.environment:checking '/home/adam/Sensor-Fusion-And-Autonomous-Racing-Cars/ros_ws/install/vesc_driver/bin'
[499.680s] Level 1:colcon.colcon_core.environment:checking '/home/adam/Sensor-Fusion-And-Autonomous-Racing-Cars/ros_ws/install/vesc_driver/lib/pkgconfig/vesc_driver.pc'
[499.681s] Level 1:colcon.colcon_core.environment:checking '/home/adam/Sensor-Fusion-And-Autonomous-Racing-Cars/ros_ws/install/vesc_driver/lib/python3.8/site-packages'
[499.684s] Level 1:colcon.colcon_core.environment:checking '/home/adam/Sensor-Fusion-And-Autonomous-Racing-Cars/ros_ws/install/vesc_driver/bin'
[500.015s] INFO:colcon.colcon_core.shell:Creating package script '/home/adam/Sensor-Fusion-And-Autonomous-Racing-Cars/ros_ws/install/vesc_driver/share/vesc_driver/package.ps1'
[500.018s] INFO:colcon.colcon_core.shell:Creating package descriptor '/home/adam/Sensor-Fusion-And-Autonomous-Racing-Cars/ros_ws/install/vesc_driver/share/vesc_driver/package.dsv'
[500.021s] INFO:colcon.colcon_core.shell:Creating package script '/home/adam/Sensor-Fusion-And-Autonomous-Racing-Cars/ros_ws/install/vesc_driver/share/vesc_driver/package.sh'
[500.023s] INFO:colcon.colcon_core.shell:Creating package script '/home/adam/Sensor-Fusion-And-Autonomous-Racing-Cars/ros_ws/install/vesc_driver/share/vesc_driver/package.bash'
[500.025s] INFO:colcon.colcon_core.shell:Creating package script '/home/adam/Sensor-Fusion-And-Autonomous-Racing-Cars/ros_ws/install/vesc_driver/share/vesc_driver/package.zsh'
[500.028s] Level 1:colcon.colcon_core.environment:create_file_with_runtime_dependencies(/home/adam/Sensor-Fusion-And-Autonomous-Racing-Cars/ros_ws/install/vesc_driver/share/colcon-core/packages/vesc_driver)
[500.720s] Level 1:colcon.colcon_core.environment:create_environment_scripts_only(vesc_driver)
[501.038s] Level 1:colcon.colcon_core.environment:checking '/home/adam/Sensor-Fusion-And-Autonomous-Racing-Cars/ros_ws/install/vesc_driver' for CMake module files
[501.042s] Level 1:colcon.colcon_core.environment:checking '/home/adam/Sensor-Fusion-And-Autonomous-Racing-Cars/ros_ws/install/vesc_driver' for CMake config files
[501.044s] Level 1:colcon.colcon_core.shell:create_environment_hook('vesc_driver', 'cmake_prefix_path')
[501.362s] INFO:colcon.colcon_core.shell:Creating environment hook '/home/adam/Sensor-Fusion-And-Autonomous-Racing-Cars/ros_ws/install/vesc_driver/share/vesc_driver/hook/cmake_prefix_path.ps1'
[501.364s] INFO:colcon.colcon_core.shell:Creating environment descriptor '/home/adam/Sensor-Fusion-And-Autonomous-Racing-Cars/ros_ws/install/vesc_driver/share/vesc_driver/hook/cmake_prefix_path.dsv'
[501.367s] INFO:colcon.colcon_core.shell:Creating environment hook '/home/adam/Sensor-Fusion-And-Autonomous-Racing-Cars/ros_ws/install/vesc_driver/share/vesc_driver/hook/cmake_prefix_path.sh'
[501.371s] Level 1:colcon.colcon_core.environment:checking '/home/adam/Sensor-Fusion-And-Autonomous-Racing-Cars/ros_ws/install/vesc_driver/lib'
[501.372s] Level 1:colcon.colcon_core.shell:create_environment_hook('vesc_driver', 'ld_library_path_lib')
[501.690s] INFO:colcon.colcon_core.shell:Creating environment hook '/home/adam/Sensor-Fusion-And-Autonomous-Racing-Cars/ros_ws/install/vesc_driver/share/vesc_driver/hook/ld_library_path_lib.ps1'
[501.693s] INFO:colcon.colcon_core.shell:Creating environment descriptor '/home/adam/Sensor-Fusion-And-Autonomous-Racing-Cars/ros_ws/install/vesc_driver/share/vesc_driver/hook/ld_library_path_lib.dsv'
[501.696s] INFO:colcon.colcon_core.shell:Creating environment hook '/home/adam/Sensor-Fusion-And-Autonomous-Racing-Cars/ros_ws/install/vesc_driver/share/vesc_driver/hook/ld_library_path_lib.sh'
[501.699s] Level 1:colcon.colcon_core.environment:checking '/home/adam/Sensor-Fusion-And-Autonomous-Racing-Cars/ros_ws/install/vesc_driver/bin'
[501.699s] Level 1:colcon.colcon_core.environment:checking '/home/adam/Sensor-Fusion-And-Autonomous-Racing-Cars/ros_ws/install/vesc_driver/lib/pkgconfig/vesc_driver.pc'
[501.701s] Level 1:colcon.colcon_core.environment:checking '/home/adam/Sensor-Fusion-And-Autonomous-Racing-Cars/ros_ws/install/vesc_driver/lib/python3.8/site-packages'
[501.702s] Level 1:colcon.colcon_core.environment:checking '/home/adam/Sensor-Fusion-And-Autonomous-Racing-Cars/ros_ws/install/vesc_driver/bin'
[502.021s] INFO:colcon.colcon_core.shell:Creating package script '/home/adam/Sensor-Fusion-And-Autonomous-Racing-Cars/ros_ws/install/vesc_driver/share/vesc_driver/package.ps1'
[502.025s] INFO:colcon.colcon_core.shell:Creating package descriptor '/home/adam/Sensor-Fusion-And-Autonomous-Racing-Cars/ros_ws/install/vesc_driver/share/vesc_driver/package.dsv'
[502.029s] INFO:colcon.colcon_core.shell:Creating package script '/home/adam/Sensor-Fusion-And-Autonomous-Racing-Cars/ros_ws/install/vesc_driver/share/vesc_driver/package.sh'
[502.032s] INFO:colcon.colcon_core.shell:Creating package script '/home/adam/Sensor-Fusion-And-Autonomous-Racing-Cars/ros_ws/install/vesc_driver/share/vesc_driver/package.bash'
[502.035s] INFO:colcon.colcon_core.shell:Creating package script '/home/adam/Sensor-Fusion-And-Autonomous-Racing-Cars/ros_ws/install/vesc_driver/share/vesc_driver/package.zsh'
[502.038s] Level 1:colcon.colcon_core.environment:create_file_with_runtime_dependencies(/home/adam/Sensor-Fusion-And-Autonomous-Racing-Cars/ros_ws/install/vesc_driver/share/colcon-core/packages/vesc_driver)
[502.041s] INFO:colcon.colcon_ros.task.ament_cmake.build:Building ROS package in '/home/adam/Sensor-Fusion-And-Autonomous-Racing-Cars/ros_ws/src/vesc_driver/vesc' with build type 'ament_cmake'
[502.041s] INFO:colcon.colcon_cmake.task.cmake.build:Building CMake package in '/home/adam/Sensor-Fusion-And-Autonomous-Racing-Cars/ros_ws/src/vesc_driver/vesc'
[502.362s] INFO:colcon.colcon_core.shell:Skip shell extension 'powershell' for command environment: Not usable outside of PowerShell
[502.363s] DEBUG:colcon.colcon_core.shell:Skip shell extension 'dsv' for command environment
[503.449s] DEBUG:colcon.colcon_core.event_handler.log_command:Invoking command in '/home/adam/Sensor-Fusion-And-Autonomous-Racing-Cars/ros_ws/build/vesc': CMAKE_PREFIX_PATH=/home/adam/Sensor-Fusion-And-Autonomous-Racing-Cars/ros_ws/install/vesc_driver:/home/adam/Sensor-Fusion-And-Autonomous-Racing-Cars/ros_ws/install/serial_driver:/home/adam/Sensor-Fusion-And-Autonomous-Racing-Cars/ros_ws/install/vesc_ackermann:/home/adam/Sensor-Fusion-And-Autonomous-Racing-Cars/ros_ws/install/io_context:/home/adam/Sensor-Fusion-And-Autonomous-Racing-Cars/ros_ws/install/vesc_msgs:/home/adam/Sensor-Fusion-And-Autonomous-Racing-Cars/ros_ws/install/vesc:/home/adam/Sensor-Fusion-And-Autonomous-Racing-Cars/ros_ws/install/v4l2_camera:/home/adam/Sensor-Fusion-And-Autonomous-Racing-Cars/ros_ws/install/udp_driver:/home/adam/Sensor-Fusion-And-Autonomous-Racing-Cars/ros_ws/install/image_transport_plugins:/home/adam/Sensor-Fusion-And-Autonomous-Racing-Cars/ros_ws/install/theora_image_transport:/home/adam/Sensor-Fusion-And-Autonomous-Racing-Cars/ros_ws/install/ldlidar_ros2:/home/adam/Sensor-Fusion-And-Autonomous-Racing-Cars/ros_ws/install/compressed_image_transport:/home/adam/Sensor-Fusion-And-Autonomous-Racing-Cars/ros_ws/install/compressed_depth_image_transport:/home/adam/Sensor-Fusion-And-Autonomous-Racing-Cars/ros_ws/install/asio_cmake_module:/home/adam/Sensor-Fusion-And-Autonomous-Racing-Cars/ros_ws/src/install/arc_autonomous_ctrl:/home/adam/Sensor-Fusion-And-Autonomous-Racing-Cars/ros_ws/install/steering_test_pkg:/home/adam/Sensor-Fusion-And-Autonomous-Racing-Cars/ros_ws/install/servo_controller:/home/adam/Sensor-Fusion-And-Autonomous-Racing-Cars/ros_ws/install/motor_controller:/home/adam/Sensor-Fusion-And-Autonomous-Racing-Cars/ros_ws/install/camera_sensor:/home/adam/Sensor-Fusion-And-Autonomous-Racing-Cars/ros_ws/install/arc_startup:/home/adam/Sensor-Fusion-And-Autonomous-Racing-Cars/ros_ws/install/arc_keyboard_control:/home/adam/Sensor-Fusion-And-Autonomous-Racing-Cars/ros_ws/install/arc_autonomous_ctrl:/opt/ros/foxy LD_LIBRARY_PATH=/home/adam/Sensor-Fusion-And-Autonomous-Racing-Cars/ros_ws/install/vesc_driver/lib:/home/adam/Sensor-Fusion-And-Autonomous-Racing-Cars/ros_ws/install/serial_driver/lib:/home/adam/Sensor-Fusion-And-Autonomous-Racing-Cars/ros_ws/install/vesc_ackermann/lib:/home/adam/Sensor-Fusion-And-Autonomous-Racing-Cars/ros_ws/install/io_context/lib:/home/adam/Sensor-Fusion-And-Autonomous-Racing-Cars/ros_ws/install/vesc_msgs/lib:/home/adam/Sensor-Fusion-And-Autonomous-Racing-Cars/ros_ws/install/v4l2_camera/lib:/home/adam/Sensor-Fusion-And-Autonomous-Racing-Cars/ros_ws/install/udp_driver/lib:/home/adam/Sensor-Fusion-And-Autonomous-Racing-Cars/ros_ws/install/theora_image_transport/lib:/home/adam/Sensor-Fusion-And-Autonomous-Racing-Cars/ros_ws/install/compressed_image_transport/lib:/home/adam/Sensor-Fusion-And-Autonomous-Racing-Cars/ros_ws/install/compressed_depth_image_transport/lib:/opt/ros/foxy/opt/yaml_cpp_vendor/lib:/opt/ros/foxy/opt/rviz_ogre_vendor/lib:/opt/ros/foxy/lib/aarch64-linux-gnu:/opt/ros/foxy/lib PYTHONPATH=/home/adam/Sensor-Fusion-And-Autonomous-Racing-Cars/ros_ws/install/vesc_msgs/lib/python3.8/site-packages:/home/adam/Sensor-Fusion-And-Autonomous-Racing-Cars/ros_ws/src/install/arc_autonomous_ctrl/lib/python3.8/site-packages:/home/adam/Sensor-Fusion-And-Autonomous-Racing-Cars/ros_ws/install/theora_image_transport/lib/python3.8/site-packages:/home/adam/Sensor-Fusion-And-Autonomous-Racing-Cars/ros_ws/install/steering_test_pkg/lib/python3.8/site-packages:/home/adam/Sensor-Fusion-And-Autonomous-Racing-Cars/ros_ws/install/servo_controller/lib/python3.8/site-packages:/home/adam/Sensor-Fusion-And-Autonomous-Racing-Cars/ros_ws/install/motor_controller/lib/python3.8/site-packages:/home/adam/Sensor-Fusion-And-Autonomous-Racing-Cars/ros_ws/install/camera_sensor/lib/python3.8/site-packages:/home/adam/Sensor-Fusion-And-Autonomous-Racing-Cars/ros_ws/install/arc_startup/lib/python3.8/site-packages:/home/adam/Sensor-Fusion-And-Autonomous-Racing-Cars/ros_ws/install/arc_keyboard_control/lib/python3.8/site-packages:/home/adam/Sensor-Fusion-And-Autonomous-Racing-Cars/ros_ws/install/arc_autonomous_ctrl/lib/python3.8/site-packages:/opt/ros/foxy/lib/python3.8/site-packages /usr/bin/cmake /home/adam/Sensor-Fusion-And-Autonomous-Racing-Cars/ros_ws/src/vesc_driver/vesc -DCMAKE_INSTALL_PREFIX=/home/adam/Sensor-Fusion-And-Autonomous-Racing-Cars/ros_ws/install/vesc
[509.002s] DEBUG:colcon.colcon_core.event_handler.log_command:Invoked command in '/home/adam/Sensor-Fusion-And-Autonomous-Racing-Cars/ros_ws/build/vesc' returned '0': CMAKE_PREFIX_PATH=/home/adam/Sensor-Fusion-And-Autonomous-Racing-Cars/ros_ws/install/vesc_driver:/home/adam/Sensor-Fusion-And-Autonomous-Racing-Cars/ros_ws/install/serial_driver:/home/adam/Sensor-Fusion-And-Autonomous-Racing-Cars/ros_ws/install/vesc_ackermann:/home/adam/Sensor-Fusion-And-Autonomous-Racing-Cars/ros_ws/install/io_context:/home/adam/Sensor-Fusion-And-Autonomous-Racing-Cars/ros_ws/install/vesc_msgs:/home/adam/Sensor-Fusion-And-Autonomous-Racing-Cars/ros_ws/install/vesc:/home/adam/Sensor-Fusion-And-Autonomous-Racing-Cars/ros_ws/install/v4l2_camera:/home/adam/Sensor-Fusion-And-Autonomous-Racing-Cars/ros_ws/install/udp_driver:/home/adam/Sensor-Fusion-And-Autonomous-Racing-Cars/ros_ws/install/image_transport_plugins:/home/adam/Sensor-Fusion-And-Autonomous-Racing-Cars/ros_ws/install/theora_image_transport:/home/adam/Sensor-Fusion-And-Autonomous-Racing-Cars/ros_ws/install/ldlidar_ros2:/home/adam/Sensor-Fusion-And-Autonomous-Racing-Cars/ros_ws/install/compressed_image_transport:/home/adam/Sensor-Fusion-And-Autonomous-Racing-Cars/ros_ws/install/compressed_depth_image_transport:/home/adam/Sensor-Fusion-And-Autonomous-Racing-Cars/ros_ws/install/asio_cmake_module:/home/adam/Sensor-Fusion-And-Autonomous-Racing-Cars/ros_ws/src/install/arc_autonomous_ctrl:/home/adam/Sensor-Fusion-And-Autonomous-Racing-Cars/ros_ws/install/steering_test_pkg:/home/adam/Sensor-Fusion-And-Autonomous-Racing-Cars/ros_ws/install/servo_controller:/home/adam/Sensor-Fusion-And-Autonomous-Racing-Cars/ros_ws/install/motor_controller:/home/adam/Sensor-Fusion-And-Autonomous-Racing-Cars/ros_ws/install/camera_sensor:/home/adam/Sensor-Fusion-And-Autonomous-Racing-Cars/ros_ws/install/arc_startup:/home/adam/Sensor-Fusion-And-Autonomous-Racing-Cars/ros_ws/install/arc_keyboard_control:/home/adam/Sensor-Fusion-And-Autonomous-Racing-Cars/ros_ws/install/arc_autonomous_ctrl:/opt/ros/foxy LD_LIBRARY_PATH=/home/adam/Sensor-Fusion-And-Autonomous-Racing-Cars/ros_ws/install/vesc_driver/lib:/home/adam/Sensor-Fusion-And-Autonomous-Racing-Cars/ros_ws/install/serial_driver/lib:/home/adam/Sensor-Fusion-And-Autonomous-Racing-Cars/ros_ws/install/vesc_ackermann/lib:/home/adam/Sensor-Fusion-And-Autonomous-Racing-Cars/ros_ws/install/io_context/lib:/home/adam/Sensor-Fusion-And-Autonomous-Racing-Cars/ros_ws/install/vesc_msgs/lib:/home/adam/Sensor-Fusion-And-Autonomous-Racing-Cars/ros_ws/install/v4l2_camera/lib:/home/adam/Sensor-Fusion-And-Autonomous-Racing-Cars/ros_ws/install/udp_driver/lib:/home/adam/Sensor-Fusion-And-Autonomous-Racing-Cars/ros_ws/install/theora_image_transport/lib:/home/adam/Sensor-Fusion-And-Autonomous-Racing-Cars/ros_ws/install/compressed_image_transport/lib:/home/adam/Sensor-Fusion-And-Autonomous-Racing-Cars/ros_ws/install/compressed_depth_image_transport/lib:/opt/ros/foxy/opt/yaml_cpp_vendor/lib:/opt/ros/foxy/opt/rviz_ogre_vendor/lib:/opt/ros/foxy/lib/aarch64-linux-gnu:/opt/ros/foxy/lib PYTHONPATH=/home/adam/Sensor-Fusion-And-Autonomous-Racing-Cars/ros_ws/install/vesc_msgs/lib/python3.8/site-packages:/home/adam/Sensor-Fusion-And-Autonomous-Racing-Cars/ros_ws/src/install/arc_autonomous_ctrl/lib/python3.8/site-packages:/home/adam/Sensor-Fusion-And-Autonomous-Racing-Cars/ros_ws/install/theora_image_transport/lib/python3.8/site-packages:/home/adam/Sensor-Fusion-And-Autonomous-Racing-Cars/ros_ws/install/steering_test_pkg/lib/python3.8/site-packages:/home/adam/Sensor-Fusion-And-Autonomous-Racing-Cars/ros_ws/install/servo_controller/lib/python3.8/site-packages:/home/adam/Sensor-Fusion-And-Autonomous-Racing-Cars/ros_ws/install/motor_controller/lib/python3.8/site-packages:/home/adam/Sensor-Fusion-And-Autonomous-Racing-Cars/ros_ws/install/camera_sensor/lib/python3.8/site-packages:/home/adam/Sensor-Fusion-And-Autonomous-Racing-Cars/ros_ws/install/arc_startup/lib/python3.8/site-packages:/home/adam/Sensor-Fusion-And-Autonomous-Racing-Cars/ros_ws/install/arc_keyboard_control/lib/python3.8/site-packages:/home/adam/Sensor-Fusion-And-Autonomous-Racing-Cars/ros_ws/install/arc_autonomous_ctrl/lib/python3.8/site-packages:/opt/ros/foxy/lib/python3.8/site-packages /usr/bin/cmake /home/adam/Sensor-Fusion-And-Autonomous-Racing-Cars/ros_ws/src/vesc_driver/vesc -DCMAKE_INSTALL_PREFIX=/home/adam/Sensor-Fusion-And-Autonomous-Racing-Cars/ros_ws/install/vesc
[509.015s] DEBUG:colcon.colcon_core.event_handler.log_command:Invoking command in '/home/adam/Sensor-Fusion-And-Autonomous-Racing-Cars/ros_ws/build/vesc': CMAKE_PREFIX_PATH=/home/adam/Sensor-Fusion-And-Autonomous-Racing-Cars/ros_ws/install/vesc_driver:/home/adam/Sensor-Fusion-And-Autonomous-Racing-Cars/ros_ws/install/serial_driver:/home/adam/Sensor-Fusion-And-Autonomous-Racing-Cars/ros_ws/install/vesc_ackermann:/home/adam/Sensor-Fusion-And-Autonomous-Racing-Cars/ros_ws/install/io_context:/home/adam/Sensor-Fusion-And-Autonomous-Racing-Cars/ros_ws/install/vesc_msgs:/home/adam/Sensor-Fusion-And-Autonomous-Racing-Cars/ros_ws/install/vesc:/home/adam/Sensor-Fusion-And-Autonomous-Racing-Cars/ros_ws/install/v4l2_camera:/home/adam/Sensor-Fusion-And-Autonomous-Racing-Cars/ros_ws/install/udp_driver:/home/adam/Sensor-Fusion-And-Autonomous-Racing-Cars/ros_ws/install/image_transport_plugins:/home/adam/Sensor-Fusion-And-Autonomous-Racing-Cars/ros_ws/install/theora_image_transport:/home/adam/Sensor-Fusion-And-Autonomous-Racing-Cars/ros_ws/install/ldlidar_ros2:/home/adam/Sensor-Fusion-And-Autonomous-Racing-Cars/ros_ws/install/compressed_image_transport:/home/adam/Sensor-Fusion-And-Autonomous-Racing-Cars/ros_ws/install/compressed_depth_image_transport:/home/adam/Sensor-Fusion-And-Autonomous-Racing-Cars/ros_ws/install/asio_cmake_module:/home/adam/Sensor-Fusion-And-Autonomous-Racing-Cars/ros_ws/src/install/arc_autonomous_ctrl:/home/adam/Sensor-Fusion-And-Autonomous-Racing-Cars/ros_ws/install/steering_test_pkg:/home/adam/Sensor-Fusion-And-Autonomous-Racing-Cars/ros_ws/install/servo_controller:/home/adam/Sensor-Fusion-And-Autonomous-Racing-Cars/ros_ws/install/motor_controller:/home/adam/Sensor-Fusion-And-Autonomous-Racing-Cars/ros_ws/install/camera_sensor:/home/adam/Sensor-Fusion-And-Autonomous-Racing-Cars/ros_ws/install/arc_startup:/home/adam/Sensor-Fusion-And-Autonomous-Racing-Cars/ros_ws/install/arc_keyboard_control:/home/adam/Sensor-Fusion-And-Autonomous-Racing-Cars/ros_ws/install/arc_autonomous_ctrl:/opt/ros/foxy LD_LIBRARY_PATH=/home/adam/Sensor-Fusion-And-Autonomous-Racing-Cars/ros_ws/install/vesc_driver/lib:/home/adam/Sensor-Fusion-And-Autonomous-Racing-Cars/ros_ws/install/serial_driver/lib:/home/adam/Sensor-Fusion-And-Autonomous-Racing-Cars/ros_ws/install/vesc_ackermann/lib:/home/adam/Sensor-Fusion-And-Autonomous-Racing-Cars/ros_ws/install/io_context/lib:/home/adam/Sensor-Fusion-And-Autonomous-Racing-Cars/ros_ws/install/vesc_msgs/lib:/home/adam/Sensor-Fusion-And-Autonomous-Racing-Cars/ros_ws/install/v4l2_camera/lib:/home/adam/Sensor-Fusion-And-Autonomous-Racing-Cars/ros_ws/install/udp_driver/lib:/home/adam/Sensor-Fusion-And-Autonomous-Racing-Cars/ros_ws/install/theora_image_transport/lib:/home/adam/Sensor-Fusion-And-Autonomous-Racing-Cars/ros_ws/install/compressed_image_transport/lib:/home/adam/Sensor-Fusion-And-Autonomous-Racing-Cars/ros_ws/install/compressed_depth_image_transport/lib:/opt/ros/foxy/opt/yaml_cpp_vendor/lib:/opt/ros/foxy/opt/rviz_ogre_vendor/lib:/opt/ros/foxy/lib/aarch64-linux-gnu:/opt/ros/foxy/lib PYTHONPATH=/home/adam/Sensor-Fusion-And-Autonomous-Racing-Cars/ros_ws/install/vesc_msgs/lib/python3.8/site-packages:/home/adam/Sensor-Fusion-And-Autonomous-Racing-Cars/ros_ws/src/install/arc_autonomous_ctrl/lib/python3.8/site-packages:/home/adam/Sensor-Fusion-And-Autonomous-Racing-Cars/ros_ws/install/theora_image_transport/lib/python3.8/site-packages:/home/adam/Sensor-Fusion-And-Autonomous-Racing-Cars/ros_ws/install/steering_test_pkg/lib/python3.8/site-packages:/home/adam/Sensor-Fusion-And-Autonomous-Racing-Cars/ros_ws/install/servo_controller/lib/python3.8/site-packages:/home/adam/Sensor-Fusion-And-Autonomous-Racing-Cars/ros_ws/install/motor_controller/lib/python3.8/site-packages:/home/adam/Sensor-Fusion-And-Autonomous-Racing-Cars/ros_ws/install/camera_sensor/lib/python3.8/site-packages:/home/adam/Sensor-Fusion-And-Autonomous-Racing-Cars/ros_ws/install/arc_startup/lib/python3.8/site-packages:/home/adam/Sensor-Fusion-And-Autonomous-Racing-Cars/ros_ws/install/arc_keyboard_control/lib/python3.8/site-packages:/home/adam/Sensor-Fusion-And-Autonomous-Racing-Cars/ros_ws/install/arc_autonomous_ctrl/lib/python3.8/site-packages:/opt/ros/foxy/lib/python3.8/site-packages /usr/bin/cmake --build /home/adam/Sensor-Fusion-And-Autonomous-Racing-Cars/ros_ws/build/vesc -- -j4 -l4
[509.257s] DEBUG:colcon.colcon_core.event_handler.log_command:Invoked command in '/home/adam/Sensor-Fusion-And-Autonomous-Racing-Cars/ros_ws/build/vesc' returned '0': CMAKE_PREFIX_PATH=/home/adam/Sensor-Fusion-And-Autonomous-Racing-Cars/ros_ws/install/vesc_driver:/home/adam/Sensor-Fusion-And-Autonomous-Racing-Cars/ros_ws/install/serial_driver:/home/adam/Sensor-Fusion-And-Autonomous-Racing-Cars/ros_ws/install/vesc_ackermann:/home/adam/Sensor-Fusion-And-Autonomous-Racing-Cars/ros_ws/install/io_context:/home/adam/Sensor-Fusion-And-Autonomous-Racing-Cars/ros_ws/install/vesc_msgs:/home/adam/Sensor-Fusion-And-Autonomous-Racing-Cars/ros_ws/install/vesc:/home/adam/Sensor-Fusion-And-Autonomous-Racing-Cars/ros_ws/install/v4l2_camera:/home/adam/Sensor-Fusion-And-Autonomous-Racing-Cars/ros_ws/install/udp_driver:/home/adam/Sensor-Fusion-And-Autonomous-Racing-Cars/ros_ws/install/image_transport_plugins:/home/adam/Sensor-Fusion-And-Autonomous-Racing-Cars/ros_ws/install/theora_image_transport:/home/adam/Sensor-Fusion-And-Autonomous-Racing-Cars/ros_ws/install/ldlidar_ros2:/home/adam/Sensor-Fusion-And-Autonomous-Racing-Cars/ros_ws/install/compressed_image_transport:/home/adam/Sensor-Fusion-And-Autonomous-Racing-Cars/ros_ws/install/compressed_depth_image_transport:/home/adam/Sensor-Fusion-And-Autonomous-Racing-Cars/ros_ws/install/asio_cmake_module:/home/adam/Sensor-Fusion-And-Autonomous-Racing-Cars/ros_ws/src/install/arc_autonomous_ctrl:/home/adam/Sensor-Fusion-And-Autonomous-Racing-Cars/ros_ws/install/steering_test_pkg:/home/adam/Sensor-Fusion-And-Autonomous-Racing-Cars/ros_ws/install/servo_controller:/home/adam/Sensor-Fusion-And-Autonomous-Racing-Cars/ros_ws/install/motor_controller:/home/adam/Sensor-Fusion-And-Autonomous-Racing-Cars/ros_ws/install/camera_sensor:/home/adam/Sensor-Fusion-And-Autonomous-Racing-Cars/ros_ws/install/arc_startup:/home/adam/Sensor-Fusion-And-Autonomous-Racing-Cars/ros_ws/install/arc_keyboard_control:/home/adam/Sensor-Fusion-And-Autonomous-Racing-Cars/ros_ws/install/arc_autonomous_ctrl:/opt/ros/foxy LD_LIBRARY_PATH=/home/adam/Sensor-Fusion-And-Autonomous-Racing-Cars/ros_ws/install/vesc_driver/lib:/home/adam/Sensor-Fusion-And-Autonomous-Racing-Cars/ros_ws/install/serial_driver/lib:/home/adam/Sensor-Fusion-And-Autonomous-Racing-Cars/ros_ws/install/vesc_ackermann/lib:/home/adam/Sensor-Fusion-And-Autonomous-Racing-Cars/ros_ws/install/io_context/lib:/home/adam/Sensor-Fusion-And-Autonomous-Racing-Cars/ros_ws/install/vesc_msgs/lib:/home/adam/Sensor-Fusion-And-Autonomous-Racing-Cars/ros_ws/install/v4l2_camera/lib:/home/adam/Sensor-Fusion-And-Autonomous-Racing-Cars/ros_ws/install/udp_driver/lib:/home/adam/Sensor-Fusion-And-Autonomous-Racing-Cars/ros_ws/install/theora_image_transport/lib:/home/adam/Sensor-Fusion-And-Autonomous-Racing-Cars/ros_ws/install/compressed_image_transport/lib:/home/adam/Sensor-Fusion-And-Autonomous-Racing-Cars/ros_ws/install/compressed_depth_image_transport/lib:/opt/ros/foxy/opt/yaml_cpp_vendor/lib:/opt/ros/foxy/opt/rviz_ogre_vendor/lib:/opt/ros/foxy/lib/aarch64-linux-gnu:/opt/ros/foxy/lib PYTHONPATH=/home/adam/Sensor-Fusion-And-Autonomous-Racing-Cars/ros_ws/install/vesc_msgs/lib/python3.8/site-packages:/home/adam/Sensor-Fusion-And-Autonomous-Racing-Cars/ros_ws/src/install/arc_autonomous_ctrl/lib/python3.8/site-packages:/home/adam/Sensor-Fusion-And-Autonomous-Racing-Cars/ros_ws/install/theora_image_transport/lib/python3.8/site-packages:/home/adam/Sensor-Fusion-And-Autonomous-Racing-Cars/ros_ws/install/steering_test_pkg/lib/python3.8/site-packages:/home/adam/Sensor-Fusion-And-Autonomous-Racing-Cars/ros_ws/install/servo_controller/lib/python3.8/site-packages:/home/adam/Sensor-Fusion-And-Autonomous-Racing-Cars/ros_ws/install/motor_controller/lib/python3.8/site-packages:/home/adam/Sensor-Fusion-And-Autonomous-Racing-Cars/ros_ws/install/camera_sensor/lib/python3.8/site-packages:/home/adam/Sensor-Fusion-And-Autonomous-Racing-Cars/ros_ws/install/arc_startup/lib/python3.8/site-packages:/home/adam/Sensor-Fusion-And-Autonomous-Racing-Cars/ros_ws/install/arc_keyboard_control/lib/python3.8/site-packages:/home/adam/Sensor-Fusion-And-Autonomous-Racing-Cars/ros_ws/install/arc_autonomous_ctrl/lib/python3.8/site-packages:/opt/ros/foxy/lib/python3.8/site-packages /usr/bin/cmake --build /home/adam/Sensor-Fusion-And-Autonomous-Racing-Cars/ros_ws/build/vesc -- -j4 -l4
[509.441s] DEBUG:colcon.colcon_core.event_handler.log_command:Invoking command in '/home/adam/Sensor-Fusion-And-Autonomous-Racing-Cars/ros_ws/build/vesc': CMAKE_PREFIX_PATH=/home/adam/Sensor-Fusion-And-Autonomous-Racing-Cars/ros_ws/install/vesc_driver:/home/adam/Sensor-Fusion-And-Autonomous-Racing-Cars/ros_ws/install/serial_driver:/home/adam/Sensor-Fusion-And-Autonomous-Racing-Cars/ros_ws/install/vesc_ackermann:/home/adam/Sensor-Fusion-And-Autonomous-Racing-Cars/ros_ws/install/io_context:/home/adam/Sensor-Fusion-And-Autonomous-Racing-Cars/ros_ws/install/vesc_msgs:/home/adam/Sensor-Fusion-And-Autonomous-Racing-Cars/ros_ws/install/vesc:/home/adam/Sensor-Fusion-And-Autonomous-Racing-Cars/ros_ws/install/v4l2_camera:/home/adam/Sensor-Fusion-And-Autonomous-Racing-Cars/ros_ws/install/udp_driver:/home/adam/Sensor-Fusion-And-Autonomous-Racing-Cars/ros_ws/install/image_transport_plugins:/home/adam/Sensor-Fusion-And-Autonomous-Racing-Cars/ros_ws/install/theora_image_transport:/home/adam/Sensor-Fusion-And-Autonomous-Racing-Cars/ros_ws/install/ldlidar_ros2:/home/adam/Sensor-Fusion-And-Autonomous-Racing-Cars/ros_ws/install/compressed_image_transport:/home/adam/Sensor-Fusion-And-Autonomous-Racing-Cars/ros_ws/install/compressed_depth_image_transport:/home/adam/Sensor-Fusion-And-Autonomous-Racing-Cars/ros_ws/install/asio_cmake_module:/home/adam/Sensor-Fusion-And-Autonomous-Racing-Cars/ros_ws/src/install/arc_autonomous_ctrl:/home/adam/Sensor-Fusion-And-Autonomous-Racing-Cars/ros_ws/install/steering_test_pkg:/home/adam/Sensor-Fusion-And-Autonomous-Racing-Cars/ros_ws/install/servo_controller:/home/adam/Sensor-Fusion-And-Autonomous-Racing-Cars/ros_ws/install/motor_controller:/home/adam/Sensor-Fusion-And-Autonomous-Racing-Cars/ros_ws/install/camera_sensor:/home/adam/Sensor-Fusion-And-Autonomous-Racing-Cars/ros_ws/install/arc_startup:/home/adam/Sensor-Fusion-And-Autonomous-Racing-Cars/ros_ws/install/arc_keyboard_control:/home/adam/Sensor-Fusion-And-Autonomous-Racing-Cars/ros_ws/install/arc_autonomous_ctrl:/opt/ros/foxy LD_LIBRARY_PATH=/home/adam/Sensor-Fusion-And-Autonomous-Racing-Cars/ros_ws/install/vesc_driver/lib:/home/adam/Sensor-Fusion-And-Autonomous-Racing-Cars/ros_ws/install/serial_driver/lib:/home/adam/Sensor-Fusion-And-Autonomous-Racing-Cars/ros_ws/install/vesc_ackermann/lib:/home/adam/Sensor-Fusion-And-Autonomous-Racing-Cars/ros_ws/install/io_context/lib:/home/adam/Sensor-Fusion-And-Autonomous-Racing-Cars/ros_ws/install/vesc_msgs/lib:/home/adam/Sensor-Fusion-And-Autonomous-Racing-Cars/ros_ws/install/v4l2_camera/lib:/home/adam/Sensor-Fusion-And-Autonomous-Racing-Cars/ros_ws/install/udp_driver/lib:/home/adam/Sensor-Fusion-And-Autonomous-Racing-Cars/ros_ws/install/theora_image_transport/lib:/home/adam/Sensor-Fusion-And-Autonomous-Racing-Cars/ros_ws/install/compressed_image_transport/lib:/home/adam/Sensor-Fusion-And-Autonomous-Racing-Cars/ros_ws/install/compressed_depth_image_transport/lib:/opt/ros/foxy/opt/yaml_cpp_vendor/lib:/opt/ros/foxy/opt/rviz_ogre_vendor/lib:/opt/ros/foxy/lib/aarch64-linux-gnu:/opt/ros/foxy/lib PYTHONPATH=/home/adam/Sensor-Fusion-And-Autonomous-Racing-Cars/ros_ws/install/vesc_msgs/lib/python3.8/site-packages:/home/adam/Sensor-Fusion-And-Autonomous-Racing-Cars/ros_ws/src/install/arc_autonomous_ctrl/lib/python3.8/site-packages:/home/adam/Sensor-Fusion-And-Autonomous-Racing-Cars/ros_ws/install/theora_image_transport/lib/python3.8/site-packages:/home/adam/Sensor-Fusion-And-Autonomous-Racing-Cars/ros_ws/install/steering_test_pkg/lib/python3.8/site-packages:/home/adam/Sensor-Fusion-And-Autonomous-Racing-Cars/ros_ws/install/servo_controller/lib/python3.8/site-packages:/home/adam/Sensor-Fusion-And-Autonomous-Racing-Cars/ros_ws/install/motor_controller/lib/python3.8/site-packages:/home/adam/Sensor-Fusion-And-Autonomous-Racing-Cars/ros_ws/install/camera_sensor/lib/python3.8/site-packages:/home/adam/Sensor-Fusion-And-Autonomous-Racing-Cars/ros_ws/install/arc_startup/lib/python3.8/site-packages:/home/adam/Sensor-Fusion-And-Autonomous-Racing-Cars/ros_ws/install/arc_keyboard_control/lib/python3.8/site-packages:/home/adam/Sensor-Fusion-And-Autonomous-Racing-Cars/ros_ws/install/arc_autonomous_ctrl/lib/python3.8/site-packages:/opt/ros/foxy/lib/python3.8/site-packages /usr/bin/cmake --install /home/adam/Sensor-Fusion-And-Autonomous-Racing-Cars/ros_ws/build/vesc
[509.603s] Level 1:colcon.colcon_core.environment:create_environment_scripts_only(vesc)
[509.640s] DEBUG:colcon.colcon_core.event_handler.log_command:Invoked command in '/home/adam/Sensor-Fusion-And-Autonomous-Racing-Cars/ros_ws/build/vesc' returned '0': CMAKE_PREFIX_PATH=/home/adam/Sensor-Fusion-And-Autonomous-Racing-Cars/ros_ws/install/vesc_driver:/home/adam/Sensor-Fusion-And-Autonomous-Racing-Cars/ros_ws/install/serial_driver:/home/adam/Sensor-Fusion-And-Autonomous-Racing-Cars/ros_ws/install/vesc_ackermann:/home/adam/Sensor-Fusion-And-Autonomous-Racing-Cars/ros_ws/install/io_context:/home/adam/Sensor-Fusion-And-Autonomous-Racing-Cars/ros_ws/install/vesc_msgs:/home/adam/Sensor-Fusion-And-Autonomous-Racing-Cars/ros_ws/install/vesc:/home/adam/Sensor-Fusion-And-Autonomous-Racing-Cars/ros_ws/install/v4l2_camera:/home/adam/Sensor-Fusion-And-Autonomous-Racing-Cars/ros_ws/install/udp_driver:/home/adam/Sensor-Fusion-And-Autonomous-Racing-Cars/ros_ws/install/image_transport_plugins:/home/adam/Sensor-Fusion-And-Autonomous-Racing-Cars/ros_ws/install/theora_image_transport:/home/adam/Sensor-Fusion-And-Autonomous-Racing-Cars/ros_ws/install/ldlidar_ros2:/home/adam/Sensor-Fusion-And-Autonomous-Racing-Cars/ros_ws/install/compressed_image_transport:/home/adam/Sensor-Fusion-And-Autonomous-Racing-Cars/ros_ws/install/compressed_depth_image_transport:/home/adam/Sensor-Fusion-And-Autonomous-Racing-Cars/ros_ws/install/asio_cmake_module:/home/adam/Sensor-Fusion-And-Autonomous-Racing-Cars/ros_ws/src/install/arc_autonomous_ctrl:/home/adam/Sensor-Fusion-And-Autonomous-Racing-Cars/ros_ws/install/steering_test_pkg:/home/adam/Sensor-Fusion-And-Autonomous-Racing-Cars/ros_ws/install/servo_controller:/home/adam/Sensor-Fusion-And-Autonomous-Racing-Cars/ros_ws/install/motor_controller:/home/adam/Sensor-Fusion-And-Autonomous-Racing-Cars/ros_ws/install/camera_sensor:/home/adam/Sensor-Fusion-And-Autonomous-Racing-Cars/ros_ws/install/arc_startup:/home/adam/Sensor-Fusion-And-Autonomous-Racing-Cars/ros_ws/install/arc_keyboard_control:/home/adam/Sensor-Fusion-And-Autonomous-Racing-Cars/ros_ws/install/arc_autonomous_ctrl:/opt/ros/foxy LD_LIBRARY_PATH=/home/adam/Sensor-Fusion-And-Autonomous-Racing-Cars/ros_ws/install/vesc_driver/lib:/home/adam/Sensor-Fusion-And-Autonomous-Racing-Cars/ros_ws/install/serial_driver/lib:/home/adam/Sensor-Fusion-And-Autonomous-Racing-Cars/ros_ws/install/vesc_ackermann/lib:/home/adam/Sensor-Fusion-And-Autonomous-Racing-Cars/ros_ws/install/io_context/lib:/home/adam/Sensor-Fusion-And-Autonomous-Racing-Cars/ros_ws/install/vesc_msgs/lib:/home/adam/Sensor-Fusion-And-Autonomous-Racing-Cars/ros_ws/install/v4l2_camera/lib:/home/adam/Sensor-Fusion-And-Autonomous-Racing-Cars/ros_ws/install/udp_driver/lib:/home/adam/Sensor-Fusion-And-Autonomous-Racing-Cars/ros_ws/install/theora_image_transport/lib:/home/adam/Sensor-Fusion-And-Autonomous-Racing-Cars/ros_ws/install/compressed_image_transport/lib:/home/adam/Sensor-Fusion-And-Autonomous-Racing-Cars/ros_ws/install/compressed_depth_image_transport/lib:/opt/ros/foxy/opt/yaml_cpp_vendor/lib:/opt/ros/foxy/opt/rviz_ogre_vendor/lib:/opt/ros/foxy/lib/aarch64-linux-gnu:/opt/ros/foxy/lib PYTHONPATH=/home/adam/Sensor-Fusion-And-Autonomous-Racing-Cars/ros_ws/install/vesc_msgs/lib/python3.8/site-packages:/home/adam/Sensor-Fusion-And-Autonomous-Racing-Cars/ros_ws/src/install/arc_autonomous_ctrl/lib/python3.8/site-packages:/home/adam/Sensor-Fusion-And-Autonomous-Racing-Cars/ros_ws/install/theora_image_transport/lib/python3.8/site-packages:/home/adam/Sensor-Fusion-And-Autonomous-Racing-Cars/ros_ws/install/steering_test_pkg/lib/python3.8/site-packages:/home/adam/Sensor-Fusion-And-Autonomous-Racing-Cars/ros_ws/install/servo_controller/lib/python3.8/site-packages:/home/adam/Sensor-Fusion-And-Autonomous-Racing-Cars/ros_ws/install/motor_controller/lib/python3.8/site-packages:/home/adam/Sensor-Fusion-And-Autonomous-Racing-Cars/ros_ws/install/camera_sensor/lib/python3.8/site-packages:/home/adam/Sensor-Fusion-And-Autonomous-Racing-Cars/ros_ws/install/arc_startup/lib/python3.8/site-packages:/home/adam/Sensor-Fusion-And-Autonomous-Racing-Cars/ros_ws/install/arc_keyboard_control/lib/python3.8/site-packages:/home/adam/Sensor-Fusion-And-Autonomous-Racing-Cars/ros_ws/install/arc_autonomous_ctrl/lib/python3.8/site-packages:/opt/ros/foxy/lib/python3.8/site-packages /usr/bin/cmake --install /home/adam/Sensor-Fusion-And-Autonomous-Racing-Cars/ros_ws/build/vesc
[509.910s] Level 1:colcon.colcon_core.environment:checking '/home/adam/Sensor-Fusion-And-Autonomous-Racing-Cars/ros_ws/install/vesc' for CMake module files
[509.913s] Level 1:colcon.colcon_core.environment:checking '/home/adam/Sensor-Fusion-And-Autonomous-Racing-Cars/ros_ws/install/vesc' for CMake config files
[509.914s] Level 1:colcon.colcon_core.shell:create_environment_hook('vesc', 'cmake_prefix_path')
[510.192s] INFO:colcon.colcon_core.shell:Creating environment hook '/home/adam/Sensor-Fusion-And-Autonomous-Racing-Cars/ros_ws/install/vesc/share/vesc/hook/cmake_prefix_path.ps1'
[510.195s] INFO:colcon.colcon_core.shell:Creating environment descriptor '/home/adam/Sensor-Fusion-And-Autonomous-Racing-Cars/ros_ws/install/vesc/share/vesc/hook/cmake_prefix_path.dsv'
[510.197s] INFO:colcon.colcon_core.shell:Creating environment hook '/home/adam/Sensor-Fusion-And-Autonomous-Racing-Cars/ros_ws/install/vesc/share/vesc/hook/cmake_prefix_path.sh'
[510.200s] Level 1:colcon.colcon_core.environment:checking '/home/adam/Sensor-Fusion-And-Autonomous-Racing-Cars/ros_ws/install/vesc/bin'
[510.200s] Level 1:colcon.colcon_core.environment:checking '/home/adam/Sensor-Fusion-And-Autonomous-Racing-Cars/ros_ws/install/vesc/lib/pkgconfig/vesc.pc'
[510.201s] Level 1:colcon.colcon_core.environment:checking '/home/adam/Sensor-Fusion-And-Autonomous-Racing-Cars/ros_ws/install/vesc/lib/python3.8/site-packages'
[510.202s] Level 1:colcon.colcon_core.environment:checking '/home/adam/Sensor-Fusion-And-Autonomous-Racing-Cars/ros_ws/install/vesc/bin'
[510.472s] INFO:colcon.colcon_core.shell:Creating package script '/home/adam/Sensor-Fusion-And-Autonomous-Racing-Cars/ros_ws/install/vesc/share/vesc/package.ps1'
[510.474s] INFO:colcon.colcon_core.shell:Creating package descriptor '/home/adam/Sensor-Fusion-And-Autonomous-Racing-Cars/ros_ws/install/vesc/share/vesc/package.dsv'
[510.476s] INFO:colcon.colcon_core.shell:Creating package script '/home/adam/Sensor-Fusion-And-Autonomous-Racing-Cars/ros_ws/install/vesc/share/vesc/package.sh'
[510.479s] INFO:colcon.colcon_core.shell:Creating package script '/home/adam/Sensor-Fusion-And-Autonomous-Racing-Cars/ros_ws/install/vesc/share/vesc/package.bash'
[510.481s] INFO:colcon.colcon_core.shell:Creating package script '/home/adam/Sensor-Fusion-And-Autonomous-Racing-Cars/ros_ws/install/vesc/share/vesc/package.zsh'
[510.484s] Level 1:colcon.colcon_core.environment:create_file_with_runtime_dependencies(/home/adam/Sensor-Fusion-And-Autonomous-Racing-Cars/ros_ws/install/vesc/share/colcon-core/packages/vesc)
[510.988s] Level 1:colcon.colcon_core.environment:create_environment_scripts_only(vesc)
[511.303s] Level 1:colcon.colcon_core.environment:checking '/home/adam/Sensor-Fusion-And-Autonomous-Racing-Cars/ros_ws/install/vesc' for CMake module files
[511.306s] Level 1:colcon.colcon_core.environment:checking '/home/adam/Sensor-Fusion-And-Autonomous-Racing-Cars/ros_ws/install/vesc' for CMake config files
[511.308s] Level 1:colcon.colcon_core.shell:create_environment_hook('vesc', 'cmake_prefix_path')
[511.639s] INFO:colcon.colcon_core.shell:Creating environment hook '/home/adam/Sensor-Fusion-And-Autonomous-Racing-Cars/ros_ws/install/vesc/share/vesc/hook/cmake_prefix_path.ps1'
[511.642s] INFO:colcon.colcon_core.shell:Creating environment descriptor '/home/adam/Sensor-Fusion-And-Autonomous-Racing-Cars/ros_ws/install/vesc/share/vesc/hook/cmake_prefix_path.dsv'
[511.644s] INFO:colcon.colcon_core.shell:Creating environment hook '/home/adam/Sensor-Fusion-And-Autonomous-Racing-Cars/ros_ws/install/vesc/share/vesc/hook/cmake_prefix_path.sh'
[511.648s] Level 1:colcon.colcon_core.environment:checking '/home/adam/Sensor-Fusion-And-Autonomous-Racing-Cars/ros_ws/install/vesc/bin'
[511.648s] Level 1:colcon.colcon_core.environment:checking '/home/adam/Sensor-Fusion-And-Autonomous-Racing-Cars/ros_ws/install/vesc/lib/pkgconfig/vesc.pc'
[511.650s] Level 1:colcon.colcon_core.environment:checking '/home/adam/Sensor-Fusion-And-Autonomous-Racing-Cars/ros_ws/install/vesc/lib/python3.8/site-packages'
[511.651s] Level 1:colcon.colcon_core.environment:checking '/home/adam/Sensor-Fusion-And-Autonomous-Racing-Cars/ros_ws/install/vesc/bin'
[511.975s] INFO:colcon.colcon_core.shell:Creating package script '/home/adam/Sensor-Fusion-And-Autonomous-Racing-Cars/ros_ws/install/vesc/share/vesc/package.ps1'
[511.977s] INFO:colcon.colcon_core.shell:Creating package descriptor '/home/adam/Sensor-Fusion-And-Autonomous-Racing-Cars/ros_ws/install/vesc/share/vesc/package.dsv'
[511.981s] INFO:colcon.colcon_core.shell:Creating package script '/home/adam/Sensor-Fusion-And-Autonomous-Racing-Cars/ros_ws/install/vesc/share/vesc/package.sh'
[511.984s] INFO:colcon.colcon_core.shell:Creating package script '/home/adam/Sensor-Fusion-And-Autonomous-Racing-Cars/ros_ws/install/vesc/share/vesc/package.bash'
[511.986s] INFO:colcon.colcon_core.shell:Creating package script '/home/adam/Sensor-Fusion-And-Autonomous-Racing-Cars/ros_ws/install/vesc/share/vesc/package.zsh'
[511.989s] Level 1:colcon.colcon_core.environment:create_file_with_runtime_dependencies(/home/adam/Sensor-Fusion-And-Autonomous-Racing-Cars/ros_ws/install/vesc/share/colcon-core/packages/vesc)
[592.647s] DEBUG:colcon.colcon_core.event_handler.log_command:Invoked command in '/home/adam/Sensor-Fusion-And-Autonomous-Racing-Cars/ros_ws/build/udp_driver' returned '0': CMAKE_PREFIX_PATH=/home/adam/Sensor-Fusion-And-Autonomous-Racing-Cars/ros_ws/install/io_context:/home/adam/Sensor-Fusion-And-Autonomous-Racing-Cars/ros_ws/install/asio_cmake_module:/home/adam/Sensor-Fusion-And-Autonomous-Racing-Cars/ros_ws/install/vesc:/home/adam/Sensor-Fusion-And-Autonomous-Racing-Cars/ros_ws/install/vesc_driver:/home/adam/Sensor-Fusion-And-Autonomous-Racing-Cars/ros_ws/install/vesc_ackermann:/home/adam/Sensor-Fusion-And-Autonomous-Racing-Cars/ros_ws/install/vesc_msgs:/home/adam/Sensor-Fusion-And-Autonomous-Racing-Cars/ros_ws/install/v4l2_camera:/home/adam/Sensor-Fusion-And-Autonomous-Racing-Cars/ros_ws/install/udp_driver:/home/adam/Sensor-Fusion-And-Autonomous-Racing-Cars/ros_ws/install/image_transport_plugins:/home/adam/Sensor-Fusion-And-Autonomous-Racing-Cars/ros_ws/install/theora_image_transport:/home/adam/Sensor-Fusion-And-Autonomous-Racing-Cars/ros_ws/install/serial_driver:/home/adam/Sensor-Fusion-And-Autonomous-Racing-Cars/ros_ws/install/ldlidar_ros2:/home/adam/Sensor-Fusion-And-Autonomous-Racing-Cars/ros_ws/install/compressed_image_transport:/home/adam/Sensor-Fusion-And-Autonomous-Racing-Cars/ros_ws/install/compressed_depth_image_transport:/home/adam/Sensor-Fusion-And-Autonomous-Racing-Cars/ros_ws/src/install/arc_autonomous_ctrl:/home/adam/Sensor-Fusion-And-Autonomous-Racing-Cars/ros_ws/install/steering_test_pkg:/home/adam/Sensor-Fusion-And-Autonomous-Racing-Cars/ros_ws/install/servo_controller:/home/adam/Sensor-Fusion-And-Autonomous-Racing-Cars/ros_ws/install/motor_controller:/home/adam/Sensor-Fusion-And-Autonomous-Racing-Cars/ros_ws/install/camera_sensor:/home/adam/Sensor-Fusion-And-Autonomous-Racing-Cars/ros_ws/install/arc_startup:/home/adam/Sensor-Fusion-And-Autonomous-Racing-Cars/ros_ws/install/arc_keyboard_control:/home/adam/Sensor-Fusion-And-Autonomous-Racing-Cars/ros_ws/install/arc_autonomous_ctrl:/opt/ros/foxy LD_LIBRARY_PATH=/home/adam/Sensor-Fusion-And-Autonomous-Racing-Cars/ros_ws/install/io_context/lib:/home/adam/Sensor-Fusion-And-Autonomous-Racing-Cars/ros_ws/install/vesc_driver/lib:/home/adam/Sensor-Fusion-And-Autonomous-Racing-Cars/ros_ws/install/vesc_ackermann/lib:/home/adam/Sensor-Fusion-And-Autonomous-Racing-Cars/ros_ws/install/vesc_msgs/lib:/home/adam/Sensor-Fusion-And-Autonomous-Racing-Cars/ros_ws/install/v4l2_camera/lib:/home/adam/Sensor-Fusion-And-Autonomous-Racing-Cars/ros_ws/install/udp_driver/lib:/home/adam/Sensor-Fusion-And-Autonomous-Racing-Cars/ros_ws/install/theora_image_transport/lib:/home/adam/Sensor-Fusion-And-Autonomous-Racing-Cars/ros_ws/install/serial_driver/lib:/home/adam/Sensor-Fusion-And-Autonomous-Racing-Cars/ros_ws/install/compressed_image_transport/lib:/home/adam/Sensor-Fusion-And-Autonomous-Racing-Cars/ros_ws/install/compressed_depth_image_transport/lib:/opt/ros/foxy/opt/yaml_cpp_vendor/lib:/opt/ros/foxy/opt/rviz_ogre_vendor/lib:/opt/ros/foxy/lib/aarch64-linux-gnu:/opt/ros/foxy/lib /usr/bin/cmake --build /home/adam/Sensor-Fusion-And-Autonomous-Racing-Cars/ros_ws/build/udp_driver -- -j4 -l4
[593.145s] DEBUG:colcon.colcon_core.event_handler.log_command:Invoking command in '/home/adam/Sensor-Fusion-And-Autonomous-Racing-Cars/ros_ws/build/udp_driver': CMAKE_PREFIX_PATH=/home/adam/Sensor-Fusion-And-Autonomous-Racing-Cars/ros_ws/install/io_context:/home/adam/Sensor-Fusion-And-Autonomous-Racing-Cars/ros_ws/install/asio_cmake_module:/home/adam/Sensor-Fusion-And-Autonomous-Racing-Cars/ros_ws/install/vesc:/home/adam/Sensor-Fusion-And-Autonomous-Racing-Cars/ros_ws/install/vesc_driver:/home/adam/Sensor-Fusion-And-Autonomous-Racing-Cars/ros_ws/install/vesc_ackermann:/home/adam/Sensor-Fusion-And-Autonomous-Racing-Cars/ros_ws/install/vesc_msgs:/home/adam/Sensor-Fusion-And-Autonomous-Racing-Cars/ros_ws/install/v4l2_camera:/home/adam/Sensor-Fusion-And-Autonomous-Racing-Cars/ros_ws/install/udp_driver:/home/adam/Sensor-Fusion-And-Autonomous-Racing-Cars/ros_ws/install/image_transport_plugins:/home/adam/Sensor-Fusion-And-Autonomous-Racing-Cars/ros_ws/install/theora_image_transport:/home/adam/Sensor-Fusion-And-Autonomous-Racing-Cars/ros_ws/install/serial_driver:/home/adam/Sensor-Fusion-And-Autonomous-Racing-Cars/ros_ws/install/ldlidar_ros2:/home/adam/Sensor-Fusion-And-Autonomous-Racing-Cars/ros_ws/install/compressed_image_transport:/home/adam/Sensor-Fusion-And-Autonomous-Racing-Cars/ros_ws/install/compressed_depth_image_transport:/home/adam/Sensor-Fusion-And-Autonomous-Racing-Cars/ros_ws/src/install/arc_autonomous_ctrl:/home/adam/Sensor-Fusion-And-Autonomous-Racing-Cars/ros_ws/install/steering_test_pkg:/home/adam/Sensor-Fusion-And-Autonomous-Racing-Cars/ros_ws/install/servo_controller:/home/adam/Sensor-Fusion-And-Autonomous-Racing-Cars/ros_ws/install/motor_controller:/home/adam/Sensor-Fusion-And-Autonomous-Racing-Cars/ros_ws/install/camera_sensor:/home/adam/Sensor-Fusion-And-Autonomous-Racing-Cars/ros_ws/install/arc_startup:/home/adam/Sensor-Fusion-And-Autonomous-Racing-Cars/ros_ws/install/arc_keyboard_control:/home/adam/Sensor-Fusion-And-Autonomous-Racing-Cars/ros_ws/install/arc_autonomous_ctrl:/opt/ros/foxy LD_LIBRARY_PATH=/home/adam/Sensor-Fusion-And-Autonomous-Racing-Cars/ros_ws/install/io_context/lib:/home/adam/Sensor-Fusion-And-Autonomous-Racing-Cars/ros_ws/install/vesc_driver/lib:/home/adam/Sensor-Fusion-And-Autonomous-Racing-Cars/ros_ws/install/vesc_ackermann/lib:/home/adam/Sensor-Fusion-And-Autonomous-Racing-Cars/ros_ws/install/vesc_msgs/lib:/home/adam/Sensor-Fusion-And-Autonomous-Racing-Cars/ros_ws/install/v4l2_camera/lib:/home/adam/Sensor-Fusion-And-Autonomous-Racing-Cars/ros_ws/install/udp_driver/lib:/home/adam/Sensor-Fusion-And-Autonomous-Racing-Cars/ros_ws/install/theora_image_transport/lib:/home/adam/Sensor-Fusion-And-Autonomous-Racing-Cars/ros_ws/install/serial_driver/lib:/home/adam/Sensor-Fusion-And-Autonomous-Racing-Cars/ros_ws/install/compressed_image_transport/lib:/home/adam/Sensor-Fusion-And-Autonomous-Racing-Cars/ros_ws/install/compressed_depth_image_transport/lib:/opt/ros/foxy/opt/yaml_cpp_vendor/lib:/opt/ros/foxy/opt/rviz_ogre_vendor/lib:/opt/ros/foxy/lib/aarch64-linux-gnu:/opt/ros/foxy/lib /usr/bin/cmake --install /home/adam/Sensor-Fusion-And-Autonomous-Racing-Cars/ros_ws/build/udp_driver
[593.280s] Level 1:colcon.colcon_core.environment:create_environment_scripts_only(udp_driver)
[593.286s] DEBUG:colcon.colcon_core.event_handler.log_command:Invoked command in '/home/adam/Sensor-Fusion-And-Autonomous-Racing-Cars/ros_ws/build/udp_driver' returned '0': CMAKE_PREFIX_PATH=/home/adam/Sensor-Fusion-And-Autonomous-Racing-Cars/ros_ws/install/io_context:/home/adam/Sensor-Fusion-And-Autonomous-Racing-Cars/ros_ws/install/asio_cmake_module:/home/adam/Sensor-Fusion-And-Autonomous-Racing-Cars/ros_ws/install/vesc:/home/adam/Sensor-Fusion-And-Autonomous-Racing-Cars/ros_ws/install/vesc_driver:/home/adam/Sensor-Fusion-And-Autonomous-Racing-Cars/ros_ws/install/vesc_ackermann:/home/adam/Sensor-Fusion-And-Autonomous-Racing-Cars/ros_ws/install/vesc_msgs:/home/adam/Sensor-Fusion-And-Autonomous-Racing-Cars/ros_ws/install/v4l2_camera:/home/adam/Sensor-Fusion-And-Autonomous-Racing-Cars/ros_ws/install/udp_driver:/home/adam/Sensor-Fusion-And-Autonomous-Racing-Cars/ros_ws/install/image_transport_plugins:/home/adam/Sensor-Fusion-And-Autonomous-Racing-Cars/ros_ws/install/theora_image_transport:/home/adam/Sensor-Fusion-And-Autonomous-Racing-Cars/ros_ws/install/serial_driver:/home/adam/Sensor-Fusion-And-Autonomous-Racing-Cars/ros_ws/install/ldlidar_ros2:/home/adam/Sensor-Fusion-And-Autonomous-Racing-Cars/ros_ws/install/compressed_image_transport:/home/adam/Sensor-Fusion-And-Autonomous-Racing-Cars/ros_ws/install/compressed_depth_image_transport:/home/adam/Sensor-Fusion-And-Autonomous-Racing-Cars/ros_ws/src/install/arc_autonomous_ctrl:/home/adam/Sensor-Fusion-And-Autonomous-Racing-Cars/ros_ws/install/steering_test_pkg:/home/adam/Sensor-Fusion-And-Autonomous-Racing-Cars/ros_ws/install/servo_controller:/home/adam/Sensor-Fusion-And-Autonomous-Racing-Cars/ros_ws/install/motor_controller:/home/adam/Sensor-Fusion-And-Autonomous-Racing-Cars/ros_ws/install/camera_sensor:/home/adam/Sensor-Fusion-And-Autonomous-Racing-Cars/ros_ws/install/arc_startup:/home/adam/Sensor-Fusion-And-Autonomous-Racing-Cars/ros_ws/install/arc_keyboard_control:/home/adam/Sensor-Fusion-And-Autonomous-Racing-Cars/ros_ws/install/arc_autonomous_ctrl:/opt/ros/foxy LD_LIBRARY_PATH=/home/adam/Sensor-Fusion-And-Autonomous-Racing-Cars/ros_ws/install/io_context/lib:/home/adam/Sensor-Fusion-And-Autonomous-Racing-Cars/ros_ws/install/vesc_driver/lib:/home/adam/Sensor-Fusion-And-Autonomous-Racing-Cars/ros_ws/install/vesc_ackermann/lib:/home/adam/Sensor-Fusion-And-Autonomous-Racing-Cars/ros_ws/install/vesc_msgs/lib:/home/adam/Sensor-Fusion-And-Autonomous-Racing-Cars/ros_ws/install/v4l2_camera/lib:/home/adam/Sensor-Fusion-And-Autonomous-Racing-Cars/ros_ws/install/udp_driver/lib:/home/adam/Sensor-Fusion-And-Autonomous-Racing-Cars/ros_ws/install/theora_image_transport/lib:/home/adam/Sensor-Fusion-And-Autonomous-Racing-Cars/ros_ws/install/serial_driver/lib:/home/adam/Sensor-Fusion-And-Autonomous-Racing-Cars/ros_ws/install/compressed_image_transport/lib:/home/adam/Sensor-Fusion-And-Autonomous-Racing-Cars/ros_ws/install/compressed_depth_image_transport/lib:/opt/ros/foxy/opt/yaml_cpp_vendor/lib:/opt/ros/foxy/opt/rviz_ogre_vendor/lib:/opt/ros/foxy/lib/aarch64-linux-gnu:/opt/ros/foxy/lib /usr/bin/cmake --install /home/adam/Sensor-Fusion-And-Autonomous-Racing-Cars/ros_ws/build/udp_driver
[593.502s] Level 1:colcon.colcon_core.environment:checking '/home/adam/Sensor-Fusion-And-Autonomous-Racing-Cars/ros_ws/install/udp_driver' for CMake module files
[593.505s] Level 1:colcon.colcon_core.environment:checking '/home/adam/Sensor-Fusion-And-Autonomous-Racing-Cars/ros_ws/install/udp_driver' for CMake config files
[593.507s] Level 1:colcon.colcon_core.shell:create_environment_hook('udp_driver', 'cmake_prefix_path')
[593.724s] INFO:colcon.colcon_core.shell:Creating environment hook '/home/adam/Sensor-Fusion-And-Autonomous-Racing-Cars/ros_ws/install/udp_driver/share/udp_driver/hook/cmake_prefix_path.ps1'
[593.726s] INFO:colcon.colcon_core.shell:Creating environment descriptor '/home/adam/Sensor-Fusion-And-Autonomous-Racing-Cars/ros_ws/install/udp_driver/share/udp_driver/hook/cmake_prefix_path.dsv'
[593.728s] INFO:colcon.colcon_core.shell:Creating environment hook '/home/adam/Sensor-Fusion-And-Autonomous-Racing-Cars/ros_ws/install/udp_driver/share/udp_driver/hook/cmake_prefix_path.sh'
[593.730s] Level 1:colcon.colcon_core.environment:checking '/home/adam/Sensor-Fusion-And-Autonomous-Racing-Cars/ros_ws/install/udp_driver/lib'
[593.731s] Level 1:colcon.colcon_core.shell:create_environment_hook('udp_driver', 'ld_library_path_lib')
[593.947s] INFO:colcon.colcon_core.shell:Creating environment hook '/home/adam/Sensor-Fusion-And-Autonomous-Racing-Cars/ros_ws/install/udp_driver/share/udp_driver/hook/ld_library_path_lib.ps1'
[593.950s] INFO:colcon.colcon_core.shell:Creating environment descriptor '/home/adam/Sensor-Fusion-And-Autonomous-Racing-Cars/ros_ws/install/udp_driver/share/udp_driver/hook/ld_library_path_lib.dsv'
[593.952s] INFO:colcon.colcon_core.shell:Creating environment hook '/home/adam/Sensor-Fusion-And-Autonomous-Racing-Cars/ros_ws/install/udp_driver/share/udp_driver/hook/ld_library_path_lib.sh'
[593.953s] Level 1:colcon.colcon_core.environment:checking '/home/adam/Sensor-Fusion-And-Autonomous-Racing-Cars/ros_ws/install/udp_driver/bin'
[593.954s] Level 1:colcon.colcon_core.environment:checking '/home/adam/Sensor-Fusion-And-Autonomous-Racing-Cars/ros_ws/install/udp_driver/lib/pkgconfig/udp_driver.pc'
[593.955s] Level 1:colcon.colcon_core.environment:checking '/home/adam/Sensor-Fusion-And-Autonomous-Racing-Cars/ros_ws/install/udp_driver/lib/python3.8/site-packages'
[593.956s] Level 1:colcon.colcon_core.environment:checking '/home/adam/Sensor-Fusion-And-Autonomous-Racing-Cars/ros_ws/install/udp_driver/bin'
[594.185s] INFO:colcon.colcon_core.shell:Creating package script '/home/adam/Sensor-Fusion-And-Autonomous-Racing-Cars/ros_ws/install/udp_driver/share/udp_driver/package.ps1'
[594.188s] INFO:colcon.colcon_core.shell:Creating package descriptor '/home/adam/Sensor-Fusion-And-Autonomous-Racing-Cars/ros_ws/install/udp_driver/share/udp_driver/package.dsv'
[594.190s] INFO:colcon.colcon_core.shell:Creating package script '/home/adam/Sensor-Fusion-And-Autonomous-Racing-Cars/ros_ws/install/udp_driver/share/udp_driver/package.sh'
[594.193s] INFO:colcon.colcon_core.shell:Creating package script '/home/adam/Sensor-Fusion-And-Autonomous-Racing-Cars/ros_ws/install/udp_driver/share/udp_driver/package.bash'
[594.194s] INFO:colcon.colcon_core.shell:Creating package script '/home/adam/Sensor-Fusion-And-Autonomous-Racing-Cars/ros_ws/install/udp_driver/share/udp_driver/package.zsh'
[594.196s] Level 1:colcon.colcon_core.environment:create_file_with_runtime_dependencies(/home/adam/Sensor-Fusion-And-Autonomous-Racing-Cars/ros_ws/install/udp_driver/share/colcon-core/packages/udp_driver)
[594.899s] Level 1:colcon.colcon_core.environment:create_environment_scripts_only(udp_driver)
[595.118s] Level 1:colcon.colcon_core.environment:checking '/home/adam/Sensor-Fusion-And-Autonomous-Racing-Cars/ros_ws/install/udp_driver' for CMake module files
[595.121s] Level 1:colcon.colcon_core.environment:checking '/home/adam/Sensor-Fusion-And-Autonomous-Racing-Cars/ros_ws/install/udp_driver' for CMake config files
[595.123s] Level 1:colcon.colcon_core.shell:create_environment_hook('udp_driver', 'cmake_prefix_path')
[595.341s] INFO:colcon.colcon_core.shell:Creating environment hook '/home/adam/Sensor-Fusion-And-Autonomous-Racing-Cars/ros_ws/install/udp_driver/share/udp_driver/hook/cmake_prefix_path.ps1'
[595.344s] INFO:colcon.colcon_core.shell:Creating environment descriptor '/home/adam/Sensor-Fusion-And-Autonomous-Racing-Cars/ros_ws/install/udp_driver/share/udp_driver/hook/cmake_prefix_path.dsv'
[595.346s] INFO:colcon.colcon_core.shell:Creating environment hook '/home/adam/Sensor-Fusion-And-Autonomous-Racing-Cars/ros_ws/install/udp_driver/share/udp_driver/hook/cmake_prefix_path.sh'
[595.349s] Level 1:colcon.colcon_core.environment:checking '/home/adam/Sensor-Fusion-And-Autonomous-Racing-Cars/ros_ws/install/udp_driver/lib'
[595.350s] Level 1:colcon.colcon_core.shell:create_environment_hook('udp_driver', 'ld_library_path_lib')
[595.581s] INFO:colcon.colcon_core.shell:Creating environment hook '/home/adam/Sensor-Fusion-And-Autonomous-Racing-Cars/ros_ws/install/udp_driver/share/udp_driver/hook/ld_library_path_lib.ps1'
[595.583s] INFO:colcon.colcon_core.shell:Creating environment descriptor '/home/adam/Sensor-Fusion-And-Autonomous-Racing-Cars/ros_ws/install/udp_driver/share/udp_driver/hook/ld_library_path_lib.dsv'
[595.586s] INFO:colcon.colcon_core.shell:Creating environment hook '/home/adam/Sensor-Fusion-And-Autonomous-Racing-Cars/ros_ws/install/udp_driver/share/udp_driver/hook/ld_library_path_lib.sh'
[595.588s] Level 1:colcon.colcon_core.environment:checking '/home/adam/Sensor-Fusion-And-Autonomous-Racing-Cars/ros_ws/install/udp_driver/bin'
[595.588s] Level 1:colcon.colcon_core.environment:checking '/home/adam/Sensor-Fusion-And-Autonomous-Racing-Cars/ros_ws/install/udp_driver/lib/pkgconfig/udp_driver.pc'
[595.589s] Level 1:colcon.colcon_core.environment:checking '/home/adam/Sensor-Fusion-And-Autonomous-Racing-Cars/ros_ws/install/udp_driver/lib/python3.8/site-packages'
[595.590s] Level 1:colcon.colcon_core.environment:checking '/home/adam/Sensor-Fusion-And-Autonomous-Racing-Cars/ros_ws/install/udp_driver/bin'
[595.859s] INFO:colcon.colcon_core.shell:Creating package script '/home/adam/Sensor-Fusion-And-Autonomous-Racing-Cars/ros_ws/install/udp_driver/share/udp_driver/package.ps1'
[595.862s] INFO:colcon.colcon_core.shell:Creating package descriptor '/home/adam/Sensor-Fusion-And-Autonomous-Racing-Cars/ros_ws/install/udp_driver/share/udp_driver/package.dsv'
[595.865s] INFO:colcon.colcon_core.shell:Creating package script '/home/adam/Sensor-Fusion-And-Autonomous-Racing-Cars/ros_ws/install/udp_driver/share/udp_driver/package.sh'
[595.867s] INFO:colcon.colcon_core.shell:Creating package script '/home/adam/Sensor-Fusion-And-Autonomous-Racing-Cars/ros_ws/install/udp_driver/share/udp_driver/package.bash'
[595.869s] INFO:colcon.colcon_core.shell:Creating package script '/home/adam/Sensor-Fusion-And-Autonomous-Racing-Cars/ros_ws/install/udp_driver/share/udp_driver/package.zsh'
[595.871s] Level 1:colcon.colcon_core.environment:create_file_with_runtime_dependencies(/home/adam/Sensor-Fusion-And-Autonomous-Racing-Cars/ros_ws/install/udp_driver/share/colcon-core/packages/udp_driver)
[595.873s] DEBUG:colcon.colcon_parallel_executor.executor.parallel:closing loop
[595.874s] DEBUG:colcon.colcon_parallel_executor.executor.parallel:loop closed
[595.875s] DEBUG:colcon.colcon_parallel_executor.executor.parallel:run_until_complete finished with '0'
[595.876s] DEBUG:colcon.colcon_core.event_reactor:joining thread
[596.107s] INFO:colcon.colcon_core.plugin_system:Skipping extension 'colcon_notification.desktop_notification.terminal_notifier': Not used on non-Darwin systems
[596.108s] INFO:colcon.colcon_core.plugin_system:Skipping extension 'colcon_notification.desktop_notification.win32': Not used on non-Windows systems
[596.108s] INFO:colcon.colcon_notification.desktop_notification:Sending desktop notification using 'notify2'
[596.113s] DEBUG:colcon.colcon_notification.desktop_notification.notify2:Failed to initialize notify2: org.freedesktop.DBus.Error.ServiceUnknown: The name org.freedesktop.Notifications was not provided by any .service files
[596.113s] DEBUG:colcon.colcon_core.event_reactor:joined thread
[596.325s] INFO:colcon.colcon_core.shell:Creating prefix script '/home/adam/Sensor-Fusion-And-Autonomous-Racing-Cars/ros_ws/install/local_setup.ps1'
[596.329s] INFO:colcon.colcon_core.shell:Creating prefix util module '/home/adam/Sensor-Fusion-And-Autonomous-Racing-Cars/ros_ws/install/_local_setup_util_ps1.py'
[596.334s] INFO:colcon.colcon_core.shell:Creating prefix chain script '/home/adam/Sensor-Fusion-And-Autonomous-Racing-Cars/ros_ws/install/setup.ps1'
[596.547s] INFO:colcon.colcon_core.shell:Creating prefix script '/home/adam/Sensor-Fusion-And-Autonomous-Racing-Cars/ros_ws/install/local_setup.sh'
[596.551s] INFO:colcon.colcon_core.shell:Creating prefix util module '/home/adam/Sensor-Fusion-And-Autonomous-Racing-Cars/ros_ws/install/_local_setup_util_sh.py'
[596.553s] INFO:colcon.colcon_core.shell:Creating prefix chain script '/home/adam/Sensor-Fusion-And-Autonomous-Racing-Cars/ros_ws/install/setup.sh'
[596.772s] INFO:colcon.colcon_core.shell:Creating prefix script '/home/adam/Sensor-Fusion-And-Autonomous-Racing-Cars/ros_ws/install/local_setup.bash'
[596.774s] INFO:colcon.colcon_core.shell:Creating prefix chain script '/home/adam/Sensor-Fusion-And-Autonomous-Racing-Cars/ros_ws/install/setup.bash'
[596.991s] INFO:colcon.colcon_core.shell:Creating prefix script '/home/adam/Sensor-Fusion-And-Autonomous-Racing-Cars/ros_ws/install/local_setup.zsh'
[596.993s] INFO:colcon.colcon_core.shell:Creating prefix chain script '/home/adam/Sensor-Fusion-And-Autonomous-Racing-Cars/ros_ws/install/setup.zsh'
